kept	deleted	size
/mnt/backups/AI/ComfyUI/models/diffusion_models/Wan21-OneToAllAnimation_fp16.safetensors	/mnt/backups/AI/Wan21-OneToAllAnimation_fp16.safetensors	37564230376
/mnt/backups/Games/Roms/Core_Roms/wii/Metroid Prime Trilogy (USA).rvz	/mnt/backups/Games/Roms/handheldbackup/RGBackup/Roms/wii/Metroid Prime Trilogy (USA).rvz	7142274304
/mnt/backups/Games/Roms/Core_Roms/wii/Metroid Prime Trilogy (USA).rvz	/mnt/backups/Games/Roms/handheldbackup/emugames/Roms/wii/Metroid Prime Trilogy (USA).rvz	7142274304
/mnt/backups/Games/Roms/Core_Roms/ps2/Shin Megami Tensei - Persona 3 FES (USA).iso	/mnt/backups/Games/Roms/handheldbackup/RGBackup/Roms/ps2/Shin Megami Tensei - Persona 3 FES (USA).iso	4594302976
/mnt/backups/Games/Roms/Core_Roms/ps2/Shin Megami Tensei - Persona 3 FES (USA).iso	/mnt/backups/Games/Roms/handheldbackup/emugames/Roms/ps2/Shin Megami Tensei - Persona 3 FES (USA).iso	4594302976
/mnt/backups/Games/Roms/Core_Roms/wii/Metroid Prime 3 - Corruption (USA).rvz	/mnt/backups/Games/Roms/handheldbackup/RGBackup/Roms/wii/Metroid Prime 3 - Corruption (USA).rvz	4062965232
/mnt/backups/Games/Roms/Core_Roms/wii/Metroid Prime 3 - Corruption (USA).rvz	/mnt/backups/Games/Roms/handheldbackup/emugames/Roms/wii/Metroid Prime 3 - Corruption (USA).rvz	4062965232
/mnt/backups/Games/Roms/Core_Roms/neogeo/neogeo.rar	/mnt/backups/Games/Roms/handheldbackup/PS Classic/MagnusRCfarewellv2/roms/neogeo/neogeo.rar	2635200906
/mnt/backups/Games/Roms/Core_Roms/neogeo/neogeo.rar	/mnt/backups/Games/Roms/handheldbackup/RGBackup/Roms/neogeo/neogeo.rar	2635200906
/mnt/backups/Games/Roms/Core_Roms/neogeo/neogeo.rar	/mnt/backups/Games/Roms/handheldbackup/emugames/Roms/neogeo/neogeo.rar	2635200906
/mnt/backups/Games/Roms/handheldbackup/RGCubeBackup/Roms/PSP/tekken 5.iso	/mnt/backups/Games/brickprobackup/Roms/PSP/tekken 5.iso	1750237184
/mnt/backups/Games/Roms/handheldbackup/RGCubeBackup/Roms/PSP/tekken 5.iso	/mnt/backups/Games/Roms/Core_Roms/psp/Tekken - Dark Resurrection (US).iso	1750237184
/mnt/backups/Games/Roms/handheldbackup/RGCubeBackup/Roms/PSP/tekken 5.iso	/mnt/backups/Games/Roms/handheldbackup/RGBackup/Roms/psp/Tekken - Dark Resurrection (US).iso	1750237184
/mnt/backups/Games/Roms/handheldbackup/RGCubeBackup/Roms/PSP/tekken 5.iso	/mnt/backups/Games/Roms/handheldbackup/emugames/Roms/psp/Tekken - Dark Resurrection (US).iso	1750237184
/mnt/backups/Games/Roms/Core_Roms/wii/Super Mario Galaxy (USA) (En,Fr,Es).rvz	/mnt/backups/Games/Roms/handheldbackup/RGBackup/Roms/wii/Super Mario Galaxy (USA) (En,Fr,Es).rvz	3425535460
/mnt/backups/Games/Roms/Core_Roms/wii/Super Mario Galaxy (USA) (En,Fr,Es).rvz	/mnt/backups/Games/Roms/handheldbackup/emugames/Roms/wii/Super Mario Galaxy (USA) (En,Fr,Es).rvz	3425535460
/mnt/backups/Games/Roms/Core_Roms/ps2/Katamari Damacy (USA).iso	/mnt/backups/Games/Roms/handheldbackup/RGBackup/Roms/ps2/Katamari Damacy (USA).iso	3158212608
/mnt/backups/Games/Roms/Core_Roms/ps2/Katamari Damacy (USA).iso	/mnt/backups/Games/Roms/handheldbackup/emugames/Roms/ps2/Katamari Damacy (USA).iso	3158212608
/mnt/backups/BlurrBackup/20250813_backup/Downloads/ubuntu-25.04-desktop-amd64.iso	/mnt/backups/ISOs/ubuntu-25.04-desktop-amd64.iso	6278520832
/mnt/backups/BlurrBackup/20250813_backup/Downloads/ISOs/ubuntu-24.04.1-desktop-amd64.iso	/mnt/backups/ISOs/ubuntu-24.04.1-desktop-amd64.iso	6203355136
/mnt/backups/BlurrBackup/20250813_backup/Downloads/ISOs/Win10_22H2_English_x64v1.iso	/mnt/backups/ISOs/Win10_22H2_English_x64v1.iso	6140975104
/mnt/backups/BlurrBackup/20250813_backup/Downloads/ISOs/tiny11.-.nov24/tiny11builder-main/tiny11.iso	/mnt/backups/ISOs/tiny11.-.nov24/tiny11builder-main/tiny11.iso	6097770496
/mnt/backups/Games/eXo/exodos_big/eXoDOS/Content/XODOSMetadata.zip	/mnt/backups/Games/eXo/exodos_lite/eXoDOS/Content/XODOSMetadata.zip	5287622262
/mnt/backups/Games/brickprobackup/Roms/PSP/God of War - Ghost of Sparta.iso	/mnt/backups/Games/Roms/Core_Roms/psp/God of War - Ghost of Sparta (US).iso	1747714048
/mnt/backups/Games/brickprobackup/Roms/PSP/God of War - Ghost of Sparta.iso	/mnt/backups/Games/Roms/handheldbackup/RGBackup/Roms/psp/God of War - Ghost of Sparta (US).iso	1747714048
/mnt/backups/Games/brickprobackup/Roms/PSP/God of War - Ghost of Sparta.iso	/mnt/backups/Games/Roms/handheldbackup/emugames/Roms/psp/God of War - Ghost of Sparta (US).iso	1747714048
/mnt/backups/BlurrBackup/20250813_backup/Downloads/ISOs/pwnagotchi/pwnagotchi-raspberrypi-os-lite-v1.5.6-beta2/pwnagotchi-raspberrypi-os-lite-v1.5.6-beta2.img	/mnt/backups/ISOs/pwnagotchi/pwnagotchi-raspberrypi-os-lite-v1.5.6-beta2/pwnagotchi-raspberrypi-os-lite-v1.5.6-beta2.img	5117050880
/mnt/backups/Games/brickprobackup/Roms/PSP/Grand Theft Auto - Vice City Stories.iso	/mnt/backups/Games/Roms/Core_Roms/psp/Grand Theft Auto - Vice City Stories (US).iso	1696006144
/mnt/backups/Games/brickprobackup/Roms/PSP/Grand Theft Auto - Vice City Stories.iso	/mnt/backups/Games/Roms/handheldbackup/RGBackup/Roms/psp/Grand Theft Auto - Vice City Stories (US).iso	1696006144
/mnt/backups/Games/brickprobackup/Roms/PSP/Grand Theft Auto - Vice City Stories.iso	/mnt/backups/Games/Roms/handheldbackup/emugames/Roms/psp/Grand Theft Auto - Vice City Stories (US).iso	1696006144
/mnt/backups/BlurrBackup/20250813_backup/Downloads/ISOs/Windows11.iso	/mnt/backups/ISOs/Windows11.iso	4957929472
/mnt/backups/BlurrBackup/20250813_backup/Downloads/ISOs/kali-linux-2025.1c-live-amd64.iso	/mnt/backups/ISOs/kali-linux-2025.1c-live-amd64.iso	4931928064
/mnt/backups/Games/brickprobackup/Roms/PSP/God of War - Chains of Olympus (USA).iso	/mnt/backups/Games/Roms/Core_Roms/psp/God of War - Chains of Olympus (US).iso	1605664768
/mnt/backups/Games/brickprobackup/Roms/PSP/God of War - Chains of Olympus (USA).iso	/mnt/backups/Games/Roms/handheldbackup/RGBackup/Roms/psp/God of War - Chains of Olympus (US).iso	1605664768
/mnt/backups/Games/brickprobackup/Roms/PSP/God of War - Chains of Olympus (USA).iso	/mnt/backups/Games/Roms/handheldbackup/emugames/Roms/psp/God of War - Chains of Olympus (US).iso	1605664768
/mnt/backups/Games/Roms/handheldbackup/RGCubeBackup/Roms/PSP/Castlevania X.iso	/mnt/backups/Games/Roms/Core_Roms/psp/Castlevania - The Dracula X Chronicles (US).iso	1111359488
/mnt/backups/Games/Roms/handheldbackup/RGCubeBackup/Roms/PSP/Castlevania X.iso	/mnt/backups/Games/Roms/handheldbackup/PS Classic/MagnusRCfarewellv2/roms/psp/Castlevania - The Dracula X Chronicles (US).iso	1111359488
/mnt/backups/Games/Roms/handheldbackup/RGCubeBackup/Roms/PSP/Castlevania X.iso	/mnt/backups/Games/Roms/handheldbackup/RGBackup/Roms/psp/Castlevania - The Dracula X Chronicles (US).iso	1111359488
/mnt/backups/Games/Roms/handheldbackup/RGCubeBackup/Roms/PSP/Castlevania X.iso	/mnt/backups/Games/Roms/handheldbackup/emugames/Roms/psp/Castlevania - The Dracula X Chronicles (US).iso	1111359488
/mnt/backups/BlurrBackup/20250813_backup/Downloads/Ripper.zip	/mnt/backups/Games/Ripper.zip	4432617559
/mnt/backups/Games/brickprobackup/Roms/PSP/Grand Theft Auto - Liberty City Stories.iso	/mnt/backups/Games/Roms/Core_Roms/psp/Grand Theft Auto - Liberty City Stories (US).iso	1255243776
/mnt/backups/Games/brickprobackup/Roms/PSP/Grand Theft Auto - Liberty City Stories.iso	/mnt/backups/Games/Roms/handheldbackup/RGBackup/Roms/psp/Grand Theft Auto - Liberty City Stories (US).iso	1255243776
/mnt/backups/Games/brickprobackup/Roms/PSP/Grand Theft Auto - Liberty City Stories.iso	/mnt/backups/Games/Roms/handheldbackup/emugames/Roms/psp/Grand Theft Auto - Liberty City Stories (US).iso	1255243776
/mnt/backups/Games/Roms/Core_Roms/psp/Jackass - The Game (US).iso	/mnt/backups/Games/Roms/handheldbackup/RGBackup/Roms/psp/Jackass - The Game (US).iso	1812496384
/mnt/backups/Games/Roms/Core_Roms/psp/Jackass - The Game (US).iso	/mnt/backups/Games/Roms/handheldbackup/emugames/Roms/psp/Jackass - The Game (US).iso	1812496384
/mnt/backups/Games/Roms/Core_Roms/psp/NCAA Football 10 (US).iso	/mnt/backups/Games/Roms/handheldbackup/RGBackup/Roms/psp/NCAA Football 10 (US).iso	1805942784
/mnt/backups/Games/Roms/Core_Roms/psp/NCAA Football 10 (US).iso	/mnt/backups/Games/Roms/handheldbackup/emugames/Roms/psp/NCAA Football 10 (US).iso	1805942784
/mnt/backups/Games/Roms/Core_Roms/psp/Need for Speed - Shift (US).iso	/mnt/backups/Games/Roms/handheldbackup/RGBackup/Roms/psp/Need for Speed - Shift (US).iso	1798471680
/mnt/backups/Games/Roms/Core_Roms/psp/Need for Speed - Shift (US).iso	/mnt/backups/Games/Roms/handheldbackup/emugames/Roms/psp/Need for Speed - Shift (US).iso	1798471680
/mnt/backups/Games/Roms/Core_Roms/psp/Marvel - Ultimate Alliance 2 (US).iso	/mnt/backups/Games/Roms/handheldbackup/RGBackup/Roms/psp/Marvel - Ultimate Alliance 2 (US).iso	1788575744
/mnt/backups/Games/Roms/Core_Roms/psp/Marvel - Ultimate Alliance 2 (US).iso	/mnt/backups/Games/Roms/handheldbackup/emugames/Roms/psp/Marvel - Ultimate Alliance 2 (US).iso	1788575744
/mnt/backups/Games/Roms/Core_Roms/psp/Marvel - Ultimate Alliance (US).iso	/mnt/backups/Games/Roms/handheldbackup/RGBackup/Roms/psp/Marvel - Ultimate Alliance (US).iso	1773764608
/mnt/backups/Games/Roms/Core_Roms/psp/Marvel - Ultimate Alliance (US).iso	/mnt/backups/Games/Roms/handheldbackup/emugames/Roms/psp/Marvel - Ultimate Alliance (US).iso	1773764608
/mnt/backups/Games/Roms/Core_Roms/psp/NBA 2K13 (US).iso	/mnt/backups/Games/Roms/handheldbackup/RGBackup/Roms/psp/NBA 2K13 (US).iso	1753022464
/mnt/backups/Games/Roms/Core_Roms/psp/NBA 2K13 (US).iso	/mnt/backups/Games/Roms/handheldbackup/emugames/Roms/psp/NBA 2K13 (US).iso	1753022464
/mnt/backups/Games/Roms/Core_Roms/psp/LEGO Star Wars 3 - The Clone Wars (US).iso	/mnt/backups/Games/Roms/handheldbackup/RGBackup/Roms/psp/LEGO Star Wars 3 - The Clone Wars (US).iso	1746796544
/mnt/backups/Games/Roms/Core_Roms/psp/LEGO Star Wars 3 - The Clone Wars (US).iso	/mnt/backups/Games/Roms/handheldbackup/emugames/Roms/psp/LEGO Star Wars 3 - The Clone Wars (US).iso	1746796544
/mnt/backups/Games/Roms/Core_Roms/psp/WWE SmackDown vs Raw 2011 (US).iso	/mnt/backups/Games/Roms/handheldbackup/RGBackup/Roms/psp/WWE SmackDown vs Raw 2011 (US).iso	1746534400
/mnt/backups/Games/Roms/Core_Roms/psp/WWE SmackDown vs Raw 2011 (US).iso	/mnt/backups/Games/Roms/handheldbackup/emugames/Roms/psp/WWE SmackDown vs Raw 2011 (US).iso	1746534400
/mnt/backups/Games/Roms/Core_Roms/psp/Major League Baseball 2K12 (US).iso	/mnt/backups/Games/Roms/handheldbackup/RGBackup/Roms/psp/Major League Baseball 2K12 (US).iso	1739587584
/mnt/backups/Games/Roms/Core_Roms/psp/Major League Baseball 2K12 (US).iso	/mnt/backups/Games/Roms/handheldbackup/emugames/Roms/psp/Major League Baseball 2K12 (US).iso	1739587584
/mnt/backups/Games/Roms/handheldbackup/RGBackup/PSP/Tekken 6.iso	/mnt/backups/Games/Roms/handheldbackup/RGCubeBackup/Roms/PSP/Tekken 6.iso	855638016
/mnt/backups/Games/Roms/handheldbackup/RGBackup/PSP/Tekken 6.iso	/mnt/backups/Games/Roms/Core_Roms/psp/Tekken 6 (US).iso	855638016
/mnt/backups/Games/Roms/handheldbackup/RGBackup/PSP/Tekken 6.iso	/mnt/backups/Games/Roms/handheldbackup/RGBackup/Roms/psp/Tekken 6 (US).iso	855638016
/mnt/backups/Games/Roms/handheldbackup/RGBackup/PSP/Tekken 6.iso	/mnt/backups/Games/Roms/handheldbackup/emugames/Roms/psp/Tekken 6 (US).iso	855638016
/mnt/backups/Games/Roms/Core_Roms/psp/WWE SmackDown vs Raw 2006 (US).iso	/mnt/backups/Games/Roms/handheldbackup/RGBackup/Roms/psp/WWE SmackDown vs Raw 2006 (US).iso	1704394752
/mnt/backups/Games/Roms/Core_Roms/psp/WWE SmackDown vs Raw 2006 (US).iso	/mnt/backups/Games/Roms/handheldbackup/emugames/Roms/psp/WWE SmackDown vs Raw 2006 (US).iso	1704394752
/mnt/backups/Games/Roms/Core_Roms/psx/PoPoLoCrois Monogatari II.pbp	/mnt/backups/Games/Roms/handheldbackup/PS Classic/MagnusRCfarewellv2/roms/psx/PoPoLoCrois Monogatari II.pbp	1111656412
/mnt/backups/Games/Roms/Core_Roms/psx/PoPoLoCrois Monogatari II.pbp	/mnt/backups/Games/Roms/handheldbackup/RGBackup/Roms/psx/PoPoLoCrois Monogatari II.pbp	1111656412
/mnt/backups/Games/Roms/Core_Roms/psx/PoPoLoCrois Monogatari II.pbp	/mnt/backups/Games/Roms/handheldbackup/emugames/Roms/psx/PoPoLoCrois Monogatari II.pbp	1111656412
/mnt/backups/Games/Roms/Core_Roms/psp/WWE All Stars (US).iso	/mnt/backups/Games/Roms/handheldbackup/RGBackup/Roms/psp/WWE All Stars (US).iso	1601404928
/mnt/backups/Games/Roms/Core_Roms/psp/WWE All Stars (US).iso	/mnt/backups/Games/Roms/handheldbackup/emugames/Roms/psp/WWE All Stars (US).iso	1601404928
/mnt/backups/Games/Roms/Core_Roms/psp/Marvel Super Hero Squad (US).iso	/mnt/backups/Games/Roms/handheldbackup/RGBackup/Roms/psp/Marvel Super Hero Squad (US).iso	1576009728
/mnt/backups/Games/Roms/Core_Roms/psp/Marvel Super Hero Squad (US).iso	/mnt/backups/Games/Roms/handheldbackup/emugames/Roms/psp/Marvel Super Hero Squad (US).iso	1576009728
/mnt/backups/Games/Roms/Core_Roms/psp/Test Drive Unlimited (US).iso	/mnt/backups/Games/Roms/handheldbackup/RGBackup/Roms/psp/Test Drive Unlimited (US).iso	1535901696
/mnt/backups/Games/Roms/Core_Roms/psp/Test Drive Unlimited (US).iso	/mnt/backups/Games/Roms/handheldbackup/emugames/Roms/psp/Test Drive Unlimited (US).iso	1535901696
/mnt/backups/Games/Roms/Core_Roms/psp/LEGO Harry Potter - Years 5-7 (US).iso	/mnt/backups/Games/Roms/handheldbackup/RGBackup/Roms/psp/LEGO Harry Potter - Years 5-7 (US).iso	1513422848
/mnt/backups/Games/Roms/Core_Roms/psp/LEGO Harry Potter - Years 5-7 (US).iso	/mnt/backups/Games/Roms/handheldbackup/emugames/Roms/psp/LEGO Harry Potter - Years 5-7 (US).iso	1513422848
/mnt/backups/ISOs/Hirens Boot DVD 15.2 Restored Edition 1.1 Ocak 2013/hbcd-15.2-Restored-V1.1-dvd-proteus.iso	/mnt/backups/backup/dnewman/Desktop/hbcd-15.2-Restored-V1.1-dvd-proteus.iso	2974089216
/mnt/backups/Games/Roms/Core_Roms/psp/LEGO Pirates of the Caribbean - The Video Game (US).iso	/mnt/backups/Games/Roms/handheldbackup/RGBackup/Roms/psp/LEGO Pirates of the Caribbean - The Video Game (US).iso	1478459392
/mnt/backups/Games/Roms/Core_Roms/psp/LEGO Pirates of the Caribbean - The Video Game (US).iso	/mnt/backups/Games/Roms/handheldbackup/emugames/Roms/psp/LEGO Pirates of the Caribbean - The Video Game (US).iso	1478459392
/mnt/backups/Games/Roms/Core_Roms/psp/Star Wars - The Clone Wars - Republic Heroes (US).iso	/mnt/backups/Games/Roms/handheldbackup/RGBackup/Roms/psp/Star Wars - The Clone Wars - Republic Heroes (US).iso	1478393856
/mnt/backups/Games/Roms/Core_Roms/psp/Star Wars - The Clone Wars - Republic Heroes (US).iso	/mnt/backups/Games/Roms/handheldbackup/emugames/Roms/psp/Star Wars - The Clone Wars - Republic Heroes (US).iso	1478393856
/mnt/backups/Games/Roms/Core_Roms/psp/Star Wars Battlefront - Elite Squadron (US).iso	/mnt/backups/Games/Roms/handheldbackup/RGBackup/Roms/psp/Star Wars Battlefront - Elite Squadron (US).iso	1473740800
/mnt/backups/Games/Roms/Core_Roms/psp/Star Wars Battlefront - Elite Squadron (US).iso	/mnt/backups/Games/Roms/handheldbackup/emugames/Roms/psp/Star Wars Battlefront - Elite Squadron (US).iso	1473740800
/mnt/backups/Games/Roms/Core_Roms/megadrive-msu/Rocket Knight Adventures (MSU-MD) (Remake OST) (US).bin	/mnt/backups/Games/Roms/handheldbackup/PS Classic/MagnusRCfarewellv2/roms/msu-md/Rocket Knight Adventures (MSU-MD) (Remake OST) (US).bin	980471184
/mnt/backups/Games/Roms/Core_Roms/megadrive-msu/Rocket Knight Adventures (MSU-MD) (Remake OST) (US).bin	/mnt/backups/Games/Roms/handheldbackup/RGBackup/Roms/msu-md/Rocket Knight Adventures (MSU-MD) (Remake OST) (US).bin	980471184
/mnt/backups/Games/Roms/Core_Roms/megadrive-msu/Rocket Knight Adventures (MSU-MD) (Remake OST) (US).bin	/mnt/backups/Games/Roms/handheldbackup/emugames/Roms/msu-md/Rocket Knight Adventures (MSU-MD) (Remake OST) (US).bin	980471184
/mnt/backups/Games/Roms/Core_Roms/wii/Super Mario Galaxy 2 (USA) (En,Fr,Es).rvz	/mnt/backups/Games/Roms/handheldbackup/RGBackup/Roms/wii/Super Mario Galaxy 2 (USA) (En,Fr,Es).rvz	1438368956
/mnt/backups/Games/Roms/Core_Roms/wii/Super Mario Galaxy 2 (USA) (En,Fr,Es).rvz	/mnt/backups/Games/Roms/handheldbackup/emugames/Roms/wii/Super Mario Galaxy 2 (USA) (En,Fr,Es).rvz	1438368956
/mnt/backups/Games/Roms/Core_Roms/psp/LEGO Harry Potter - Years 1-4 (US).iso	/mnt/backups/Games/Roms/handheldbackup/RGBackup/Roms/psp/LEGO Harry Potter - Years 1-4 (US).iso	1425866752
/mnt/backups/Games/Roms/Core_Roms/psp/LEGO Harry Potter - Years 1-4 (US).iso	/mnt/backups/Games/Roms/handheldbackup/emugames/Roms/psp/LEGO Harry Potter - Years 1-4 (US).iso	1425866752
/mnt/backups/Games/Roms/Core_Roms/psp/Nickelodeon SpongeBob Truth or Square (US).iso	/mnt/backups/Games/Roms/handheldbackup/RGBackup/Roms/psp/Nickelodeon SpongeBob Truth or Square (US).iso	1417248768
/mnt/backups/Games/Roms/Core_Roms/psp/Nickelodeon SpongeBob Truth or Square (US).iso	/mnt/backups/Games/Roms/handheldbackup/emugames/Roms/psp/Nickelodeon SpongeBob Truth or Square (US).iso	1417248768
/mnt/backups/Games/Roms/Core_Roms/psp/SNK Arcade Classics Vol. 1 (US).iso	/mnt/backups/Games/Roms/handheldbackup/RGBackup/Roms/psp/SNK Arcade Classics Vol. 1 (US).iso	1397620736
/mnt/backups/Games/Roms/Core_Roms/psp/SNK Arcade Classics Vol. 1 (US).iso	/mnt/backups/Games/Roms/handheldbackup/emugames/Roms/psp/SNK Arcade Classics Vol. 1 (US).iso	1397620736
/mnt/backups/BlurrBackup/20250813_backup/Downloads/ISOs/pop-os_22.04_amd64_intel_52.iso	/mnt/backups/ISOs/pop-os_22.04_amd64_intel_52.iso	2774138880
/mnt/backups/Games/Roms/handheldbackup/miyoomini backup/Roms/PS/Tekken 3 (USA).chd	/mnt/backups/Games/Roms/handheldbackup/rg34xxsp_backup/Roms/PS/Tekken 3 (USA).chd	459374887
/mnt/backups/Games/Roms/handheldbackup/miyoomini backup/Roms/PS/Tekken 3 (USA).chd	/mnt/backups/Games/Roms/handheldbackup/RGBackup/PS/Tekken 3 (USA).chd	459374887
/mnt/backups/Games/Roms/handheldbackup/miyoomini backup/Roms/PS/Tekken 3 (USA).chd	/mnt/backups/Games/Roms/handheldbackup/RGCubeBackup/Roms/PS/Tekken 3 (USA).chd	459374887
/mnt/backups/Games/Roms/handheldbackup/miyoomini backup/Roms/PS/Tekken 3 (USA).chd	/mnt/backups/Games/Roms/Core_Roms/psx/Tekken 3 (USA).chd	459374887
/mnt/backups/Games/Roms/handheldbackup/miyoomini backup/Roms/PS/Tekken 3 (USA).chd	/mnt/backups/Games/Roms/handheldbackup/RGBackup/Roms/psx/Tekken 3 (USA).chd	459374887
/mnt/backups/Games/Roms/handheldbackup/miyoomini backup/Roms/PS/Tekken 3 (USA).chd	/mnt/backups/Games/Roms/handheldbackup/emugames/Roms/psx/Tekken 3 (USA).chd	459374887
/mnt/backups/Games/brickprobackup/Roms/PSP/Need for Speed - ProStreet.iso	/mnt/backups/Games/Roms/Core_Roms/psp/Need for Speed - ProStreet (US).iso	896270336
/mnt/backups/Games/brickprobackup/Roms/PSP/Need for Speed - ProStreet.iso	/mnt/backups/Games/Roms/handheldbackup/RGBackup/Roms/psp/Need for Speed - ProStreet (US).iso	896270336
/mnt/backups/Games/brickprobackup/Roms/PSP/Need for Speed - ProStreet.iso	/mnt/backups/Games/Roms/handheldbackup/emugames/Roms/psp/Need for Speed - ProStreet (US).iso	896270336
/mnt/backups/Games/Roms/Core_Roms/wii/Mario Party 8 (USA) (Rev 1).rvz	/mnt/backups/Games/Roms/handheldbackup/RGBackup/Roms/wii/Mario Party 8 (USA) (Rev 1).rvz	1341142616
/mnt/backups/Games/Roms/Core_Roms/wii/Mario Party 8 (USA) (Rev 1).rvz	/mnt/backups/Games/Roms/handheldbackup/emugames/Roms/wii/Mario Party 8 (USA) (Rev 1).rvz	1341142616
/mnt/backups/BlurrBackup/20250813_backup/Downloads/ISOs/OPNsense-25.1-vga-amd64.img	/mnt/backups/ISOs/OPNsense-25.1-vga-amd64.img	2659035648
/mnt/backups/Games/Roms/Core_Roms/psp/Need for Speed - Undercover (US).iso	/mnt/backups/Games/Roms/handheldbackup/RGBackup/Roms/psp/Need for Speed - Undercover (US).iso	1304690688
/mnt/backups/Games/Roms/Core_Roms/psp/Need for Speed - Undercover (US).iso	/mnt/backups/Games/Roms/handheldbackup/emugames/Roms/psp/Need for Speed - Undercover (US).iso	1304690688
/mnt/backups/Games/Roms/Core_Roms/psp/Manhunt 2 (US).iso	/mnt/backups/Games/Roms/handheldbackup/RGBackup/Roms/psp/Manhunt 2 (US).iso	1299513344
/mnt/backups/Games/Roms/Core_Roms/psp/Manhunt 2 (US).iso	/mnt/backups/Games/Roms/handheldbackup/emugames/Roms/psp/Manhunt 2 (US).iso	1299513344
/mnt/backups/Games/Roms/Core_Roms/wii/Metroid Prime 2 - Echoes (USA).rvz	/mnt/backups/Games/Roms/handheldbackup/RGBackup/Roms/wii/Metroid Prime 2 - Echoes (USA).rvz	1287435724
/mnt/backups/Games/Roms/Core_Roms/wii/Metroid Prime 2 - Echoes (USA).rvz	/mnt/backups/Games/Roms/handheldbackup/emugames/Roms/wii/Metroid Prime 2 - Echoes (USA).rvz	1287435724
/mnt/backups/Games/Roms/Core_Roms/psp/LEGO Indiana Jones - The Original Adventures (US).iso	/mnt/backups/Games/Roms/handheldbackup/RGBackup/Roms/psp/LEGO Indiana Jones - The Original Adventures (US).iso	1241153536
/mnt/backups/Games/Roms/Core_Roms/psp/LEGO Indiana Jones - The Original Adventures (US).iso	/mnt/backups/Games/Roms/handheldbackup/emugames/Roms/psp/LEGO Indiana Jones - The Original Adventures (US).iso	1241153536
/mnt/backups/Games/Roms/Core_Roms/dreamcast/Sturmwind (US).cdi	/mnt/backups/Games/Roms/handheldbackup/PS Classic/MagnusRCfarewellv2/roms/dreamcast/Sturmwind (US).cdi	817199074
/mnt/backups/Games/Roms/Core_Roms/dreamcast/Sturmwind (US).cdi	/mnt/backups/Games/Roms/handheldbackup/RGBackup/Roms/dreamcast/Sturmwind (US).cdi	817199074
/mnt/backups/Games/Roms/Core_Roms/dreamcast/Sturmwind (US).cdi	/mnt/backups/Games/Roms/handheldbackup/emugames/Roms/dreamcast/Sturmwind (US).cdi	817199074
/mnt/backups/Games/Roms/Core_Roms/psp/LEGO Star Wars 2 - The Original Trilogy (US).iso	/mnt/backups/Games/Roms/handheldbackup/RGBackup/Roms/psp/LEGO Star Wars 2 - The Original Trilogy (US).iso	1225359360
/mnt/backups/Games/Roms/Core_Roms/psp/LEGO Star Wars 2 - The Original Trilogy (US).iso	/mnt/backups/Games/Roms/handheldbackup/emugames/Roms/psp/LEGO Star Wars 2 - The Original Trilogy (US).iso	1225359360
/mnt/backups/Games/Roms/Core_Roms/psp/Madden NFL 12 (US).iso	/mnt/backups/Games/Roms/handheldbackup/RGBackup/Roms/psp/Madden NFL 12 (US).iso	1205600256
/mnt/backups/Games/Roms/Core_Roms/psp/Madden NFL 12 (US).iso	/mnt/backups/Games/Roms/handheldbackup/emugames/Roms/psp/Madden NFL 12 (US).iso	1205600256
/mnt/backups/BlurrBackup/Downloads/Compressed/GAMMA RC3.7z	/mnt/backups/Games/stalker/GAMMA RC3.7z	2409193253
/mnt/backups/Games/Roms/Core_Roms/gamecube/Metroid Prime (USA).rvz	/mnt/backups/Games/Roms/handheldbackup/RGBackup/Roms/gamecube/Metroid Prime (USA).rvz	1159422808
/mnt/backups/Games/Roms/Core_Roms/gamecube/Metroid Prime (USA).rvz	/mnt/backups/Games/Roms/handheldbackup/emugames/Roms/gc/Metroid Prime (USA).rvz	1159422808
/mnt/backups/Games/Roms/handheldbackup/miyoomini backup/Roms/PS/Castlevania - Symphony of the Night (USA).chd	/mnt/backups/Games/Roms/Core_Roms/psx/Castlevania - Symphony of the Night (USA).chd	384686878
/mnt/backups/Games/Roms/handheldbackup/miyoomini backup/Roms/PS/Castlevania - Symphony of the Night (USA).chd	/mnt/backups/Games/Roms/handheldbackup/PS Classic/MagnusRCfarewellv2/roms/psx/Castlevania - Symphony of the Night (USA).chd	384686878
/mnt/backups/Games/Roms/handheldbackup/miyoomini backup/Roms/PS/Castlevania - Symphony of the Night (USA).chd	/mnt/backups/Games/Roms/handheldbackup/RGBackup/Roms/psx/Castlevania - Symphony of the Night (USA).chd	384686878
/mnt/backups/Games/Roms/handheldbackup/miyoomini backup/Roms/PS/Castlevania - Symphony of the Night (USA).chd	/mnt/backups/Games/Roms/handheldbackup/emugames/Roms/psx/Castlevania - Symphony of the Night (USA).chd	384686878
/mnt/backups/Games/Roms/handheldbackup/miyoomini backup/Roms/PS/Castlevania - Symphony of the Night (USA).chd	/mnt/backups/Games/Roms/handheldbackup/RGBackup/PS/Castlevania - Symphony of the Night (USA).chd	384686878
/mnt/backups/Games/Roms/handheldbackup/miyoomini backup/Roms/PS/Castlevania - Symphony of the Night (USA).chd	/mnt/backups/Games/Roms/handheldbackup/RGCubeBackup/Roms/PS/Castlevania - Symphony of the Night (USA).chd	384686878
/mnt/backups/Games/Roms/Core_Roms/psp/LEGO Batman - The Videogame (US).iso	/mnt/backups/Games/Roms/handheldbackup/RGBackup/Roms/psp/LEGO Batman - The Videogame (US).iso	1136689152
/mnt/backups/Games/Roms/Core_Roms/psp/LEGO Batman - The Videogame (US).iso	/mnt/backups/Games/Roms/handheldbackup/emugames/Roms/psp/LEGO Batman - The Videogame (US).iso	1136689152
/mnt/backups/Games/Roms/Core_Roms/gamecube/Super Smash Bros. Melee (USA) (En,Ja) (Rev 2).rvz	/mnt/backups/Games/Roms/handheldbackup/RGBackup/Roms/gamecube/Super Smash Bros. Melee (USA) (En,Ja) (Rev 2).rvz	1133079700
/mnt/backups/Games/Roms/Core_Roms/gamecube/Super Smash Bros. Melee (USA) (En,Ja) (Rev 2).rvz	/mnt/backups/Games/Roms/handheldbackup/emugames/Roms/gc/Super Smash Bros. Melee (USA) (En,Ja) (Rev 2).rvz	1133079700
/mnt/backups/Games/brickprobackup/Roms/PSP/Ape Escape - On the Loose.iso	/mnt/backups/Games/Roms/Core_Roms/psp/Ape Escape - On the Loose (US).iso	749240320
/mnt/backups/Games/brickprobackup/Roms/PSP/Ape Escape - On the Loose.iso	/mnt/backups/Games/Roms/handheldbackup/RGBackup/Roms/psp/Ape Escape - On the Loose (US).iso	749240320
/mnt/backups/Games/brickprobackup/Roms/PSP/Ape Escape - On the Loose.iso	/mnt/backups/Games/Roms/handheldbackup/emugames/Roms/psp/Ape Escape - On the Loose (US).iso	749240320
/mnt/backups/Games/Roms/Core_Roms/psp/Star Wars - The Force Unleashed (US).iso	/mnt/backups/Games/Roms/handheldbackup/RGBackup/Roms/psp/Star Wars - The Force Unleashed (US).iso	1111490560
/mnt/backups/Games/Roms/Core_Roms/psp/Star Wars - The Force Unleashed (US).iso	/mnt/backups/Games/Roms/handheldbackup/emugames/Roms/psp/Star Wars - The Force Unleashed (US).iso	1111490560
/mnt/backups/Games/Roms/Core_Roms/psp/Driver 76 (US).iso	/mnt/backups/Games/Roms/handheldbackup/RGBackup/Roms/psp/Driver 76 (US).iso	1109721088
/mnt/backups/Games/Roms/Core_Roms/psp/Driver 76 (US).iso	/mnt/backups/Games/Roms/handheldbackup/emugames/Roms/psp/Driver 76 (US).iso	1109721088
/mnt/backups/Games/brickprobackup/Roms/PSP/Disney Pirates of the Caribbean - At World s End (USA).iso	/mnt/backups/Games/Roms/Core_Roms/psp/Disney Pirates of the Caribbean - At World End (US).iso	739409920
/mnt/backups/Games/brickprobackup/Roms/PSP/Disney Pirates of the Caribbean - At World s End (USA).iso	/mnt/backups/Games/Roms/handheldbackup/RGBackup/Roms/psp/Disney Pirates of the Caribbean - At World End (US).iso	739409920
/mnt/backups/Games/brickprobackup/Roms/PSP/Disney Pirates of the Caribbean - At World s End (USA).iso	/mnt/backups/Games/Roms/handheldbackup/emugames/Roms/psp/Disney Pirates of the Caribbean - At World End (US).iso	739409920
/mnt/backups/Games/Roms/Core_Roms/psp/Gran Turismo (US).iso	/mnt/backups/Games/Roms/handheldbackup/RGBackup/Roms/psp/Gran Turismo (US).iso	1097826304
/mnt/backups/Games/Roms/Core_Roms/psp/Gran Turismo (US).iso	/mnt/backups/Games/Roms/handheldbackup/emugames/Roms/psp/Gran Turismo (US).iso	1097826304
/mnt/backups/Games/Roms/Core_Roms/megadrive-msu/Castle of Illusion Starring Mickey Mouse (MSU-MD) (US - EU).bin	/mnt/backups/Games/Roms/handheldbackup/PS Classic/MagnusRCfarewellv2/roms/msu-md/Castle of Illusion Starring Mickey Mouse (MSU-MD) (US - EU).bin	716842560
/mnt/backups/Games/Roms/Core_Roms/megadrive-msu/Castle of Illusion Starring Mickey Mouse (MSU-MD) (US - EU).bin	/mnt/backups/Games/Roms/handheldbackup/RGBackup/Roms/msu-md/Castle of Illusion Starring Mickey Mouse (MSU-MD) (US - EU).bin	716842560
/mnt/backups/Games/Roms/Core_Roms/megadrive-msu/Castle of Illusion Starring Mickey Mouse (MSU-MD) (US - EU).bin	/mnt/backups/Games/Roms/handheldbackup/emugames/Roms/msu-md/Castle of Illusion Starring Mickey Mouse (MSU-MD) (US - EU).bin	716842560
/mnt/backups/BlurrBackup/20250813_backup/Downloads/XWVM_hd_assets_20250614/XWVM_hd_assets_20250614-1.bin	/mnt/backups/Games/x-wing/XWVM_hd_assets_20250614/XWVM_hd_assets_20250614-1.bin	2098048768
/mnt/backups/BlurrBackup/20250813_backup/Downloads/ISOs/pwnagotchi/pwnagotchi-raspbian-lite-v1.5.5.zip	/mnt/backups/ISOs/pwnagotchi/pwnagotchi-raspbian-lite-v1.5.5.zip	2056441933
/mnt/backups/Games/Roms/handheldbackup/miyoomini backup/Roms/PS/Tekken 2 (USA) (Rev 1).chd	/mnt/backups/Games/Roms/handheldbackup/rg34xxsp_backup/Roms/PS/Tekken 2 (USA) (Rev 1).chd	510668567
/mnt/backups/Games/Roms/handheldbackup/miyoomini backup/Roms/PS/Tekken 2 (USA) (Rev 1).chd	/mnt/backups/Games/Roms/Archive/PS1/PS1USA/Tekken 2 (USA) (Rev 1).chd	510668567
/mnt/backups/Games/Roms/handheldbackup/miyoomini backup/Roms/PS/Tekken 2 (USA) (Rev 1).chd	/mnt/backups/Games/Roms/handheldbackup/RGBackup/Roms/psx/Tekken 2 (USA) (Rev 1).chd	510668567
/mnt/backups/Games/Roms/handheldbackup/miyoomini backup/Roms/PS/Tekken 2 (USA) (Rev 1).chd	/mnt/backups/Games/Roms/handheldbackup/emugames/Roms/psx/Tekken 2 (USA) (Rev 1).chd	510668567
/mnt/backups/Games/Roms/Core_Roms/psp/Silent Hill - Shattered Memories (US).iso	/mnt/backups/Games/Roms/handheldbackup/RGBackup/Roms/psp/Silent Hill - Shattered Memories (US).iso	1014005760
/mnt/backups/Games/Roms/Core_Roms/psp/Silent Hill - Shattered Memories (US).iso	/mnt/backups/Games/Roms/handheldbackup/emugames/Roms/psp/Silent Hill - Shattered Memories (US).iso	1014005760
/mnt/backups/BlurrBackup/20250813_backup/Downloads/ISOs/pwnagotchi/pwnagotchi-raspberrypi-os-lite-v1.5.6-beta2.zip	/mnt/backups/ISOs/pwnagotchi/pwnagotchi-raspberrypi-os-lite-v1.5.6-beta2.zip	1957194632
/mnt/backups/Games/Roms/Core_Roms/dreamcast/Typing of the Dead, The (USA).chd	/mnt/backups/Games/Roms/handheldbackup/RGBackup/Roms/dreamcast/Typing of the Dead, The (USA).chd	957087344
/mnt/backups/Games/Roms/Core_Roms/dreamcast/Typing of the Dead, The (USA).chd	/mnt/backups/Games/Roms/handheldbackup/emugames/Roms/dreamcast/Typing of the Dead, The (USA).chd	957087344
/mnt/backups/Games/Roms/Core_Roms/pcenginecd/Ys Book I & II [U][CD][TGXCD1002][Falcom][1990][PCE].chd	/mnt/backups/Games/Roms/Core_Roms/tg-cd/Ys Book I & II [U][CD][TGXCD1002][Falcom][1990][PCE].chd	478359704
/mnt/backups/Games/Roms/Core_Roms/pcenginecd/Ys Book I & II [U][CD][TGXCD1002][Falcom][1990][PCE].chd	/mnt/backups/Games/Roms/handheldbackup/PS Classic/MagnusRCfarewellv2/roms/tg-cd/Ys Book I & II [U][CD][TGXCD1002][Falcom][1990][PCE].chd	478359704
/mnt/backups/Games/Roms/Core_Roms/pcenginecd/Ys Book I & II [U][CD][TGXCD1002][Falcom][1990][PCE].chd	/mnt/backups/Games/Roms/handheldbackup/RGBackup/Roms/pcenginecd/Ys Book I & II [U][CD][TGXCD1002][Falcom][1990][PCE].chd	478359704
/mnt/backups/Games/Roms/Core_Roms/pcenginecd/Ys Book I & II [U][CD][TGXCD1002][Falcom][1990][PCE].chd	/mnt/backups/Games/Roms/handheldbackup/emugames/Roms/pcenginecd/Ys Book I & II [U][CD][TGXCD1002][Falcom][1990][PCE].chd	478359704
/mnt/backups/Games/Roms/handheldbackup/miyoomini backup/Roms/PS/Persona (USA).chd	/mnt/backups/Games/Roms/handheldbackup/rg34xxsp_backup/Roms/PS/Persona (USA).chd	380748155
/mnt/backups/Games/Roms/handheldbackup/miyoomini backup/Roms/PS/Persona (USA).chd	/mnt/backups/Games/Roms/Core_Roms/psx/Persona.chd	380748155
/mnt/backups/Games/Roms/handheldbackup/miyoomini backup/Roms/PS/Persona (USA).chd	/mnt/backups/Games/Roms/Core_Roms/psx/Persona (USA).chd	380748155
/mnt/backups/Games/Roms/handheldbackup/miyoomini backup/Roms/PS/Persona (USA).chd	/mnt/backups/Games/Roms/handheldbackup/RGBackup/Roms/psx/Persona (USA).chd	380748155
/mnt/backups/Games/Roms/handheldbackup/miyoomini backup/Roms/PS/Persona (USA).chd	/mnt/backups/Games/Roms/handheldbackup/emugames/Roms/psx/Persona (USA).chd	380748155
/mnt/backups/Games/Roms/Core_Roms/wii/Mario Party 9 (USA, Asia) (En,Fr,Es).rvz	/mnt/backups/Games/Roms/handheldbackup/RGBackup/Roms/wii/Mario Party 9 (USA, Asia) (En,Fr,Es).rvz	937856696
/mnt/backups/Games/Roms/Core_Roms/wii/Mario Party 9 (USA, Asia) (En,Fr,Es).rvz	/mnt/backups/Games/Roms/handheldbackup/emugames/Roms/wii/Mario Party 9 (USA, Asia) (En,Fr,Es).rvz	937856696
/mnt/backups/Games/Roms/Core_Roms/psp/Star Wars Battlefront - Renegade Squadron (US).iso	/mnt/backups/Games/Roms/handheldbackup/RGBackup/Roms/psp/Star Wars Battlefront - Renegade Squadron (US).iso	930545664
/mnt/backups/Games/Roms/Core_Roms/psp/Star Wars Battlefront - Renegade Squadron (US).iso	/mnt/backups/Games/Roms/handheldbackup/emugames/Roms/psp/Star Wars Battlefront - Renegade Squadron (US).iso	930545664
/mnt/backups/Games/Roms/Core_Roms/gamecube/Legend of Zelda, The - Twilight Princess (USA).rvz	/mnt/backups/Games/Roms/handheldbackup/RGBackup/Roms/gamecube/Legend of Zelda, The - Twilight Princess (USA).rvz	929908128
/mnt/backups/Games/Roms/Core_Roms/gamecube/Legend of Zelda, The - Twilight Princess (USA).rvz	/mnt/backups/Games/Roms/handheldbackup/emugames/Roms/gc/Legend of Zelda, The - Twilight Princess (USA).rvz	929908128
/mnt/backups/Games/Roms/handheldbackup/miyoomini backup/Roms/PS/Crash Bandicoot (USA).chd	/mnt/backups/Games/Roms/Core_Roms/psx/Crash Bandicoot (USA).chd	464272975
/mnt/backups/Games/Roms/handheldbackup/miyoomini backup/Roms/PS/Crash Bandicoot (USA).chd	/mnt/backups/Games/Roms/handheldbackup/PS Classic/MagnusRCfarewellv2/roms/psx/Crash Bandicoot (USA).chd	464272975
/mnt/backups/Games/Roms/handheldbackup/miyoomini backup/Roms/PS/Crash Bandicoot (USA).chd	/mnt/backups/Games/Roms/handheldbackup/RGBackup/Roms/psx/Crash Bandicoot (USA).chd	464272975
/mnt/backups/Games/Roms/handheldbackup/miyoomini backup/Roms/PS/Crash Bandicoot (USA).chd	/mnt/backups/Games/Roms/handheldbackup/emugames/Roms/psx/Crash Bandicoot (USA).chd	464272975
/mnt/backups/Games/Roms/Core_Roms/psp/Need for Speed - Most Wanted - 5-1-0 (US).iso	/mnt/backups/Games/Roms/handheldbackup/RGBackup/Roms/psp/Need for Speed - Most Wanted - 5-1-0 (US).iso	926580736
/mnt/backups/Games/Roms/Core_Roms/psp/Need for Speed - Most Wanted - 5-1-0 (US).iso	/mnt/backups/Games/Roms/handheldbackup/emugames/Roms/psp/Need for Speed - Most Wanted - 5-1-0 (US).iso	926580736
/mnt/backups/Games/Roms/Core_Roms/megacd/Lords of Thunder (USA).chd	/mnt/backups/Games/Roms/Core_Roms/segacd/Lords of Thunder (USA).chd	369861386
/mnt/backups/Games/Roms/Core_Roms/megacd/Lords of Thunder (USA).chd	/mnt/backups/Games/Roms/handheldbackup/PS Classic/MagnusRCfarewellv2/roms/segacd/Lords of Thunder (USA).chd	369861386
/mnt/backups/Games/Roms/Core_Roms/megacd/Lords of Thunder (USA).chd	/mnt/backups/Games/Roms/handheldbackup/RGBackup/Roms/megacd/Lords of Thunder (USA).chd	369861386
/mnt/backups/Games/Roms/Core_Roms/megacd/Lords of Thunder (USA).chd	/mnt/backups/Games/Roms/handheldbackup/emugames/Roms/megacd/Lords of Thunder (USA).chd	369861386
/mnt/backups/Games/Roms/Core_Roms/megacd/Lords of Thunder (USA).chd	/mnt/backups/Games/Roms/handheldbackup/miyoomini backup/Roms/SEGACD/Lords of Thunder (USA).chd	369861386
/mnt/backups/Games/Roms/handheldbackup/miyoomini backup/Roms/PS/Tekken (USA).chd	/mnt/backups/Games/Roms/handheldbackup/rg34xxsp_backup/Roms/PS/Tekken (USA).chd	456501515
/mnt/backups/Games/Roms/handheldbackup/miyoomini backup/Roms/PS/Tekken (USA).chd	/mnt/backups/Games/Roms/Core_Roms/psx/Tekken (USA).chd	456501515
/mnt/backups/Games/Roms/handheldbackup/miyoomini backup/Roms/PS/Tekken (USA).chd	/mnt/backups/Games/Roms/handheldbackup/RGBackup/Roms/psx/Tekken (USA).chd	456501515
/mnt/backups/Games/Roms/handheldbackup/miyoomini backup/Roms/PS/Tekken (USA).chd	/mnt/backups/Games/Roms/handheldbackup/emugames/Roms/psx/Tekken (USA).chd	456501515
/mnt/backups/Games/Roms/Core_Roms/psp/Disney-Pixar Cars (US).iso	/mnt/backups/Games/Roms/handheldbackup/RGBackup/Roms/psp/Disney-Pixar Cars (US).iso	906362880
/mnt/backups/Games/Roms/Core_Roms/psp/Disney-Pixar Cars (US).iso	/mnt/backups/Games/Roms/handheldbackup/emugames/Roms/psp/Disney-Pixar Cars (US).iso	906362880
/mnt/backups/Games/Roms/Core_Roms/psp/Disney-Pixar Ratatouille (US).iso	/mnt/backups/Games/Roms/handheldbackup/RGBackup/Roms/psp/Disney-Pixar Ratatouille (US).iso	906362880
/mnt/backups/Games/Roms/Core_Roms/psp/Disney-Pixar Ratatouille (US).iso	/mnt/backups/Games/Roms/handheldbackup/emugames/Roms/psp/Disney-Pixar Ratatouille (US).iso	906362880
/mnt/backups/Games/Roms/Core_Roms/psp/Iron Man (US).iso	/mnt/backups/Games/Roms/handheldbackup/RGBackup/Roms/psp/Iron Man (US).iso	906362880
/mnt/backups/Games/Roms/Core_Roms/psp/Iron Man (US).iso	/mnt/backups/Games/Roms/handheldbackup/emugames/Roms/psp/Iron Man (US).iso	906362880
/mnt/backups/Games/Roms/Core_Roms/psp/Disney-Pixar Cars - Race-O-Rama (US).iso	/mnt/backups/Games/Roms/handheldbackup/RGBackup/Roms/psp/Disney-Pixar Cars - Race-O-Rama (US).iso	906330112
/mnt/backups/Games/Roms/Core_Roms/psp/Disney-Pixar Cars - Race-O-Rama (US).iso	/mnt/backups/Games/Roms/handheldbackup/emugames/Roms/psp/Disney-Pixar Cars - Race-O-Rama (US).iso	906330112
/mnt/backups/Games/Roms/Core_Roms/psp/DreamWorks Megamind - The Blue Defender (US).iso	/mnt/backups/Games/Roms/handheldbackup/RGBackup/Roms/psp/DreamWorks Megamind - The Blue Defender (US).iso	906330112
/mnt/backups/Games/Roms/Core_Roms/psp/DreamWorks Megamind - The Blue Defender (US).iso	/mnt/backups/Games/Roms/handheldbackup/emugames/Roms/psp/DreamWorks Megamind - The Blue Defender (US).iso	906330112
/mnt/backups/Games/Roms/Core_Roms/psp/Marvel Nemesis - Rise of the Imperfects (US).iso	/mnt/backups/Games/Roms/handheldbackup/RGBackup/Roms/psp/Marvel Nemesis - Rise of the Imperfects (US).iso	906330112
/mnt/backups/Games/Roms/Core_Roms/psp/Marvel Nemesis - Rise of the Imperfects (US).iso	/mnt/backups/Games/Roms/handheldbackup/emugames/Roms/psp/Marvel Nemesis - Rise of the Imperfects (US).iso	906330112
/mnt/backups/Games/Roms/Core_Roms/psp/Disney-Pixar Toy Story 3 (US).iso	/mnt/backups/Games/Roms/handheldbackup/RGBackup/Roms/psp/Disney-Pixar Toy Story 3 (US).iso	905805824
/mnt/backups/Games/Roms/Core_Roms/psp/Disney-Pixar Toy Story 3 (US).iso	/mnt/backups/Games/Roms/handheldbackup/emugames/Roms/psp/Disney-Pixar Toy Story 3 (US).iso	905805824
/mnt/backups/Games/Roms/Core_Roms/pcenginecd/Ys III - Wanderers from Ys [U][CD][TGXCD1015][Falcom][1991][PCE].chd	/mnt/backups/Games/Roms/Core_Roms/tg-cd/Ys III - Wanderers from Ys [U][CD][TGXCD1015][Falcom][1991][PCE].chd	452784173
/mnt/backups/Games/Roms/Core_Roms/pcenginecd/Ys III - Wanderers from Ys [U][CD][TGXCD1015][Falcom][1991][PCE].chd	/mnt/backups/Games/Roms/handheldbackup/PS Classic/MagnusRCfarewellv2/roms/tg-cd/Ys III - Wanderers from Ys [U][CD][TGXCD1015][Falcom][1991][PCE].chd	452784173
/mnt/backups/Games/Roms/Core_Roms/pcenginecd/Ys III - Wanderers from Ys [U][CD][TGXCD1015][Falcom][1991][PCE].chd	/mnt/backups/Games/Roms/handheldbackup/RGBackup/Roms/pcenginecd/Ys III - Wanderers from Ys [U][CD][TGXCD1015][Falcom][1991][PCE].chd	452784173
/mnt/backups/Games/Roms/Core_Roms/pcenginecd/Ys III - Wanderers from Ys [U][CD][TGXCD1015][Falcom][1991][PCE].chd	/mnt/backups/Games/Roms/handheldbackup/emugames/Roms/pcenginecd/Ys III - Wanderers from Ys [U][CD][TGXCD1015][Falcom][1991][PCE].chd	452784173
/mnt/backups/Games/Roms/Core_Roms/psp/Grand Theft Auto - Chinatown Wars (US).iso	/mnt/backups/Games/Roms/handheldbackup/RGBackup/Roms/psp/Grand Theft Auto - Chinatown Wars (US).iso	904298496
/mnt/backups/Games/Roms/Core_Roms/psp/Grand Theft Auto - Chinatown Wars (US).iso	/mnt/backups/Games/Roms/handheldbackup/emugames/Roms/psp/Grand Theft Auto - Chinatown Wars (US).iso	904298496
/mnt/backups/Games/brickprobackup/Roms/PSP/LocoRoco 2.iso	/mnt/backups/Games/Roms/Archive/PSP_US_Arquivista/LocoRoco 2 (US).iso	1805778944
/mnt/backups/Games/Roms/Core_Roms/psp/NFL Street 3 (US).iso	/mnt/backups/Games/Roms/handheldbackup/RGBackup/Roms/psp/NFL Street 3 (US).iso	901644288
/mnt/backups/Games/Roms/Core_Roms/psp/NFL Street 3 (US).iso	/mnt/backups/Games/Roms/handheldbackup/emugames/Roms/psp/NFL Street 3 (US).iso	901644288
/mnt/backups/Games/Roms/Core_Roms/psp/Star Wars - Lethal Alliance (US).iso	/mnt/backups/Games/Roms/handheldbackup/RGBackup/Roms/psp/Star Wars - Lethal Alliance (US).iso	899547136
/mnt/backups/Games/Roms/Core_Roms/psp/Star Wars - Lethal Alliance (US).iso	/mnt/backups/Games/Roms/handheldbackup/emugames/Roms/psp/Star Wars - Lethal Alliance (US).iso	899547136
/mnt/backups/Games/Roms/Core_Roms/psp/Need for Speed - Carbon - Own the City (US).iso	/mnt/backups/Games/Roms/handheldbackup/RGBackup/Roms/psp/Need for Speed - Carbon - Own the City (US).iso	894173184
/mnt/backups/Games/Roms/Core_Roms/psp/Need for Speed - Carbon - Own the City (US).iso	/mnt/backups/Games/Roms/handheldbackup/emugames/Roms/psp/Need for Speed - Carbon - Own the City (US).iso	894173184
/mnt/backups/Games/Roms/Core_Roms/psp/Need for Speed - Underground Rivals (US).iso	/mnt/backups/Games/Roms/handheldbackup/RGBackup/Roms/psp/Need for Speed - Underground Rivals (US).iso	884801536
/mnt/backups/Games/Roms/Core_Roms/psp/Need for Speed - Underground Rivals (US).iso	/mnt/backups/Games/Roms/handheldbackup/emugames/Roms/psp/Need for Speed - Underground Rivals (US).iso	884801536
/mnt/backups/Games/brickprobackup/Roms/PSP/Kingdom Hearts - Birth by Sleep.iso	/mnt/backups/Games/Roms/Archive/PSP_US_Arquivista/Kingdom Hearts - Birth by Sleep (US).iso	1767473152
/mnt/backups/Games/Roms/Core_Roms/psp/Final Fantasy 4 - The Complete Collection (US).iso	/mnt/backups/Games/Roms/handheldbackup/RGBackup/Roms/psp/Final Fantasy 4 - The Complete Collection (US).iso	880771072
/mnt/backups/Games/Roms/Core_Roms/psp/Final Fantasy 4 - The Complete Collection (US).iso	/mnt/backups/Games/Roms/handheldbackup/emugames/Roms/psp/Final Fantasy 4 - The Complete Collection (US).iso	880771072
/mnt/backups/Games/Roms/Core_Roms/psp/Dead or Alive - Paradise (US).iso	/mnt/backups/Games/Roms/handheldbackup/RGBackup/Roms/psp/Dead or Alive - Paradise (US).iso	869990400
/mnt/backups/Games/Roms/Core_Roms/psp/Dead or Alive - Paradise (US).iso	/mnt/backups/Games/Roms/handheldbackup/emugames/Roms/psp/Dead or Alive - Paradise (US).iso	869990400
/mnt/backups/Games/Roms/Core_Roms/psp/Iron Man 2 (US).iso	/mnt/backups/Games/Roms/handheldbackup/RGBackup/Roms/psp/Iron Man 2 (US).iso	869072896
/mnt/backups/Games/Roms/Core_Roms/psp/Iron Man 2 (US).iso	/mnt/backups/Games/Roms/handheldbackup/emugames/Roms/psp/Iron Man 2 (US).iso	869072896
/mnt/backups/Games/Roms/Core_Roms/gamecube/Legend of Zelda, The - The Wind Waker (USA).rvz	/mnt/backups/Games/Roms/handheldbackup/RGBackup/Roms/gamecube/Legend of Zelda, The - The Wind Waker (USA).rvz	863379372
/mnt/backups/Games/Roms/Core_Roms/gamecube/Legend of Zelda, The - The Wind Waker (USA).rvz	/mnt/backups/Games/Roms/handheldbackup/emugames/Roms/gc/Legend of Zelda, The - The Wind Waker (USA).rvz	863379372
/mnt/backups/Games/Roms/handheldbackup/miyoomini backup/Roms/PS/Persona 2 - Eternal Punishment (USA).chd	/mnt/backups/Games/Roms/handheldbackup/rg34xxsp_backup/Roms/PS/Persona 2 - Eternal Punishment (USA).chd	431040153
/mnt/backups/Games/Roms/handheldbackup/miyoomini backup/Roms/PS/Persona 2 - Eternal Punishment (USA).chd	/mnt/backups/Games/Roms/Core_Roms/psx/Persona 2 - Eternal Punishment (USA).chd	431040153
/mnt/backups/Games/Roms/handheldbackup/miyoomini backup/Roms/PS/Persona 2 - Eternal Punishment (USA).chd	/mnt/backups/Games/Roms/handheldbackup/RGBackup/Roms/psx/Persona 2 - Eternal Punishment (USA).chd	431040153
/mnt/backups/Games/Roms/handheldbackup/miyoomini backup/Roms/PS/Persona 2 - Eternal Punishment (USA).chd	/mnt/backups/Games/Roms/handheldbackup/emugames/Roms/psx/Persona 2 - Eternal Punishment (USA).chd	431040153
/mnt/backups/Games/brickprobackup/Roms/PSP/Crisis Core - Final Fantasy VII.iso	/mnt/backups/Games/Roms/Archive/PSP_US_Arquivista/Crisis Core - Final Fantasy 7 (US).iso	1716715520
/mnt/backups/Games/brickprobackup/Roms/PSP/BlazBlue - Calamity Trigger.iso	/mnt/backups/Games/Roms/Archive/PSP_US_Arquivista/BlazBlue - Calamity Trigger (US).iso	1699250176
/mnt/backups/Games/Roms/handheldbackup/RGBackup/PSP/Grand Theft Auto - Vice City Stories (US).iso	/mnt/backups/Games/Roms/handheldbackup/RGCubeBackup/Roms/PSP/Grand Theft Auto - Vice City Stories (US).iso	1696006144
/mnt/backups/Games/brickprobackup/Roms/PSP/Spider-Man 3.iso	/mnt/backups/Games/Roms/Archive/PSP_US_Arquivista/Spider-Man 3 (US).iso	1683259392
/mnt/backups/Games/Roms/handheldbackup/miyoomini backup/Roms/SEGACD/Snatcher (USA).chd	/mnt/backups/Games/Roms/Core_Roms/megacd/Snatcher (USA).chd	335408542
/mnt/backups/Games/Roms/handheldbackup/miyoomini backup/Roms/SEGACD/Snatcher (USA).chd	/mnt/backups/Games/Roms/Core_Roms/segacd/Snatcher (USA).chd	335408542
/mnt/backups/Games/Roms/handheldbackup/miyoomini backup/Roms/SEGACD/Snatcher (USA).chd	/mnt/backups/Games/Roms/handheldbackup/PS Classic/MagnusRCfarewellv2/roms/segacd/Snatcher (USA).chd	335408542
/mnt/backups/Games/Roms/handheldbackup/miyoomini backup/Roms/SEGACD/Snatcher (USA).chd	/mnt/backups/Games/Roms/handheldbackup/RGBackup/Roms/megacd/Snatcher (USA).chd	335408542
/mnt/backups/Games/Roms/handheldbackup/miyoomini backup/Roms/SEGACD/Snatcher (USA).chd	/mnt/backups/Games/Roms/handheldbackup/emugames/Roms/megacd/Snatcher (USA).chd	335408542
/mnt/backups/Games/brickprobackup/Roms/PSP/Dissidia - Final Fantasy (USA) (PSP) (PSN).iso	/mnt/backups/Games/Roms/Archive/PSP_US_Arquivista/Dissidia Final Fantasy (US).iso	1646657536
/mnt/backups/Games/Roms/Core_Roms/megacd/Keio Flying Squadron (USA).chd	/mnt/backups/Games/Roms/Core_Roms/segacd/Keio Flying Squadron (USA).chd	328022161
/mnt/backups/Games/Roms/Core_Roms/megacd/Keio Flying Squadron (USA).chd	/mnt/backups/Games/Roms/handheldbackup/PS Classic/MagnusRCfarewellv2/roms/segacd/Keio Flying Squadron (USA).chd	328022161
/mnt/backups/Games/Roms/Core_Roms/megacd/Keio Flying Squadron (USA).chd	/mnt/backups/Games/Roms/handheldbackup/RGBackup/Roms/megacd/Keio Flying Squadron (USA).chd	328022161
/mnt/backups/Games/Roms/Core_Roms/megacd/Keio Flying Squadron (USA).chd	/mnt/backups/Games/Roms/handheldbackup/emugames/Roms/megacd/Keio Flying Squadron (USA).chd	328022161
/mnt/backups/Games/Roms/Core_Roms/megacd/Keio Flying Squadron (USA).chd	/mnt/backups/Games/Roms/handheldbackup/miyoomini backup/Roms/SEGACD/Keio Flying Squadron (USA).chd	328022161
/mnt/backups/BlurrBackup/20250813_backup/Downloads/ISOs/tails-amd64-6.16.img	/mnt/backups/ISOs/tails-amd64-6.16.img	1622147072
/mnt/backups/Games/Roms/Core_Roms/psp/Silent Hill - Origins (US).iso	/mnt/backups/Games/Roms/handheldbackup/RGBackup/Roms/psp/Silent Hill - Origins (US).iso	804683776
/mnt/backups/Games/Roms/Core_Roms/psp/Silent Hill - Origins (US).iso	/mnt/backups/Games/Roms/handheldbackup/emugames/Roms/psp/Silent Hill - Origins (US).iso	804683776
/mnt/backups/Games/Roms/handheldbackup/miyoomini backup/Roms/PS/CTR - Crash Team Racing (USA).chd	/mnt/backups/Games/Roms/Core_Roms/psx/CTR - Crash Team Racing (USA).chd	317894387
/mnt/backups/Games/Roms/handheldbackup/miyoomini backup/Roms/PS/CTR - Crash Team Racing (USA).chd	/mnt/backups/Games/Roms/handheldbackup/PS Classic/MagnusRCfarewellv2/roms/psx/CTR - Crash Team Racing (USA).chd	317894387
/mnt/backups/Games/Roms/handheldbackup/miyoomini backup/Roms/PS/CTR - Crash Team Racing (USA).chd	/mnt/backups/Games/Roms/handheldbackup/RGBackup/Roms/psx/CTR - Crash Team Racing (USA).chd	317894387
/mnt/backups/Games/Roms/handheldbackup/miyoomini backup/Roms/PS/CTR - Crash Team Racing (USA).chd	/mnt/backups/Games/Roms/handheldbackup/emugames/Roms/psx/CTR - Crash Team Racing (USA).chd	317894387
/mnt/backups/Games/Roms/handheldbackup/miyoomini backup/Roms/PS/CTR - Crash Team Racing (USA).chd	/mnt/backups/Games/Roms/Core_Roms/psx/Crash Team Racing.chd	317894387
/mnt/backups/Games/Roms/Core_Roms/megadrive-msu/SoundPack_ChikiChikiBoys-PC-Engine.bin	/mnt/backups/Games/Roms/handheldbackup/PS Classic/MagnusRCfarewellv2/roms/msu-md/SoundPack_ChikiChikiBoys-PC-Engine.bin	528348576
/mnt/backups/Games/Roms/Core_Roms/megadrive-msu/SoundPack_ChikiChikiBoys-PC-Engine.bin	/mnt/backups/Games/Roms/handheldbackup/RGBackup/Roms/msu-md/SoundPack_ChikiChikiBoys-PC-Engine.bin	528348576
/mnt/backups/Games/Roms/Core_Roms/megadrive-msu/SoundPack_ChikiChikiBoys-PC-Engine.bin	/mnt/backups/Games/Roms/handheldbackup/emugames/Roms/msu-md/SoundPack_ChikiChikiBoys-PC-Engine.bin	528348576
/mnt/backups/Games/Roms/handheldbackup/miyoomini backup/Roms/PS/Time Crisis (USA).chd	/mnt/backups/Games/Roms/Core_Roms/psx/Time Crisis (USA).chd	394647385
/mnt/backups/Games/Roms/handheldbackup/miyoomini backup/Roms/PS/Time Crisis (USA).chd	/mnt/backups/Games/Roms/handheldbackup/PS Classic/MagnusRCfarewellv2/roms/psx/Time Crisis (USA).chd	394647385
/mnt/backups/Games/Roms/handheldbackup/miyoomini backup/Roms/PS/Time Crisis (USA).chd	/mnt/backups/Games/Roms/handheldbackup/RGBackup/Roms/psx/Time Crisis (USA).chd	394647385
/mnt/backups/Games/Roms/handheldbackup/miyoomini backup/Roms/PS/Time Crisis (USA).chd	/mnt/backups/Games/Roms/handheldbackup/emugames/Roms/psx/Time Crisis (USA).chd	394647385
/mnt/backups/Games/brickprobackup/Roms/PSP/PES 2014 - Pro Evolution Soccer.iso	/mnt/backups/Games/Roms/Archive/PSP_US_Arquivista/PES 2014 - Pro Evolution Soccer (US).iso	1573683200
/mnt/backups/BlurrBackup/20250813_backup/Downloads/ISOs/proxmox-ve_8.4-1.iso	/mnt/backups/ISOs/proxmox-ve_8.4-1.iso	1571895296
/mnt/backups/Games/Roms/Core_Roms/pcenginecd/Dungeon Explorer II [U][SCD][TGXCD1034][Hudson Soft][1993][PCE][thx-1138-darkwater].chd	/mnt/backups/Games/Roms/Core_Roms/tg-cd/Dungeon Explorer II [U][SCD][TGXCD1034][Hudson Soft][1993][PCE][thx-1138-darkwater].chd	389179728
/mnt/backups/Games/Roms/Core_Roms/pcenginecd/Dungeon Explorer II [U][SCD][TGXCD1034][Hudson Soft][1993][PCE][thx-1138-darkwater].chd	/mnt/backups/Games/Roms/handheldbackup/PS Classic/MagnusRCfarewellv2/roms/tg-cd/Dungeon Explorer II [U][SCD][TGXCD1034][Hudson Soft][1993][PCE][thx-1138-darkwater].chd	389179728
/mnt/backups/Games/Roms/Core_Roms/pcenginecd/Dungeon Explorer II [U][SCD][TGXCD1034][Hudson Soft][1993][PCE][thx-1138-darkwater].chd	/mnt/backups/Games/Roms/handheldbackup/RGBackup/Roms/pcenginecd/Dungeon Explorer II [U][SCD][TGXCD1034][Hudson Soft][1993][PCE][thx-1138-darkwater].chd	389179728
/mnt/backups/Games/Roms/Core_Roms/pcenginecd/Dungeon Explorer II [U][SCD][TGXCD1034][Hudson Soft][1993][PCE][thx-1138-darkwater].chd	/mnt/backups/Games/Roms/handheldbackup/emugames/Roms/pcenginecd/Dungeon Explorer II [U][SCD][TGXCD1034][Hudson Soft][1993][PCE][thx-1138-darkwater].chd	389179728
/mnt/backups/Games/Roms/Core_Roms/pcenginecd/Dragon Slayer - The Legend of Heroes [U][SCD][TGXCD1029][Falcom][1992][PCE][thx-1138-darkwater].chd	/mnt/backups/Games/Roms/Core_Roms/tg-cd/Dragon Slayer - The Legend of Heroes [U][SCD][TGXCD1029][Falcom][1992][PCE][thx-1138-darkwater].chd	388844088
/mnt/backups/Games/Roms/Core_Roms/pcenginecd/Dragon Slayer - The Legend of Heroes [U][SCD][TGXCD1029][Falcom][1992][PCE][thx-1138-darkwater].chd	/mnt/backups/Games/Roms/handheldbackup/PS Classic/MagnusRCfarewellv2/roms/tg-cd/Dragon Slayer - The Legend of Heroes [U][SCD][TGXCD1029][Falcom][1992][PCE][thx-1138-darkwater].chd	388844088
/mnt/backups/Games/Roms/Core_Roms/pcenginecd/Dragon Slayer - The Legend of Heroes [U][SCD][TGXCD1029][Falcom][1992][PCE][thx-1138-darkwater].chd	/mnt/backups/Games/Roms/handheldbackup/RGBackup/Roms/pcenginecd/Dragon Slayer - The Legend of Heroes [U][SCD][TGXCD1029][Falcom][1992][PCE][thx-1138-darkwater].chd	388844088
/mnt/backups/Games/Roms/Core_Roms/pcenginecd/Dragon Slayer - The Legend of Heroes [U][SCD][TGXCD1029][Falcom][1992][PCE][thx-1138-darkwater].chd	/mnt/backups/Games/Roms/handheldbackup/emugames/Roms/pcenginecd/Dragon Slayer - The Legend of Heroes [U][SCD][TGXCD1029][Falcom][1992][PCE][thx-1138-darkwater].chd	388844088
/mnt/backups/Games/Roms/Core_Roms/pcenginecd/Prince of Persia [U][SCD][TGXCD1027][Broderbund][1992][PCE][thx-1138-darkwater].chd	/mnt/backups/Games/Roms/Core_Roms/tg-cd/Prince of Persia [U][SCD][TGXCD1027][Broderbund][1992][PCE][thx-1138-darkwater].chd	256092106
/mnt/backups/Games/Roms/Core_Roms/pcenginecd/Prince of Persia [U][SCD][TGXCD1027][Broderbund][1992][PCE][thx-1138-darkwater].chd	/mnt/backups/Games/Roms/handheldbackup/PS Classic/MagnusRCfarewellv2/roms/tg-cd/Prince of Persia [U][SCD][TGXCD1027][Broderbund][1992][PCE][thx-1138-darkwater].chd	256092106
/mnt/backups/Games/Roms/Core_Roms/pcenginecd/Prince of Persia [U][SCD][TGXCD1027][Broderbund][1992][PCE][thx-1138-darkwater].chd	/mnt/backups/Games/Roms/handheldbackup/RGBackup/Roms/pcenginecd/Prince of Persia [U][SCD][TGXCD1027][Broderbund][1992][PCE][thx-1138-darkwater].chd	256092106
/mnt/backups/Games/Roms/Core_Roms/pcenginecd/Prince of Persia [U][SCD][TGXCD1027][Broderbund][1992][PCE][thx-1138-darkwater].chd	/mnt/backups/Games/Roms/handheldbackup/emugames/Roms/pcenginecd/Prince of Persia [U][SCD][TGXCD1027][Broderbund][1992][PCE][thx-1138-darkwater].chd	256092106
/mnt/backups/Games/Roms/Core_Roms/pcenginecd/Prince of Persia [U][SCD][TGXCD1027][Broderbund][1992][PCE][thx-1138-darkwater].chd	/mnt/backups/Games/Roms/handheldbackup/RGBackup/PCECD/Prince of Persia (USA).chd	256092106
/mnt/backups/Games/Roms/Core_Roms/pcenginecd/Prince of Persia [U][SCD][TGXCD1027][Broderbund][1992][PCE][thx-1138-darkwater].chd	/mnt/backups/Games/Roms/handheldbackup/rg34xxsp_backup/Roms/PCECD/Prince of Persia (USA).chd	256092106
/mnt/backups/Games/Roms/Core_Roms/psp/Disney-Pixar WALL-E (US).iso	/mnt/backups/Games/Roms/handheldbackup/RGBackup/Roms/psp/Disney-Pixar WALL-E (US).iso	767590400
/mnt/backups/Games/Roms/Core_Roms/psp/Disney-Pixar WALL-E (US).iso	/mnt/backups/Games/Roms/handheldbackup/emugames/Roms/psp/Disney-Pixar WALL-E (US).iso	767590400
/mnt/backups/Games/Roms/Core_Roms/pcenginecd/Lords of Thunder [U][SCD][TGXCD1033][Red][1993][PCE][thx-1138-darkwater].chd	/mnt/backups/Games/Roms/Core_Roms/tg-cd/Lords of Thunder [U][SCD][TGXCD1033][Red][1993][PCE][thx-1138-darkwater].chd	381177709
/mnt/backups/Games/Roms/Core_Roms/pcenginecd/Lords of Thunder [U][SCD][TGXCD1033][Red][1993][PCE][thx-1138-darkwater].chd	/mnt/backups/Games/Roms/handheldbackup/PS Classic/MagnusRCfarewellv2/roms/tg-cd/Lords of Thunder [U][SCD][TGXCD1033][Red][1993][PCE][thx-1138-darkwater].chd	381177709
/mnt/backups/Games/Roms/Core_Roms/pcenginecd/Lords of Thunder [U][SCD][TGXCD1033][Red][1993][PCE][thx-1138-darkwater].chd	/mnt/backups/Games/Roms/handheldbackup/RGBackup/Roms/pcenginecd/Lords of Thunder [U][SCD][TGXCD1033][Red][1993][PCE][thx-1138-darkwater].chd	381177709
/mnt/backups/Games/Roms/Core_Roms/pcenginecd/Lords of Thunder [U][SCD][TGXCD1033][Red][1993][PCE][thx-1138-darkwater].chd	/mnt/backups/Games/Roms/handheldbackup/emugames/Roms/pcenginecd/Lords of Thunder [U][SCD][TGXCD1033][Red][1993][PCE][thx-1138-darkwater].chd	381177709
/mnt/backups/Games/Roms/Core_Roms/dreamcast/Mat Hoffman's Pro BMX (USA).chd	/mnt/backups/Games/Roms/handheldbackup/RGBackup/Roms/dreamcast/Mat Hoffman's Pro BMX (USA).chd	760949694
/mnt/backups/Games/Roms/Core_Roms/dreamcast/Mat Hoffman's Pro BMX (USA).chd	/mnt/backups/Games/Roms/handheldbackup/emugames/Roms/dreamcast/Mat Hoffman's Pro BMX (USA).chd	760949694
/mnt/backups/Games/brickprobackup/Roms/PSP/Burnout Legends.iso	/mnt/backups/Games/Roms/Core_Roms/psp/Burnout Legends (US).iso	505905152
/mnt/backups/Games/brickprobackup/Roms/PSP/Burnout Legends.iso	/mnt/backups/Games/Roms/handheldbackup/RGBackup/Roms/psp/Burnout Legends (US).iso	505905152
/mnt/backups/Games/brickprobackup/Roms/PSP/Burnout Legends.iso	/mnt/backups/Games/Roms/handheldbackup/emugames/Roms/psp/Burnout Legends (US).iso	505905152
/mnt/backups/Games/brickprobackup/Roms/PSP/LittleBigPlanet.iso	/mnt/backups/Games/Roms/Archive/PSP_US_Arquivista/LittleBigPlanet (US).iso	1506869248
/mnt/backups/Games/Roms/Core_Roms/dreamcast/Cyber Troopers - Virtual-On - Oratorio Tangram (USA).chd	/mnt/backups/Games/Roms/handheldbackup/RGBackup/Roms/dreamcast/Cyber Troopers - Virtual-On - Oratorio Tangram (USA).chd	749438376
/mnt/backups/Games/Roms/Core_Roms/dreamcast/Cyber Troopers - Virtual-On - Oratorio Tangram (USA).chd	/mnt/backups/Games/Roms/handheldbackup/emugames/Roms/dreamcast/Cyber Troopers - Virtual-On - Oratorio Tangram (USA).chd	749438376
/mnt/backups/Games/Roms/Core_Roms/pcenginecd/Bonk III - Bonk's Big Adventure [U][SCD][TGXCD1052][Red][1993][PCE][thx-1138-darkwater].chd	/mnt/backups/Games/Roms/Core_Roms/tg-cd/Bonk III - Bonk's Big Adventure [U][SCD][TGXCD1052][Red][1993][PCE][thx-1138-darkwater].chd	372246598
/mnt/backups/Games/Roms/Core_Roms/pcenginecd/Bonk III - Bonk's Big Adventure [U][SCD][TGXCD1052][Red][1993][PCE][thx-1138-darkwater].chd	/mnt/backups/Games/Roms/handheldbackup/PS Classic/MagnusRCfarewellv2/roms/tg-cd/Bonk III - Bonk's Big Adventure [U][SCD][TGXCD1052][Red][1993][PCE][thx-1138-darkwater].chd	372246598
/mnt/backups/Games/Roms/Core_Roms/pcenginecd/Bonk III - Bonk's Big Adventure [U][SCD][TGXCD1052][Red][1993][PCE][thx-1138-darkwater].chd	/mnt/backups/Games/Roms/handheldbackup/RGBackup/Roms/pcenginecd/Bonk III - Bonk's Big Adventure [U][SCD][TGXCD1052][Red][1993][PCE][thx-1138-darkwater].chd	372246598
/mnt/backups/Games/Roms/Core_Roms/pcenginecd/Bonk III - Bonk's Big Adventure [U][SCD][TGXCD1052][Red][1993][PCE][thx-1138-darkwater].chd	/mnt/backups/Games/Roms/handheldbackup/emugames/Roms/pcenginecd/Bonk III - Bonk's Big Adventure [U][SCD][TGXCD1052][Red][1993][PCE][thx-1138-darkwater].chd	372246598
/mnt/backups/Games/Roms/handheldbackup/miyoomini backup/Roms/PS/Need for Speed - High Stakes (USA).chd	/mnt/backups/Games/Roms/handheldbackup/rg34xxsp_backup/Roms/PS/Need for Speed - High Stakes (USA).chd	494569412
/mnt/backups/Games/Roms/handheldbackup/miyoomini backup/Roms/PS/Need for Speed - High Stakes (USA).chd	/mnt/backups/Games/Roms/Core_Roms/psx/Need for Speed - High Stakes (USA).chd	494569412
/mnt/backups/Games/Roms/handheldbackup/miyoomini backup/Roms/PS/Need for Speed - High Stakes (USA).chd	/mnt/backups/Games/Roms/Core_Roms/psx/Need for Speed - High Stakes.chd	494569412
/mnt/backups/Games/Roms/Core_Roms/dreamcast/Seaman (USA).chd	/mnt/backups/Games/Roms/handheldbackup/RGBackup/Roms/dreamcast/Seaman (USA).chd	741637967
/mnt/backups/Games/Roms/Core_Roms/dreamcast/Seaman (USA).chd	/mnt/backups/Games/Roms/handheldbackup/emugames/Roms/dreamcast/Seaman (USA).chd	741637967
/mnt/backups/Games/Roms/Core_Roms/psp/Star Wars - Battlefront 2 (US).iso	/mnt/backups/Games/Roms/handheldbackup/RGBackup/Roms/psp/Star Wars - Battlefront 2 (US).iso	738656256
/mnt/backups/Games/Roms/Core_Roms/psp/Star Wars - Battlefront 2 (US).iso	/mnt/backups/Games/Roms/handheldbackup/emugames/Roms/psp/Star Wars - Battlefront 2 (US).iso	738656256
/mnt/backups/Games/brickprobackup/Roms/PSP/3rd Birthday, The.iso	/mnt/backups/Games/Roms/Archive/PSP_US_Arquivista/The 3rd Birthday (US).iso	1467547648
/mnt/backups/Games/Roms/handheldbackup/miyoomini backup/Roms/SEGACD/Flink (USA).chd	/mnt/backups/Games/Roms/Core_Roms/megacd/Flink (USA).chd	293455729
/mnt/backups/Games/Roms/handheldbackup/miyoomini backup/Roms/SEGACD/Flink (USA).chd	/mnt/backups/Games/Roms/Core_Roms/segacd/Flink (USA).chd	293455729
/mnt/backups/Games/Roms/handheldbackup/miyoomini backup/Roms/SEGACD/Flink (USA).chd	/mnt/backups/Games/Roms/handheldbackup/PS Classic/MagnusRCfarewellv2/roms/segacd/Flink (USA).chd	293455729
/mnt/backups/Games/Roms/handheldbackup/miyoomini backup/Roms/SEGACD/Flink (USA).chd	/mnt/backups/Games/Roms/handheldbackup/RGBackup/Roms/megacd/Flink (USA).chd	293455729
/mnt/backups/Games/Roms/handheldbackup/miyoomini backup/Roms/SEGACD/Flink (USA).chd	/mnt/backups/Games/Roms/handheldbackup/emugames/Roms/megacd/Flink (USA).chd	293455729
/mnt/backups/Games/Roms/Core_Roms/pcenginecd/Riot Zone [U][SCD][TGXCD1035][Westone][1993][PCE][japman].chd	/mnt/backups/Games/Roms/Core_Roms/tg-cd/Riot Zone [U][SCD][TGXCD1035][Westone][1993][PCE][japman].chd	366737899
/mnt/backups/Games/Roms/Core_Roms/pcenginecd/Riot Zone [U][SCD][TGXCD1035][Westone][1993][PCE][japman].chd	/mnt/backups/Games/Roms/handheldbackup/PS Classic/MagnusRCfarewellv2/roms/tg-cd/Riot Zone [U][SCD][TGXCD1035][Westone][1993][PCE][japman].chd	366737899
/mnt/backups/Games/Roms/Core_Roms/pcenginecd/Riot Zone [U][SCD][TGXCD1035][Westone][1993][PCE][japman].chd	/mnt/backups/Games/Roms/handheldbackup/RGBackup/Roms/pcenginecd/Riot Zone [U][SCD][TGXCD1035][Westone][1993][PCE][japman].chd	366737899
/mnt/backups/Games/Roms/Core_Roms/pcenginecd/Riot Zone [U][SCD][TGXCD1035][Westone][1993][PCE][japman].chd	/mnt/backups/Games/Roms/handheldbackup/emugames/Roms/pcenginecd/Riot Zone [U][SCD][TGXCD1035][Westone][1993][PCE][japman].chd	366737899
/mnt/backups/Games/Roms/Core_Roms/megadrive-msu/SoundPack_WBIMW-MSUMD_PCECD.bin	/mnt/backups/Games/Roms/handheldbackup/PS Classic/MagnusRCfarewellv2/roms/msu-md/SoundPack_WBIMW-MSUMD_PCECD.bin	488566848
/mnt/backups/Games/Roms/Core_Roms/megadrive-msu/SoundPack_WBIMW-MSUMD_PCECD.bin	/mnt/backups/Games/Roms/handheldbackup/RGBackup/Roms/msu-md/SoundPack_WBIMW-MSUMD_PCECD.bin	488566848
/mnt/backups/Games/Roms/Core_Roms/megadrive-msu/SoundPack_WBIMW-MSUMD_PCECD.bin	/mnt/backups/Games/Roms/handheldbackup/emugames/Roms/msu-md/SoundPack_WBIMW-MSUMD_PCECD.bin	488566848
/mnt/backups/Games/Roms/Core_Roms/psp/Disney-Pixar Cars 2 (US).iso	/mnt/backups/Games/Roms/handheldbackup/RGBackup/Roms/psp/Disney-Pixar Cars 2 (US).iso	732397568
/mnt/backups/Games/Roms/Core_Roms/psp/Disney-Pixar Cars 2 (US).iso	/mnt/backups/Games/Roms/handheldbackup/emugames/Roms/psp/Disney-Pixar Cars 2 (US).iso	732397568
/mnt/backups/Games/Roms/Core_Roms/dreamcast/Flag to Flag (USA).chd	/mnt/backups/Games/Roms/handheldbackup/RGBackup/Roms/dreamcast/Flag to Flag (USA).chd	729885220
/mnt/backups/Games/Roms/Core_Roms/dreamcast/Flag to Flag (USA).chd	/mnt/backups/Games/Roms/handheldbackup/emugames/Roms/dreamcast/Flag to Flag (USA).chd	729885220
/mnt/backups/Games/Roms/Core_Roms/dreamcast/multi-disc/D2 (USA) (Disc 4).chd	/mnt/backups/Games/Roms/handheldbackup/RGBackup/Roms/dreamcast/D2 (USA) (Disc 4).chd	729434929
/mnt/backups/Games/Roms/Core_Roms/dreamcast/multi-disc/D2 (USA) (Disc 4).chd	/mnt/backups/Games/Roms/handheldbackup/emugames/Roms/dreamcast/D2 (USA) (Disc 4).chd	729434929
/mnt/backups/Games/Roms/handheldbackup/emugames/Roms/gc/Animal Crossing.gcz	/mnt/backups/Games/Roms/Core_Roms/gamecube/Animal Crossing.gcz	1450667545
/mnt/backups/Games/Roms/Core_Roms/psp/Persona 2 - Eternal Punishment (USA)/Persona 2 - Eternal Punishment (USA).bin	/mnt/backups/Games/Roms/handheldbackup/RGBackup/Roms/psp/Persona 2 - Eternal Punishment (USA)/Persona 2 - Eternal Punishment (USA).bin	724827600
/mnt/backups/Games/Roms/Core_Roms/psp/Persona 2 - Eternal Punishment (USA)/Persona 2 - Eternal Punishment (USA).bin	/mnt/backups/Games/Roms/handheldbackup/emugames/Roms/psp/Persona 2 - Eternal Punishment (USA)/Persona 2 - Eternal Punishment (USA).bin	724827600
/mnt/backups/Games/Roms/handheldbackup/emugames/Roms/gc/Legend of Zelda The Four Swords Adventures.gcz	/mnt/backups/Games/Roms/Core_Roms/gamecube/Legend of Zelda The Four Swords Adventures.gcz	1448805794
/mnt/backups/Games/Roms/handheldbackup/miyoomini backup/Roms/PS/Elemental Gearbolt (USA).chd	/mnt/backups/Games/Roms/Core_Roms/psx/Elemental Gearbolt (USA).chd	361198200
/mnt/backups/Games/Roms/handheldbackup/miyoomini backup/Roms/PS/Elemental Gearbolt (USA).chd	/mnt/backups/Games/Roms/handheldbackup/PS Classic/MagnusRCfarewellv2/roms/psx/Elemental Gearbolt (USA).chd	361198200
/mnt/backups/Games/Roms/handheldbackup/miyoomini backup/Roms/PS/Elemental Gearbolt (USA).chd	/mnt/backups/Games/Roms/handheldbackup/RGBackup/Roms/psx/Elemental Gearbolt (USA).chd	361198200
/mnt/backups/Games/Roms/handheldbackup/miyoomini backup/Roms/PS/Elemental Gearbolt (USA).chd	/mnt/backups/Games/Roms/handheldbackup/emugames/Roms/psx/Elemental Gearbolt (USA).chd	361198200
/mnt/backups/Games/MAME32ARCADE.iso	/mnt/backups/backup/dnewman/Desktop/MAME32ARCADE.iso	720240640
/mnt/backups/Games/MAME32ARCADE.iso	/mnt/backups/backup/dnewman/Desktop/To Move to MAME/MAME32ARCADE.iso	720240640
/mnt/backups/Games/brickprobackup/Roms/PSP/Star Ocean - Second Evolution.iso	/mnt/backups/Games/Roms/Archive/PSP_US_Arquivista/Star Ocean - Second Evolution (US).iso	1439825920
/mnt/backups/Games/Roms/handheldbackup/emugames/Roms/gc/Mario Power Tennis.gcz	/mnt/backups/Games/Roms/Core_Roms/gamecube/Mario Power Tennis.gcz	1432434479
/mnt/backups/Games/Roms/handheldbackup/miyoomini backup/Roms/PS/Twisted Metal 2 (USA).chd	/mnt/backups/Games/Roms/Core_Roms/psx/Twisted Metal 2 (USA).chd	477447016
/mnt/backups/Games/Roms/handheldbackup/miyoomini backup/Roms/PS/Twisted Metal 2 (USA).chd	/mnt/backups/Games/Roms/handheldbackup/RGBackup/Roms/psx/Twisted Metal 2 (USA).chd	477447016
/mnt/backups/Games/Roms/handheldbackup/miyoomini backup/Roms/PS/Twisted Metal 2 (USA).chd	/mnt/backups/Games/Roms/handheldbackup/emugames/Roms/psx/Twisted Metal 2 (USA).chd	477447016
/mnt/backups/Games/Roms/Core_Roms/neogeocd/Metal Slug 2.chd	/mnt/backups/Games/Roms/handheldbackup/PS Classic/MagnusRCfarewellv2/roms/neogeocd/Metal Slug 2.chd	476464518
/mnt/backups/Games/Roms/Core_Roms/neogeocd/Metal Slug 2.chd	/mnt/backups/Games/Roms/handheldbackup/RGBackup/Roms/neogeocd/Metal Slug 2.chd	476464518
/mnt/backups/Games/Roms/Core_Roms/neogeocd/Metal Slug 2.chd	/mnt/backups/Games/Roms/handheldbackup/emugames/Roms/neogeocd/Metal Slug 2.chd	476464518
/mnt/backups/Games/Roms/Core_Roms/pcenginecd/Camp California [U][SCD][TGXCD1013][ICOM Simulations][1993][PCE][raph99].chd	/mnt/backups/Games/Roms/Core_Roms/tg-cd/Camp California [U][SCD][TGXCD1013][ICOM Simulations][1993][PCE][raph99].chd	356523393
/mnt/backups/Games/Roms/Core_Roms/pcenginecd/Camp California [U][SCD][TGXCD1013][ICOM Simulations][1993][PCE][raph99].chd	/mnt/backups/Games/Roms/handheldbackup/PS Classic/MagnusRCfarewellv2/roms/tg-cd/Camp California [U][SCD][TGXCD1013][ICOM Simulations][1993][PCE][raph99].chd	356523393
/mnt/backups/Games/Roms/Core_Roms/pcenginecd/Camp California [U][SCD][TGXCD1013][ICOM Simulations][1993][PCE][raph99].chd	/mnt/backups/Games/Roms/handheldbackup/RGBackup/Roms/pcenginecd/Camp California [U][SCD][TGXCD1013][ICOM Simulations][1993][PCE][raph99].chd	356523393
/mnt/backups/Games/Roms/Core_Roms/pcenginecd/Camp California [U][SCD][TGXCD1013][ICOM Simulations][1993][PCE][raph99].chd	/mnt/backups/Games/Roms/handheldbackup/emugames/Roms/pcenginecd/Camp California [U][SCD][TGXCD1013][ICOM Simulations][1993][PCE][raph99].chd	356523393
/mnt/backups/BlurrBackup/20250813_backup/Downloads/ISOs/pwnagotchi/pwnagotchi-v1.8.5.7z	/mnt/backups/ISOs/pwnagotchi/pwnagotchi-v1.8.5.7z	1419145747
/mnt/backups/Games/Roms/handheldbackup/emugames/Roms/gc/Star Wars Rogue Squadron II.gcz	/mnt/backups/Games/Roms/Core_Roms/gamecube/Star Wars Rogue Squadron II.gcz	1416661216
/mnt/backups/Games/Roms/handheldbackup/miyoomini backup/Roms/PS/Spyro 2 - Ripto's Rage! (USA).chd	/mnt/backups/Games/Roms/handheldbackup/PS Classic/MagnusRCfarewellv2/roms/psx/Spyro 2 - Ripto's Rage! (USA).chd	353479885
/mnt/backups/Games/Roms/handheldbackup/miyoomini backup/Roms/PS/Spyro 2 - Ripto's Rage! (USA).chd	/mnt/backups/Games/Roms/handheldbackup/RGBackup/Roms/psx/Spyro 2 - Ripto's Rage! (USA).chd	353479885
/mnt/backups/Games/Roms/handheldbackup/miyoomini backup/Roms/PS/Spyro 2 - Ripto's Rage! (USA).chd	/mnt/backups/Games/Roms/handheldbackup/emugames/Roms/psx/Spyro 2 - Ripto's Rage! (USA).chd	353479885
/mnt/backups/Games/Roms/handheldbackup/miyoomini backup/Roms/PS/Spyro 2 - Ripto's Rage! (USA).chd	/mnt/backups/Games/Roms/Core_Roms/psx/Spyro 2 - Ripto's Rage! (USA).chd	353479885
/mnt/backups/Games/Roms/Core_Roms/psp/Indiana Jones and the Staff of Kings (US).iso	/mnt/backups/Games/Roms/handheldbackup/RGBackup/Roms/psp/Indiana Jones and the Staff of Kings (US).iso	703463424
/mnt/backups/Games/Roms/Core_Roms/psp/Indiana Jones and the Staff of Kings (US).iso	/mnt/backups/Games/Roms/handheldbackup/emugames/Roms/psp/Indiana Jones and the Staff of Kings (US).iso	703463424
/mnt/backups/Games/Roms/handheldbackup/miyoomini backup/Roms/PS/Spyro the Dragon (USA).chd	/mnt/backups/Games/Roms/handheldbackup/PS Classic/MagnusRCfarewellv2/roms/psx/Spyro the Dragon (USA).chd	351701780
/mnt/backups/Games/Roms/handheldbackup/miyoomini backup/Roms/PS/Spyro the Dragon (USA).chd	/mnt/backups/Games/Roms/handheldbackup/RGBackup/Roms/psx/Spyro the Dragon (USA).chd	351701780
/mnt/backups/Games/Roms/handheldbackup/miyoomini backup/Roms/PS/Spyro the Dragon (USA).chd	/mnt/backups/Games/Roms/handheldbackup/emugames/Roms/psx/Spyro the Dragon (USA).chd	351701780
/mnt/backups/Games/Roms/handheldbackup/miyoomini backup/Roms/PS/Spyro the Dragon (USA).chd	/mnt/backups/Games/Roms/Core_Roms/psx/Spyro the Dragon (USA).chd	351701780
/mnt/backups/Games/brickprobackup/Roms/PSP/Daxter.iso	/mnt/backups/Games/Roms/Archive/PSP_US_Arquivista/Daxter (US).iso	1405845504
/mnt/backups/BlurrBackup/20250813_backup/Downloads/ISOs/pwnagotchi/pwnagotchi-2.8.9-64bit.img.xz	/mnt/backups/ISOs/pwnagotchi/pwnagotchi-2.8.9-64bit.img.xz	1399041800
/mnt/backups/Games/brickprobackup/Roms/PSP/Dynasty Warriors - Strikeforce.iso	/mnt/backups/Games/Roms/Archive/PSP_US_Arquivista/Dynasty Warriors - Strikeforce (US).iso	1397325824
/mnt/backups/Games/Roms/handheldbackup/emugames/Roms/gc/Mario Superstar Baseball.gcz	/mnt/backups/Games/Roms/Core_Roms/gamecube/Mario Superstar Baseball.gcz	1395959379
/mnt/backups/Games/Roms/Core_Roms/psp/NFL Street 2 - Unleashed (US).iso	/mnt/backups/Games/Roms/handheldbackup/RGBackup/Roms/psp/NFL Street 2 - Unleashed (US).iso	695861248
/mnt/backups/Games/Roms/Core_Roms/psp/NFL Street 2 - Unleashed (US).iso	/mnt/backups/Games/Roms/handheldbackup/emugames/Roms/psp/NFL Street 2 - Unleashed (US).iso	695861248
/mnt/backups/Games/Roms/Core_Roms/psp/Metal Slug XX (US).iso	/mnt/backups/Games/Roms/handheldbackup/PS Classic/MagnusRCfarewellv2/roms/psp/Metal Slug XX (US).iso	463732736
/mnt/backups/Games/Roms/Core_Roms/psp/Metal Slug XX (US).iso	/mnt/backups/Games/Roms/handheldbackup/RGBackup/Roms/psp/Metal Slug XX (US).iso	463732736
/mnt/backups/Games/Roms/Core_Roms/psp/Metal Slug XX (US).iso	/mnt/backups/Games/Roms/handheldbackup/emugames/Roms/psp/Metal Slug XX (US).iso	463732736
/mnt/backups/Games/Roms/Region_Sorted/psp/Japan/Persona 2 - Tsumi - Innocent Sin (Japan) (Rev 1)/Persona 2 - Tsumi - Innocent Sin (Japan) (Rev 1).bin	/mnt/backups/Games/Roms/handheldbackup/RGBackup/Roms/psp/Persona 2 - Tsumi - Innocent Sin (Japan) (Rev 1)/Persona 2 - Tsumi - Innocent Sin (Japan) (Rev 1).bin	691328064
/mnt/backups/Games/Roms/Region_Sorted/psp/Japan/Persona 2 - Tsumi - Innocent Sin (Japan) (Rev 1)/Persona 2 - Tsumi - Innocent Sin (Japan) (Rev 1).bin	/mnt/backups/Games/Roms/handheldbackup/emugames/Roms/psp/Persona 2 - Tsumi - Innocent Sin (Japan) (Rev 1)/Persona 2 - Tsumi - Innocent Sin (Japan) (Rev 1).bin	691328064
/mnt/backups/Games/Roms/Core_Roms/psp/Burnout Dominator (US).iso	/mnt/backups/Games/Roms/handheldbackup/RGBackup/Roms/psp/Burnout Dominator (US).iso	691109888
/mnt/backups/Games/Roms/Core_Roms/psp/Burnout Dominator (US).iso	/mnt/backups/Games/Roms/handheldbackup/emugames/Roms/psp/Burnout Dominator (US).iso	691109888
/mnt/backups/Games/brickprobackup/Roms/PSP/Dragon Ball Z - Tenkaichi Tag Team.iso	/mnt/backups/Games/Roms/Archive/PSP_US_Arquivista/Dragon Ball Z - Tenkaichi Tag Team (US).iso	1372225536
/mnt/backups/BlurrBackup/20250813_backup/Downloads/ISOs/openSUSE-Leap-Micro.aarch64-Default-SelfInstall.iso	/mnt/backups/ISOs/openSUSE-Leap-Micro.aarch64-Default-SelfInstall.iso	1364787200
/mnt/backups/Games/Roms/Core_Roms/dreamcast/Test Drive V-Rally (USA) (En,Fr,De).chd	/mnt/backups/Games/Roms/handheldbackup/RGBackup/Roms/dreamcast/Test Drive V-Rally (USA) (En,Fr,De).chd	680572916
/mnt/backups/Games/Roms/Core_Roms/dreamcast/Test Drive V-Rally (USA) (En,Fr,De).chd	/mnt/backups/Games/Roms/handheldbackup/emugames/Roms/dreamcast/Test Drive V-Rally (USA) (En,Fr,De).chd	680572916
/mnt/backups/Games/Roms/Core_Roms/psp/LEGO Indiana Jones 2 - The Adventure Continues (US).iso	/mnt/backups/Games/Roms/handheldbackup/RGBackup/Roms/psp/LEGO Indiana Jones 2 - The Adventure Continues (US).iso	677511168
/mnt/backups/Games/Roms/Core_Roms/psp/LEGO Indiana Jones 2 - The Adventure Continues (US).iso	/mnt/backups/Games/Roms/handheldbackup/emugames/Roms/psp/LEGO Indiana Jones 2 - The Adventure Continues (US).iso	677511168
/mnt/backups/Games/Roms/Core_Roms/megadrive-msu/Ghostbusters (MSU-MD) (World).bin	/mnt/backups/Games/Roms/handheldbackup/PS Classic/MagnusRCfarewellv2/roms/msu-md/Ghostbusters (MSU-MD) (World).bin	450676128
/mnt/backups/Games/Roms/Core_Roms/megadrive-msu/Ghostbusters (MSU-MD) (World).bin	/mnt/backups/Games/Roms/handheldbackup/RGBackup/Roms/msu-md/Ghostbusters (MSU-MD) (World).bin	450676128
/mnt/backups/Games/Roms/Core_Roms/megadrive-msu/Ghostbusters (MSU-MD) (World).bin	/mnt/backups/Games/Roms/handheldbackup/emugames/Roms/msu-md/Ghostbusters (MSU-MD) (World).bin	450676128
/mnt/backups/Games/Roms/Core_Roms/dreamcast/NFL 2K2 (USA).chd	/mnt/backups/Games/Roms/handheldbackup/RGBackup/Roms/dreamcast/NFL 2K2 (USA).chd	675412546
/mnt/backups/Games/Roms/Core_Roms/dreamcast/NFL 2K2 (USA).chd	/mnt/backups/Games/Roms/handheldbackup/emugames/Roms/dreamcast/NFL 2K2 (USA).chd	675412546
/mnt/backups/Games/Roms/Core_Roms/megacd/Sonic CD (USA).chd	/mnt/backups/Games/Roms/Core_Roms/segacd/Sonic CD (USA).chd	337290690
/mnt/backups/Games/Roms/Core_Roms/megacd/Sonic CD (USA).chd	/mnt/backups/Games/Roms/handheldbackup/PS Classic/MagnusRCfarewellv2/roms/segacd/Sonic CD (USA).chd	337290690
/mnt/backups/Games/Roms/Core_Roms/megacd/Sonic CD (USA).chd	/mnt/backups/Games/Roms/handheldbackup/RGBackup/Roms/megacd/Sonic CD (USA).chd	337290690
/mnt/backups/Games/Roms/Core_Roms/megacd/Sonic CD (USA).chd	/mnt/backups/Games/Roms/handheldbackup/emugames/Roms/megacd/Sonic CD (USA).chd	337290690
/mnt/backups/Games/Roms/Core_Roms/neogeocd/Real Bout - Fatal Fury.chd	/mnt/backups/Games/Roms/handheldbackup/PS Classic/MagnusRCfarewellv2/roms/neogeocd/Real Bout - Fatal Fury.chd	449532218
/mnt/backups/Games/Roms/Core_Roms/neogeocd/Real Bout - Fatal Fury.chd	/mnt/backups/Games/Roms/handheldbackup/RGBackup/Roms/neogeocd/Real Bout - Fatal Fury.chd	449532218
/mnt/backups/Games/Roms/Core_Roms/neogeocd/Real Bout - Fatal Fury.chd	/mnt/backups/Games/Roms/handheldbackup/emugames/Roms/neogeocd/Real Bout - Fatal Fury.chd	449532218
/mnt/backups/Games/SinistriaDemo/Project Sinistria_Data/sharedassets2.assets.resS	/mnt/backups/Games/sinistria/Project Sinistria_Data/sharedassets2.assets.resS	1344098844
/mnt/backups/BlurrBackup/20250813_backup/Downloads/ISOs/openSUSE-Leap-Micro.x86_64-Default-qcow.qcow2	/mnt/backups/ISOs/openSUSE-Leap-Micro.x86_64-Default-qcow.qcow2	1341390848
/mnt/backups/Games/Roms/Core_Roms/psp/IL-2 Sturmovik - Birds of Prey (US).iso	/mnt/backups/Games/Roms/handheldbackup/RGBackup/Roms/psp/IL-2 Sturmovik - Birds of Prey (US).iso	670138368
/mnt/backups/Games/Roms/Core_Roms/psp/IL-2 Sturmovik - Birds of Prey (US).iso	/mnt/backups/Games/Roms/handheldbackup/emugames/Roms/psp/IL-2 Sturmovik - Birds of Prey (US).iso	670138368
/mnt/backups/Games/Roms/Core_Roms/megacd/Robo Aleste (USA).chd	/mnt/backups/Games/Roms/Core_Roms/segacd/Robo Aleste (USA).chd	334661128
/mnt/backups/Games/Roms/Core_Roms/megacd/Robo Aleste (USA).chd	/mnt/backups/Games/Roms/handheldbackup/PS Classic/MagnusRCfarewellv2/roms/segacd/Robo Aleste (USA).chd	334661128
/mnt/backups/Games/Roms/Core_Roms/megacd/Robo Aleste (USA).chd	/mnt/backups/Games/Roms/handheldbackup/RGBackup/Roms/megacd/Robo Aleste (USA).chd	334661128
/mnt/backups/Games/Roms/Core_Roms/megacd/Robo Aleste (USA).chd	/mnt/backups/Games/Roms/handheldbackup/emugames/Roms/megacd/Robo Aleste (USA).chd	334661128
/mnt/backups/Games/Roms/Core_Roms/megadrive-msu/soundPack_ZeroWing_PC-Engine_CD.bin	/mnt/backups/Games/Roms/handheldbackup/PS Classic/MagnusRCfarewellv2/roms/msu-md/soundPack_ZeroWing_PC-Engine_CD.bin	445899216
/mnt/backups/Games/Roms/Core_Roms/megadrive-msu/soundPack_ZeroWing_PC-Engine_CD.bin	/mnt/backups/Games/Roms/handheldbackup/RGBackup/Roms/msu-md/soundPack_ZeroWing_PC-Engine_CD.bin	445899216
/mnt/backups/Games/Roms/Core_Roms/megadrive-msu/soundPack_ZeroWing_PC-Engine_CD.bin	/mnt/backups/Games/Roms/handheldbackup/emugames/Roms/msu-md/soundPack_ZeroWing_PC-Engine_CD.bin	445899216
/mnt/backups/Games/Roms/Core_Roms/dreamcast/AirForce Delta (USA).chd	/mnt/backups/Games/Roms/handheldbackup/RGBackup/Roms/dreamcast/AirForce Delta (USA).chd	668045074
/mnt/backups/Games/Roms/Core_Roms/dreamcast/AirForce Delta (USA).chd	/mnt/backups/Games/Roms/handheldbackup/emugames/Roms/dreamcast/AirForce Delta (USA).chd	668045074
/mnt/backups/Games/Roms/Core_Roms/pcenginecd/Shape Shifter [U][SCD][TGXCD1021][ICOM Simulations][1992][PCE][japman].chd	/mnt/backups/Games/Roms/Core_Roms/tg-cd/Shape Shifter [U][SCD][TGXCD1021][ICOM Simulations][1992][PCE][japman].chd	332569346
/mnt/backups/Games/Roms/Core_Roms/pcenginecd/Shape Shifter [U][SCD][TGXCD1021][ICOM Simulations][1992][PCE][japman].chd	/mnt/backups/Games/Roms/handheldbackup/PS Classic/MagnusRCfarewellv2/roms/tg-cd/Shape Shifter [U][SCD][TGXCD1021][ICOM Simulations][1992][PCE][japman].chd	332569346
/mnt/backups/Games/Roms/Core_Roms/pcenginecd/Shape Shifter [U][SCD][TGXCD1021][ICOM Simulations][1992][PCE][japman].chd	/mnt/backups/Games/Roms/handheldbackup/RGBackup/Roms/pcenginecd/Shape Shifter [U][SCD][TGXCD1021][ICOM Simulations][1992][PCE][japman].chd	332569346
/mnt/backups/Games/Roms/Core_Roms/pcenginecd/Shape Shifter [U][SCD][TGXCD1021][ICOM Simulations][1992][PCE][japman].chd	/mnt/backups/Games/Roms/handheldbackup/emugames/Roms/pcenginecd/Shape Shifter [U][SCD][TGXCD1021][ICOM Simulations][1992][PCE][japman].chd	332569346
/mnt/backups/Games/Roms/Core_Roms/neogeocd/Double Dragon.chd	/mnt/backups/Games/Roms/handheldbackup/PS Classic/MagnusRCfarewellv2/roms/neogeocd/Double Dragon.chd	443181476
/mnt/backups/Games/Roms/Core_Roms/neogeocd/Double Dragon.chd	/mnt/backups/Games/Roms/handheldbackup/RGBackup/Roms/neogeocd/Double Dragon.chd	443181476
/mnt/backups/Games/Roms/Core_Roms/neogeocd/Double Dragon.chd	/mnt/backups/Games/Roms/handheldbackup/emugames/Roms/neogeocd/Double Dragon.chd	443181476
/mnt/backups/Games/Roms/Core_Roms/dreamcast/NFL 2K1 (USA).chd	/mnt/backups/Games/Roms/handheldbackup/RGBackup/Roms/dreamcast/NFL 2K1 (USA).chd	663691122
/mnt/backups/Games/Roms/Core_Roms/dreamcast/NFL 2K1 (USA).chd	/mnt/backups/Games/Roms/handheldbackup/emugames/Roms/dreamcast/NFL 2K1 (USA).chd	663691122
/mnt/backups/Games/Roms/Core_Roms/dreamcast/multi-disc/D2 (USA) (Disc 3).chd	/mnt/backups/Games/Roms/handheldbackup/RGBackup/Roms/dreamcast/D2 (USA) (Disc 3).chd	662290089
/mnt/backups/Games/Roms/Core_Roms/dreamcast/multi-disc/D2 (USA) (Disc 3).chd	/mnt/backups/Games/Roms/handheldbackup/emugames/Roms/dreamcast/D2 (USA) (Disc 3).chd	662290089
/mnt/backups/Games/Roms/Core_Roms/psx/Resident Evil - Director's Cut.chd	/mnt/backups/Games/Roms/handheldbackup/miyoomini backup/Roms/PS/Resident Evil - Director's Cut (USA).chd	330852427
/mnt/backups/Games/Roms/Core_Roms/psx/Resident Evil - Director's Cut.chd	/mnt/backups/Games/Roms/handheldbackup/rg34xxsp_backup/Roms/PS/Resident Evil - Director's Cut (USA).chd	330852427
/mnt/backups/Games/Roms/Core_Roms/psx/Resident Evil - Director's Cut.chd	/mnt/backups/Games/Roms/handheldbackup/RGBackup/PS/Resident Evil - Director's Cut (USA).chd	330852427
/mnt/backups/Games/Roms/Core_Roms/psx/Resident Evil - Director's Cut.chd	/mnt/backups/Games/Roms/handheldbackup/RGCubeBackup/Roms/PS/Resident Evil - Director's Cut (USA).chd	330852427
/mnt/backups/Games/Roms/Core_Roms/psp/Napoleon Dynamite - The Game (US).iso	/mnt/backups/Games/Roms/handheldbackup/RGBackup/Roms/psp/Napoleon Dynamite - The Game (US).iso	657883136
/mnt/backups/Games/Roms/Core_Roms/psp/Napoleon Dynamite - The Game (US).iso	/mnt/backups/Games/Roms/handheldbackup/emugames/Roms/psp/Napoleon Dynamite - The Game (US).iso	657883136
/mnt/backups/Games/Roms/Core_Roms/pcenginecd/Super Air Zonk [U][SCD][TGXCD1042][Red][1993][PCE][uncle remus].chd	/mnt/backups/Games/Roms/Core_Roms/tg-cd/Super Air Zonk [U][SCD][TGXCD1042][Red][1993][PCE][uncle remus].chd	328868977
/mnt/backups/Games/Roms/Core_Roms/pcenginecd/Super Air Zonk [U][SCD][TGXCD1042][Red][1993][PCE][uncle remus].chd	/mnt/backups/Games/Roms/handheldbackup/PS Classic/MagnusRCfarewellv2/roms/tg-cd/Super Air Zonk [U][SCD][TGXCD1042][Red][1993][PCE][uncle remus].chd	328868977
/mnt/backups/Games/Roms/Core_Roms/pcenginecd/Super Air Zonk [U][SCD][TGXCD1042][Red][1993][PCE][uncle remus].chd	/mnt/backups/Games/Roms/handheldbackup/RGBackup/Roms/pcenginecd/Super Air Zonk [U][SCD][TGXCD1042][Red][1993][PCE][uncle remus].chd	328868977
/mnt/backups/Games/Roms/Core_Roms/pcenginecd/Super Air Zonk [U][SCD][TGXCD1042][Red][1993][PCE][uncle remus].chd	/mnt/backups/Games/Roms/handheldbackup/emugames/Roms/pcenginecd/Super Air Zonk [U][SCD][TGXCD1042][Red][1993][PCE][uncle remus].chd	328868977
/mnt/backups/Games/Roms/Core_Roms/neogeocd/XenoCrisis.chd	/mnt/backups/Games/Roms/handheldbackup/PS Classic/MagnusRCfarewellv2/roms/neogeocd/XenoCrisis.chd	437884999
/mnt/backups/Games/Roms/Core_Roms/neogeocd/XenoCrisis.chd	/mnt/backups/Games/Roms/handheldbackup/RGBackup/Roms/neogeocd/XenoCrisis.chd	437884999
/mnt/backups/Games/Roms/Core_Roms/neogeocd/XenoCrisis.chd	/mnt/backups/Games/Roms/handheldbackup/emugames/Roms/neogeocd/XenoCrisis.chd	437884999
/mnt/backups/Games/Roms/Core_Roms/pcenginecd/4 in 1 Super CD [U][SCD][TGXCD1026][Red][1992][PCE].chd	/mnt/backups/Games/Roms/Core_Roms/tg-cd/4 in 1 Super CD [U][SCD][TGXCD1026][Red][1992][PCE].chd	327277185
/mnt/backups/Games/Roms/Core_Roms/pcenginecd/4 in 1 Super CD [U][SCD][TGXCD1026][Red][1992][PCE].chd	/mnt/backups/Games/Roms/handheldbackup/PS Classic/MagnusRCfarewellv2/roms/tg-cd/4 in 1 Super CD [U][SCD][TGXCD1026][Red][1992][PCE].chd	327277185
/mnt/backups/Games/Roms/Core_Roms/pcenginecd/4 in 1 Super CD [U][SCD][TGXCD1026][Red][1992][PCE].chd	/mnt/backups/Games/Roms/handheldbackup/RGBackup/Roms/pcenginecd/4 in 1 Super CD [U][SCD][TGXCD1026][Red][1992][PCE].chd	327277185
/mnt/backups/Games/Roms/Core_Roms/pcenginecd/4 in 1 Super CD [U][SCD][TGXCD1026][Red][1992][PCE].chd	/mnt/backups/Games/Roms/handheldbackup/emugames/Roms/pcenginecd/4 in 1 Super CD [U][SCD][TGXCD1026][Red][1992][PCE].chd	327277185
/mnt/backups/Games/Roms/handheldbackup/miyoomini backup/Roms/PCECD/Seirei Senshi Spriggan.chd	/mnt/backups/Games/Roms/handheldbackup/miyoomini backup/Roms/PCECD/Seirei Senshi Spriggan (Japan).chd	326000044
/mnt/backups/Games/Roms/handheldbackup/miyoomini backup/Roms/PCECD/Seirei Senshi Spriggan.chd	/mnt/backups/Games/Roms/handheldbackup/PS Classic/MagnusRCfarewellv2/roms/pcenginecd/Seirei Senshi Spriggan (Japan).chd	326000044
/mnt/backups/Games/Roms/handheldbackup/miyoomini backup/Roms/PCECD/Seirei Senshi Spriggan.chd	/mnt/backups/Games/Roms/handheldbackup/RGBackup/Roms/pcenginecd/Seirei Senshi Spriggan (Japan).chd	326000044
/mnt/backups/Games/Roms/handheldbackup/miyoomini backup/Roms/PCECD/Seirei Senshi Spriggan.chd	/mnt/backups/Games/Roms/handheldbackup/emugames/Roms/pcenginecd/Seirei Senshi Spriggan (Japan).chd	326000044
/mnt/backups/Games/Roms/Core_Roms/neogeocd/Ironclad.chd	/mnt/backups/Games/Roms/handheldbackup/PS Classic/MagnusRCfarewellv2/roms/neogeocd/Ironclad.chd	434314526
/mnt/backups/Games/Roms/Core_Roms/neogeocd/Ironclad.chd	/mnt/backups/Games/Roms/handheldbackup/RGBackup/Roms/neogeocd/Ironclad.chd	434314526
/mnt/backups/Games/Roms/Core_Roms/neogeocd/Ironclad.chd	/mnt/backups/Games/Roms/handheldbackup/emugames/Roms/neogeocd/Ironclad.chd	434314526
/mnt/backups/Games/Roms/Core_Roms/neogeocd/Ragnagard.chd	/mnt/backups/Games/Roms/handheldbackup/PS Classic/MagnusRCfarewellv2/roms/neogeocd/Ragnagard.chd	432251059
/mnt/backups/Games/Roms/Core_Roms/neogeocd/Ragnagard.chd	/mnt/backups/Games/Roms/handheldbackup/RGBackup/Roms/neogeocd/Ragnagard.chd	432251059
/mnt/backups/Games/Roms/Core_Roms/neogeocd/Ragnagard.chd	/mnt/backups/Games/Roms/handheldbackup/emugames/Roms/neogeocd/Ragnagard.chd	432251059
/mnt/backups/Games/Roms/handheldbackup/miyoomini backup/Roms/PS/Looney Tunes - Sheep Raider (USA).chd	/mnt/backups/Games/Roms/Core_Roms/psx/Looney Tunes - Sheep Raider (USA) (En-Fr-Es-Pt).chd	323646243
/mnt/backups/Games/Roms/handheldbackup/miyoomini backup/Roms/PS/Looney Tunes - Sheep Raider (USA).chd	/mnt/backups/Games/Roms/handheldbackup/PS Classic/MagnusRCfarewellv2/roms/psx/Looney Tunes - Sheep Raider (USA) (En-Fr-Es-Pt).chd	323646243
/mnt/backups/Games/Roms/handheldbackup/miyoomini backup/Roms/PS/Looney Tunes - Sheep Raider (USA).chd	/mnt/backups/Games/Roms/handheldbackup/RGBackup/Roms/psx/Looney Tunes - Sheep Raider (USA) (En-Fr-Es-Pt).chd	323646243
/mnt/backups/Games/Roms/handheldbackup/miyoomini backup/Roms/PS/Looney Tunes - Sheep Raider (USA).chd	/mnt/backups/Games/Roms/handheldbackup/emugames/Roms/psx/Looney Tunes - Sheep Raider (USA) (En-Fr-Es-Pt).chd	323646243
/mnt/backups/Games/Roms/Core_Roms/neogeocd/Metal Slug.chd	/mnt/backups/Games/Roms/handheldbackup/PS Classic/MagnusRCfarewellv2/roms/neogeocd/Metal Slug.chd	431225741
/mnt/backups/Games/Roms/Core_Roms/neogeocd/Metal Slug.chd	/mnt/backups/Games/Roms/handheldbackup/RGBackup/Roms/neogeocd/Metal Slug.chd	431225741
/mnt/backups/Games/Roms/Core_Roms/neogeocd/Metal Slug.chd	/mnt/backups/Games/Roms/handheldbackup/emugames/Roms/neogeocd/Metal Slug.chd	431225741
/mnt/backups/Games/Roms/handheldbackup/emugames/Roms/gc/Tony Hawk 3.gcz	/mnt/backups/Games/Roms/Core_Roms/gamecube/Tony Hawk 3.gcz	1290395466
/mnt/backups/Games/Roms/handheldbackup/emugames/Roms/gc/Simpsons Hit & Run.gcz	/mnt/backups/Games/Roms/Core_Roms/gamecube/Simpsons Hit & Run.gcz	1289325359
/mnt/backups/Games/Roms/Core_Roms/pcenginecd/Forgotten Worlds [U][SCD][TGXCD1030][Capcom][1992][PCE][aguichor].chd	/mnt/backups/Games/Roms/Core_Roms/tg-cd/Forgotten Worlds [U][SCD][TGXCD1030][Capcom][1992][PCE][aguichor].chd	321176414
/mnt/backups/Games/Roms/Core_Roms/pcenginecd/Forgotten Worlds [U][SCD][TGXCD1030][Capcom][1992][PCE][aguichor].chd	/mnt/backups/Games/Roms/handheldbackup/PS Classic/MagnusRCfarewellv2/roms/tg-cd/Forgotten Worlds [U][SCD][TGXCD1030][Capcom][1992][PCE][aguichor].chd	321176414
/mnt/backups/Games/Roms/Core_Roms/pcenginecd/Forgotten Worlds [U][SCD][TGXCD1030][Capcom][1992][PCE][aguichor].chd	/mnt/backups/Games/Roms/handheldbackup/RGBackup/Roms/pcenginecd/Forgotten Worlds [U][SCD][TGXCD1030][Capcom][1992][PCE][aguichor].chd	321176414
/mnt/backups/Games/Roms/Core_Roms/pcenginecd/Forgotten Worlds [U][SCD][TGXCD1030][Capcom][1992][PCE][aguichor].chd	/mnt/backups/Games/Roms/handheldbackup/emugames/Roms/pcenginecd/Forgotten Worlds [U][SCD][TGXCD1030][Capcom][1992][PCE][aguichor].chd	321176414
/mnt/backups/Games/Roms/Core_Roms/dreamcast/NFL 2K (USA).chd	/mnt/backups/Games/Roms/handheldbackup/RGBackup/Roms/dreamcast/NFL 2K (USA).chd	635825418
/mnt/backups/Games/Roms/Core_Roms/dreamcast/NFL 2K (USA).chd	/mnt/backups/Games/Roms/handheldbackup/emugames/Roms/dreamcast/NFL 2K (USA).chd	635825418
/mnt/backups/Games/Roms/Core_Roms/dreamcast/Monaco Grand Prix (USA).chd	/mnt/backups/Games/Roms/handheldbackup/RGBackup/Roms/dreamcast/Monaco Grand Prix (USA).chd	634892486
/mnt/backups/Games/Roms/Core_Roms/dreamcast/Monaco Grand Prix (USA).chd	/mnt/backups/Games/Roms/handheldbackup/emugames/Roms/dreamcast/Monaco Grand Prix (USA).chd	634892486
/mnt/backups/Games/Roms/handheldbackup/emugames/Roms/gc/Super Monkey Ball.gcz	/mnt/backups/Games/Roms/Core_Roms/gamecube/Super Monkey Ball.gcz	1268866457
/mnt/backups/Games/Roms/Core_Roms/pcenginecd/Ys IV - Dawn of Ys (T-En v0.95 - Dub v1.1).chd	/mnt/backups/Games/Roms/handheldbackup/PS Classic/MagnusRCfarewellv2/roms/pcenginecd/Ys IV - Dawn of Ys (T-En v0.95 - Dub v1.1).chd	422804213
/mnt/backups/Games/Roms/Core_Roms/pcenginecd/Ys IV - Dawn of Ys (T-En v0.95 - Dub v1.1).chd	/mnt/backups/Games/Roms/handheldbackup/RGBackup/Roms/pcenginecd/Ys IV - Dawn of Ys (T-En v0.95 - Dub v1.1).chd	422804213
/mnt/backups/Games/Roms/Core_Roms/pcenginecd/Ys IV - Dawn of Ys (T-En v0.95 - Dub v1.1).chd	/mnt/backups/Games/Roms/handheldbackup/emugames/Roms/pcenginecd/Ys IV - Dawn of Ys (T-En v0.95 - Dub v1.1).chd	422804213
/mnt/backups/Games/Roms/Core_Roms/psp/Capcom Classics Collection Reloaded (US).iso	/mnt/backups/Games/Roms/handheldbackup/RGBackup/Roms/psp/Capcom Classics Collection Reloaded (US).iso	633110528
/mnt/backups/Games/Roms/Core_Roms/psp/Capcom Classics Collection Reloaded (US).iso	/mnt/backups/Games/Roms/handheldbackup/emugames/Roms/psp/Capcom Classics Collection Reloaded (US).iso	633110528
/mnt/backups/BlurrBackup/20250813_backup/Downloads/ISOs/proxmox-backup-server_3.3-1.iso	/mnt/backups/ISOs/proxmox-backup-server_3.3-1.iso	1264087040
/mnt/backups/Games/Roms/Core_Roms/psx/Formula 1 (USA).chd	/mnt/backups/Games/Roms/handheldbackup/PS Classic/MagnusRCfarewellv2/roms/psx/Formula 1 (USA).chd	421318543
/mnt/backups/Games/Roms/Core_Roms/psx/Formula 1 (USA).chd	/mnt/backups/Games/Roms/handheldbackup/RGBackup/Roms/psx/Formula 1 (USA).chd	421318543
/mnt/backups/Games/Roms/Core_Roms/psx/Formula 1 (USA).chd	/mnt/backups/Games/Roms/handheldbackup/emugames/Roms/psx/Formula 1 (USA).chd	421318543
/mnt/backups/Games/Roms/Core_Roms/neogeocd/Galaxy Fight - Universal Warriors.chd	/mnt/backups/Games/Roms/handheldbackup/PS Classic/MagnusRCfarewellv2/roms/neogeocd/Galaxy Fight - Universal Warriors.chd	420491754
/mnt/backups/Games/Roms/Core_Roms/neogeocd/Galaxy Fight - Universal Warriors.chd	/mnt/backups/Games/Roms/handheldbackup/RGBackup/Roms/neogeocd/Galaxy Fight - Universal Warriors.chd	420491754
/mnt/backups/Games/Roms/Core_Roms/neogeocd/Galaxy Fight - Universal Warriors.chd	/mnt/backups/Games/Roms/handheldbackup/emugames/Roms/neogeocd/Galaxy Fight - Universal Warriors.chd	420491754
/mnt/backups/Games/brickprobackup/Roms/PSP/Final Fantasy Tactics - The War of the Lions.iso	/mnt/backups/Games/Roms/Core_Roms/psp/Final Fantasy Tactics - The War of the Lions (US).iso	418873344
/mnt/backups/Games/brickprobackup/Roms/PSP/Final Fantasy Tactics - The War of the Lions.iso	/mnt/backups/Games/Roms/handheldbackup/RGBackup/Roms/psp/Final Fantasy Tactics - The War of the Lions (US).iso	418873344
/mnt/backups/Games/brickprobackup/Roms/PSP/Final Fantasy Tactics - The War of the Lions.iso	/mnt/backups/Games/Roms/handheldbackup/emugames/Roms/psp/Final Fantasy Tactics - The War of the Lions (US).iso	418873344
/mnt/backups/Games/Roms/Core_Roms/pcenginecd/Dynastic Hero [U][SCD][TGXCD1053][Westone][1993][PCE][rigg].chd	/mnt/backups/Games/Roms/Core_Roms/tg-cd/Dynastic Hero [U][SCD][TGXCD1053][Westone][1993][PCE][rigg].chd	313201560
/mnt/backups/Games/Roms/Core_Roms/pcenginecd/Dynastic Hero [U][SCD][TGXCD1053][Westone][1993][PCE][rigg].chd	/mnt/backups/Games/Roms/handheldbackup/PS Classic/MagnusRCfarewellv2/roms/tg-cd/Dynastic Hero [U][SCD][TGXCD1053][Westone][1993][PCE][rigg].chd	313201560
/mnt/backups/Games/Roms/Core_Roms/pcenginecd/Dynastic Hero [U][SCD][TGXCD1053][Westone][1993][PCE][rigg].chd	/mnt/backups/Games/Roms/handheldbackup/RGBackup/Roms/pcenginecd/Dynastic Hero [U][SCD][TGXCD1053][Westone][1993][PCE][rigg].chd	313201560
/mnt/backups/Games/Roms/Core_Roms/pcenginecd/Dynastic Hero [U][SCD][TGXCD1053][Westone][1993][PCE][rigg].chd	/mnt/backups/Games/Roms/handheldbackup/emugames/Roms/pcenginecd/Dynastic Hero [U][SCD][TGXCD1053][Westone][1993][PCE][rigg].chd	313201560
/mnt/backups/Games/Roms/Core_Roms/neogeocd/Real Bout - Fatal Fury 2.chd	/mnt/backups/Games/Roms/handheldbackup/PS Classic/MagnusRCfarewellv2/roms/neogeocd/Real Bout - Fatal Fury 2.chd	417368063
/mnt/backups/Games/Roms/Core_Roms/neogeocd/Real Bout - Fatal Fury 2.chd	/mnt/backups/Games/Roms/handheldbackup/RGBackup/Roms/neogeocd/Real Bout - Fatal Fury 2.chd	417368063
/mnt/backups/Games/Roms/Core_Roms/neogeocd/Real Bout - Fatal Fury 2.chd	/mnt/backups/Games/Roms/handheldbackup/emugames/Roms/neogeocd/Real Bout - Fatal Fury 2.chd	417368063
/mnt/backups/Games/brickprobackup/Roms/PSP/Jeanne d'Arc.iso	/mnt/backups/Games/Roms/Archive/PSP_US_Arquivista/Jeanne d Arc (US).iso	1247412224
/mnt/backups/Games/Roms/Core_Roms/neogeocd/Voltage Fighter Gowcaizer.chd	/mnt/backups/Games/Roms/handheldbackup/PS Classic/MagnusRCfarewellv2/roms/neogeocd/Voltage Fighter Gowcaizer.chd	413228446
/mnt/backups/Games/Roms/Core_Roms/neogeocd/Voltage Fighter Gowcaizer.chd	/mnt/backups/Games/Roms/handheldbackup/RGBackup/Roms/neogeocd/Voltage Fighter Gowcaizer.chd	413228446
/mnt/backups/Games/Roms/Core_Roms/neogeocd/Voltage Fighter Gowcaizer.chd	/mnt/backups/Games/Roms/handheldbackup/emugames/Roms/neogeocd/Voltage Fighter Gowcaizer.chd	413228446
/mnt/backups/AI/ComfyUI/models/pose/vitpose-l-wholebody.onnx	/mnt/backups/AI/vitpose-l-wholebody.onnx	1234579166
/mnt/backups/Games/Roms/Core_Roms/neogeocd/Pleasuregoal.chd	/mnt/backups/Games/Roms/handheldbackup/PS Classic/MagnusRCfarewellv2/roms/neogeocd/Pleasuregoal.chd	410333951
/mnt/backups/Games/Roms/Core_Roms/neogeocd/Pleasuregoal.chd	/mnt/backups/Games/Roms/handheldbackup/RGBackup/Roms/neogeocd/Pleasuregoal.chd	410333951
/mnt/backups/Games/Roms/Core_Roms/neogeocd/Pleasuregoal.chd	/mnt/backups/Games/Roms/handheldbackup/emugames/Roms/neogeocd/Pleasuregoal.chd	410333951
/mnt/backups/Games/Roms/Core_Roms/megacd/Sol-Feace (USA) (RE2).chd	/mnt/backups/Games/Roms/Core_Roms/segacd/Sol-Feace (USA) (RE2).chd	307318818
/mnt/backups/Games/Roms/Core_Roms/megacd/Sol-Feace (USA) (RE2).chd	/mnt/backups/Games/Roms/handheldbackup/PS Classic/MagnusRCfarewellv2/roms/segacd/Sol-Feace (USA) (RE2).chd	307318818
/mnt/backups/Games/Roms/Core_Roms/megacd/Sol-Feace (USA) (RE2).chd	/mnt/backups/Games/Roms/handheldbackup/RGBackup/Roms/megacd/Sol-Feace (USA) (RE2).chd	307318818
/mnt/backups/Games/Roms/Core_Roms/megacd/Sol-Feace (USA) (RE2).chd	/mnt/backups/Games/Roms/handheldbackup/emugames/Roms/megacd/Sol-Feace (USA) (RE2).chd	307318818
/mnt/backups/Games/Roms/Core_Roms/psp/Final Fantasy 3 (US).iso	/mnt/backups/Games/Roms/handheldbackup/RGBackup/Roms/psp/Final Fantasy 3 (US).iso	613515264
/mnt/backups/Games/Roms/Core_Roms/psp/Final Fantasy 3 (US).iso	/mnt/backups/Games/Roms/handheldbackup/emugames/Roms/psp/Final Fantasy 3 (US).iso	613515264
/mnt/backups/Games/Roms/Core_Roms/neogeocd/Quiz King of Fighters.chd	/mnt/backups/Games/Roms/handheldbackup/PS Classic/MagnusRCfarewellv2/roms/neogeocd/Quiz King of Fighters.chd	408639481
/mnt/backups/Games/Roms/Core_Roms/neogeocd/Quiz King of Fighters.chd	/mnt/backups/Games/Roms/handheldbackup/RGBackup/Roms/neogeocd/Quiz King of Fighters.chd	408639481
/mnt/backups/Games/Roms/Core_Roms/neogeocd/Quiz King of Fighters.chd	/mnt/backups/Games/Roms/handheldbackup/emugames/Roms/neogeocd/Quiz King of Fighters.chd	408639481
/mnt/backups/Games/Roms/Core_Roms/psp/Crush (US).iso	/mnt/backups/Games/Roms/handheldbackup/RGBackup/Roms/psp/Crush (US).iso	612139008
/mnt/backups/Games/Roms/Core_Roms/psp/Crush (US).iso	/mnt/backups/Games/Roms/handheldbackup/emugames/Roms/psp/Crush (US).iso	612139008
/mnt/backups/Games/Roms/Core_Roms/neogeocd/Magical Drop 2.chd	/mnt/backups/Games/Roms/handheldbackup/PS Classic/MagnusRCfarewellv2/roms/neogeocd/Magical Drop 2.chd	407939003
/mnt/backups/Games/Roms/Core_Roms/neogeocd/Magical Drop 2.chd	/mnt/backups/Games/Roms/handheldbackup/RGBackup/Roms/neogeocd/Magical Drop 2.chd	407939003
/mnt/backups/Games/Roms/Core_Roms/neogeocd/Magical Drop 2.chd	/mnt/backups/Games/Roms/handheldbackup/emugames/Roms/neogeocd/Magical Drop 2.chd	407939003
/mnt/backups/Games/Roms/Core_Roms/dreamcast/multi-disc/D2 (USA) (Disc 2).chd	/mnt/backups/Games/Roms/handheldbackup/RGBackup/Roms/dreamcast/D2 (USA) (Disc 2).chd	609451893
/mnt/backups/Games/Roms/Core_Roms/dreamcast/multi-disc/D2 (USA) (Disc 2).chd	/mnt/backups/Games/Roms/handheldbackup/emugames/Roms/dreamcast/D2 (USA) (Disc 2).chd	609451893
/mnt/backups/Games/Roms/Core_Roms/neogeocd/Real Bout - Fatal Fury Special.chd	/mnt/backups/Games/Roms/handheldbackup/PS Classic/MagnusRCfarewellv2/roms/neogeocd/Real Bout - Fatal Fury Special.chd	406053626
/mnt/backups/Games/Roms/Core_Roms/neogeocd/Real Bout - Fatal Fury Special.chd	/mnt/backups/Games/Roms/handheldbackup/RGBackup/Roms/neogeocd/Real Bout - Fatal Fury Special.chd	406053626
/mnt/backups/Games/Roms/Core_Roms/neogeocd/Real Bout - Fatal Fury Special.chd	/mnt/backups/Games/Roms/handheldbackup/emugames/Roms/neogeocd/Real Bout - Fatal Fury Special.chd	406053626
/mnt/backups/Games/Roms/Core_Roms/neogeocd/Fatal Fury - Special.chd	/mnt/backups/Games/Roms/handheldbackup/PS Classic/MagnusRCfarewellv2/roms/neogeocd/Fatal Fury - Special.chd	404524583
/mnt/backups/Games/Roms/Core_Roms/neogeocd/Fatal Fury - Special.chd	/mnt/backups/Games/Roms/handheldbackup/RGBackup/Roms/neogeocd/Fatal Fury - Special.chd	404524583
/mnt/backups/Games/Roms/Core_Roms/neogeocd/Fatal Fury - Special.chd	/mnt/backups/Games/Roms/handheldbackup/emugames/Roms/neogeocd/Fatal Fury - Special.chd	404524583
/mnt/backups/Games/Roms/Region_Sorted/saturn/Japan/Zap! Snowboarding Trix '98 (Japan).zip	/mnt/backups/Games/Roms/handheldbackup/RGBackup/Roms/saturn/Zap! Snowboarding Trix '98 (Japan).zip	606019049
/mnt/backups/Games/Roms/Region_Sorted/saturn/Japan/Zap! Snowboarding Trix '98 (Japan).zip	/mnt/backups/Games/Roms/handheldbackup/emugames/Roms/saturn/Zap! Snowboarding Trix '98 (Japan).zip	606019049
/mnt/backups/Games/Roms/Core_Roms/neogeocd/The King of Fighters 98.chd	/mnt/backups/Games/Roms/handheldbackup/PS Classic/MagnusRCfarewellv2/roms/neogeocd/The King of Fighters 98.chd	403393465
/mnt/backups/Games/Roms/Core_Roms/neogeocd/The King of Fighters 98.chd	/mnt/backups/Games/Roms/handheldbackup/RGBackup/Roms/neogeocd/The King of Fighters 98.chd	403393465
/mnt/backups/Games/Roms/Core_Roms/neogeocd/The King of Fighters 98.chd	/mnt/backups/Games/Roms/handheldbackup/emugames/Roms/neogeocd/The King of Fighters 98.chd	403393465
/mnt/backups/Games/Roms/handheldbackup/emugames/Roms/gc/Paper Mario The Thousand Year Door.gcz	/mnt/backups/Games/Roms/Core_Roms/gamecube/Paper Mario The Thousand Year Door.gcz	1204275743
/mnt/backups/Games/Roms/Core_Roms/dreamcast/multi-disc/D2 (USA) (Disc 1).chd	/mnt/backups/Games/Roms/handheldbackup/RGBackup/Roms/dreamcast/D2 (USA) (Disc 1).chd	600122149
/mnt/backups/Games/Roms/Core_Roms/dreamcast/multi-disc/D2 (USA) (Disc 1).chd	/mnt/backups/Games/Roms/handheldbackup/emugames/Roms/dreamcast/D2 (USA) (Disc 1).chd	600122149
/mnt/backups/Games/Roms/Core_Roms/neogeocd/Fatal Fury 3 - Road to the Final Victory.chd	/mnt/backups/Games/Roms/handheldbackup/PS Classic/MagnusRCfarewellv2/roms/neogeocd/Fatal Fury 3 - Road to the Final Victory.chd	397685133
/mnt/backups/Games/Roms/Core_Roms/neogeocd/Fatal Fury 3 - Road to the Final Victory.chd	/mnt/backups/Games/Roms/handheldbackup/RGBackup/Roms/neogeocd/Fatal Fury 3 - Road to the Final Victory.chd	397685133
/mnt/backups/Games/Roms/Core_Roms/neogeocd/Fatal Fury 3 - Road to the Final Victory.chd	/mnt/backups/Games/Roms/handheldbackup/emugames/Roms/neogeocd/Fatal Fury 3 - Road to the Final Victory.chd	397685133
/mnt/backups/Games/Roms/Core_Roms/dreamcast/NHL 2K2 (USA).chd	/mnt/backups/Games/Roms/handheldbackup/RGBackup/Roms/dreamcast/NHL 2K2 (USA).chd	596405547
/mnt/backups/Games/Roms/Core_Roms/dreamcast/NHL 2K2 (USA).chd	/mnt/backups/Games/Roms/handheldbackup/emugames/Roms/dreamcast/NHL 2K2 (USA).chd	596405547
/mnt/backups/Games/Roms/Core_Roms/neogeocd/World Heroes - Perfect.chd	/mnt/backups/Games/Roms/handheldbackup/PS Classic/MagnusRCfarewellv2/roms/neogeocd/World Heroes - Perfect.chd	394167768
/mnt/backups/Games/Roms/Core_Roms/neogeocd/World Heroes - Perfect.chd	/mnt/backups/Games/Roms/handheldbackup/RGBackup/Roms/neogeocd/World Heroes - Perfect.chd	394167768
/mnt/backups/Games/Roms/Core_Roms/neogeocd/World Heroes - Perfect.chd	/mnt/backups/Games/Roms/handheldbackup/emugames/Roms/neogeocd/World Heroes - Perfect.chd	394167768
/mnt/backups/Games/Roms/Core_Roms/neogeocd/King of the Monsters 2.chd	/mnt/backups/Games/Roms/handheldbackup/PS Classic/MagnusRCfarewellv2/roms/neogeocd/King of the Monsters 2.chd	393532589
/mnt/backups/Games/Roms/Core_Roms/neogeocd/King of the Monsters 2.chd	/mnt/backups/Games/Roms/handheldbackup/RGBackup/Roms/neogeocd/King of the Monsters 2.chd	393532589
/mnt/backups/Games/Roms/Core_Roms/neogeocd/King of the Monsters 2.chd	/mnt/backups/Games/Roms/handheldbackup/emugames/Roms/neogeocd/King of the Monsters 2.chd	393532589
/mnt/backups/Games/brickprobackup/Roms/PSP/Lumines II.iso	/mnt/backups/Games/Roms/Archive/PSP_US_Arquivista/Lumines 2 (US).iso	1179385856
/mnt/backups/Games/Roms/Core_Roms/megacd/Silpheed (USA).chd	/mnt/backups/Games/Roms/Core_Roms/segacd/Silpheed (USA).chd	235345817
/mnt/backups/Games/Roms/Core_Roms/megacd/Silpheed (USA).chd	/mnt/backups/Games/Roms/handheldbackup/PS Classic/MagnusRCfarewellv2/roms/segacd/Silpheed (USA).chd	235345817
/mnt/backups/Games/Roms/Core_Roms/megacd/Silpheed (USA).chd	/mnt/backups/Games/Roms/handheldbackup/RGBackup/Roms/megacd/Silpheed (USA).chd	235345817
/mnt/backups/Games/Roms/Core_Roms/megacd/Silpheed (USA).chd	/mnt/backups/Games/Roms/handheldbackup/emugames/Roms/megacd/Silpheed (USA).chd	235345817
/mnt/backups/Games/Roms/Core_Roms/megacd/Silpheed (USA).chd	/mnt/backups/Games/Roms/handheldbackup/miyoomini backup/Roms/SEGACD/Silpheed (USA).chd	235345817
/mnt/backups/Games/Roms/Core_Roms/neogeocd/The King of Fighters 99.chd	/mnt/backups/Games/Roms/handheldbackup/PS Classic/MagnusRCfarewellv2/roms/neogeocd/The King of Fighters 99.chd	391740874
/mnt/backups/Games/Roms/Core_Roms/neogeocd/The King of Fighters 99.chd	/mnt/backups/Games/Roms/handheldbackup/RGBackup/Roms/neogeocd/The King of Fighters 99.chd	391740874
/mnt/backups/Games/Roms/Core_Roms/neogeocd/The King of Fighters 99.chd	/mnt/backups/Games/Roms/handheldbackup/emugames/Roms/neogeocd/The King of Fighters 99.chd	391740874
/mnt/backups/Games/Roms/handheldbackup/miyoomini backup/Roms/SEGACD/Vay (USA).chd	/mnt/backups/Games/Roms/Core_Roms/megacd/Vay (USA).chd	233822177
/mnt/backups/Games/Roms/handheldbackup/miyoomini backup/Roms/SEGACD/Vay (USA).chd	/mnt/backups/Games/Roms/Core_Roms/segacd/Vay (USA).chd	233822177
/mnt/backups/Games/Roms/handheldbackup/miyoomini backup/Roms/SEGACD/Vay (USA).chd	/mnt/backups/Games/Roms/handheldbackup/PS Classic/MagnusRCfarewellv2/roms/segacd/Vay (USA).chd	233822177
/mnt/backups/Games/Roms/handheldbackup/miyoomini backup/Roms/SEGACD/Vay (USA).chd	/mnt/backups/Games/Roms/handheldbackup/RGBackup/Roms/megacd/Vay (USA).chd	233822177
/mnt/backups/Games/Roms/handheldbackup/miyoomini backup/Roms/SEGACD/Vay (USA).chd	/mnt/backups/Games/Roms/handheldbackup/emugames/Roms/megacd/Vay (USA).chd	233822177
/mnt/backups/Games/Roms/Core_Roms/neogeocd/Art of Fighting 2.chd	/mnt/backups/Games/Roms/handheldbackup/PS Classic/MagnusRCfarewellv2/roms/neogeocd/Art of Fighting 2.chd	388401257
/mnt/backups/Games/Roms/Core_Roms/neogeocd/Art of Fighting 2.chd	/mnt/backups/Games/Roms/handheldbackup/RGBackup/Roms/neogeocd/Art of Fighting 2.chd	388401257
/mnt/backups/Games/Roms/Core_Roms/neogeocd/Art of Fighting 2.chd	/mnt/backups/Games/Roms/handheldbackup/emugames/Roms/neogeocd/Art of Fighting 2.chd	388401257
/mnt/backups/Games/Roms/Core_Roms/neogeocd/The King of Fighters 97.chd	/mnt/backups/Games/Roms/handheldbackup/PS Classic/MagnusRCfarewellv2/roms/neogeocd/The King of Fighters 97.chd	387805531
/mnt/backups/Games/Roms/Core_Roms/neogeocd/The King of Fighters 97.chd	/mnt/backups/Games/Roms/handheldbackup/RGBackup/Roms/neogeocd/The King of Fighters 97.chd	387805531
/mnt/backups/Games/Roms/Core_Roms/neogeocd/The King of Fighters 97.chd	/mnt/backups/Games/Roms/handheldbackup/emugames/Roms/neogeocd/The King of Fighters 97.chd	387805531
/mnt/backups/Games/Roms/Core_Roms/pcenginecd/Shadow of the Beast [U][SCD][TGXCD1018][Psygnosis][1992][PCE][thx-1138-darkwater].chd	/mnt/backups/Games/Roms/Core_Roms/tg-cd/Shadow of the Beast [U][SCD][TGXCD1018][Psygnosis][1992][PCE][thx-1138-darkwater].chd	288117012
/mnt/backups/Games/Roms/Core_Roms/pcenginecd/Shadow of the Beast [U][SCD][TGXCD1018][Psygnosis][1992][PCE][thx-1138-darkwater].chd	/mnt/backups/Games/Roms/handheldbackup/PS Classic/MagnusRCfarewellv2/roms/tg-cd/Shadow of the Beast [U][SCD][TGXCD1018][Psygnosis][1992][PCE][thx-1138-darkwater].chd	288117012
/mnt/backups/Games/Roms/Core_Roms/pcenginecd/Shadow of the Beast [U][SCD][TGXCD1018][Psygnosis][1992][PCE][thx-1138-darkwater].chd	/mnt/backups/Games/Roms/handheldbackup/RGBackup/Roms/pcenginecd/Shadow of the Beast [U][SCD][TGXCD1018][Psygnosis][1992][PCE][thx-1138-darkwater].chd	288117012
/mnt/backups/Games/Roms/Core_Roms/pcenginecd/Shadow of the Beast [U][SCD][TGXCD1018][Psygnosis][1992][PCE][thx-1138-darkwater].chd	/mnt/backups/Games/Roms/handheldbackup/emugames/Roms/pcenginecd/Shadow of the Beast [U][SCD][TGXCD1018][Psygnosis][1992][PCE][thx-1138-darkwater].chd	288117012
/mnt/backups/Games/brickprobackup/Roms/PSP/Star Ocean - First Departure.iso	/mnt/backups/Games/Roms/Archive/PSP_US_Arquivista/Star Ocean - First Departure (US).iso	1150746624
/mnt/backups/Games/Roms/Core_Roms/neogeocd/The King of Fighters 96.chd	/mnt/backups/Games/Roms/handheldbackup/PS Classic/MagnusRCfarewellv2/roms/neogeocd/The King of Fighters 96.chd	382606444
/mnt/backups/Games/Roms/Core_Roms/neogeocd/The King of Fighters 96.chd	/mnt/backups/Games/Roms/handheldbackup/RGBackup/Roms/neogeocd/The King of Fighters 96.chd	382606444
/mnt/backups/Games/Roms/Core_Roms/neogeocd/The King of Fighters 96.chd	/mnt/backups/Games/Roms/handheldbackup/emugames/Roms/neogeocd/The King of Fighters 96.chd	382606444
/mnt/backups/Games/Roms/Core_Roms/psp/Capcom Classics Collection Remixed (US).iso	/mnt/backups/Games/Roms/handheldbackup/RGBackup/Roms/psp/Capcom Classics Collection Remixed (US).iso	571965440
/mnt/backups/Games/Roms/Core_Roms/psp/Capcom Classics Collection Remixed (US).iso	/mnt/backups/Games/Roms/handheldbackup/emugames/Roms/psp/Capcom Classics Collection Remixed (US).iso	571965440
/mnt/backups/Games/Roms/Core_Roms/pcenginecd/Exile II - Wicked Phenomenon [U][SCD][WTG990102][Telenet Japan][1993][PCE][xeno-nec archives].chd	/mnt/backups/Games/Roms/Core_Roms/tg-cd/Exile II - Wicked Phenomenon [U][SCD][WTG990102][Telenet Japan][1993][PCE][xeno-nec archives].chd	285402163
/mnt/backups/Games/Roms/Core_Roms/pcenginecd/Exile II - Wicked Phenomenon [U][SCD][WTG990102][Telenet Japan][1993][PCE][xeno-nec archives].chd	/mnt/backups/Games/Roms/handheldbackup/PS Classic/MagnusRCfarewellv2/roms/tg-cd/Exile II - Wicked Phenomenon [U][SCD][WTG990102][Telenet Japan][1993][PCE][xeno-nec archives].chd	285402163
/mnt/backups/Games/Roms/Core_Roms/pcenginecd/Exile II - Wicked Phenomenon [U][SCD][WTG990102][Telenet Japan][1993][PCE][xeno-nec archives].chd	/mnt/backups/Games/Roms/handheldbackup/RGBackup/Roms/pcenginecd/Exile II - Wicked Phenomenon [U][SCD][WTG990102][Telenet Japan][1993][PCE][xeno-nec archives].chd	285402163
/mnt/backups/Games/Roms/Core_Roms/pcenginecd/Exile II - Wicked Phenomenon [U][SCD][WTG990102][Telenet Japan][1993][PCE][xeno-nec archives].chd	/mnt/backups/Games/Roms/handheldbackup/emugames/Roms/pcenginecd/Exile II - Wicked Phenomenon [U][SCD][WTG990102][Telenet Japan][1993][PCE][xeno-nec archives].chd	285402163
/mnt/backups/Games/Roms/Core_Roms/pcenginecd/Lords of Thunder (Sega CD OST).chd	/mnt/backups/Games/Roms/handheldbackup/PS Classic/MagnusRCfarewellv2/roms/pcenginecd/Lords of Thunder (Sega CD OST).chd	380378730
/mnt/backups/Games/Roms/Core_Roms/pcenginecd/Lords of Thunder (Sega CD OST).chd	/mnt/backups/Games/Roms/handheldbackup/RGBackup/Roms/pcenginecd/Lords of Thunder (Sega CD OST).chd	380378730
/mnt/backups/Games/Roms/Core_Roms/pcenginecd/Lords of Thunder (Sega CD OST).chd	/mnt/backups/Games/Roms/handheldbackup/emugames/Roms/pcenginecd/Lords of Thunder (Sega CD OST).chd	380378730
/mnt/backups/Games/brickprobackup/Roms/PSP/Fight Night Round 3.iso	/mnt/backups/Games/Roms/Archive/PSP_US_Arquivista/Fight Night Round 3 (US).iso	1137737728
/mnt/backups/Games/Roms/handheldbackup/emugames/Roms/gc/Super Mario Sunshine.gcz	/mnt/backups/Games/Roms/Core_Roms/gamecube/Super Mario Sunshine.gcz	1132372937
/mnt/backups/Games/Roms/Core_Roms/dreamcast/Prince of Persia - Arabian Nights (USA).chd	/mnt/backups/Games/Roms/handheldbackup/RGBackup/Roms/dreamcast/Prince of Persia - Arabian Nights (USA).chd	564922326
/mnt/backups/Games/Roms/Core_Roms/dreamcast/Prince of Persia - Arabian Nights (USA).chd	/mnt/backups/Games/Roms/handheldbackup/emugames/Roms/dreamcast/Prince of Persia - Arabian Nights (USA).chd	564922326
/mnt/backups/Games/brickprobackup/Roms/PS/Valkyrie Profile (USA).PBP	/mnt/backups/Games/brickprobackup/Roms/PS/Valkyrie Profile.PBP	1126729372
/mnt/backups/Games/Roms/Core_Roms/neogeocd/Sengoku.chd	/mnt/backups/Games/Roms/handheldbackup/PS Classic/MagnusRCfarewellv2/roms/neogeocd/Sengoku.chd	374731936
/mnt/backups/Games/Roms/Core_Roms/neogeocd/Sengoku.chd	/mnt/backups/Games/Roms/handheldbackup/RGBackup/Roms/neogeocd/Sengoku.chd	374731936
/mnt/backups/Games/Roms/Core_Roms/neogeocd/Sengoku.chd	/mnt/backups/Games/Roms/handheldbackup/emugames/Roms/neogeocd/Sengoku.chd	374731936
/mnt/backups/Games/Roms/Core_Roms/neogeocd/Fighters History Dynamite.chd	/mnt/backups/Games/Roms/handheldbackup/PS Classic/MagnusRCfarewellv2/roms/neogeocd/Fighters History Dynamite.chd	374635897
/mnt/backups/Games/Roms/Core_Roms/neogeocd/Fighters History Dynamite.chd	/mnt/backups/Games/Roms/handheldbackup/RGBackup/Roms/neogeocd/Fighters History Dynamite.chd	374635897
/mnt/backups/Games/Roms/Core_Roms/neogeocd/Fighters History Dynamite.chd	/mnt/backups/Games/Roms/handheldbackup/emugames/Roms/neogeocd/Fighters History Dynamite.chd	374635897
/mnt/backups/Games/Roms/Core_Roms/megadrive-msu/soundPack_AfterBurner2(AfterBurnerClimax).bin	/mnt/backups/Games/Roms/handheldbackup/PS Classic/MagnusRCfarewellv2/roms/msu-md/soundPack_AfterBurner2(AfterBurnerClimax).bin	373885680
/mnt/backups/Games/Roms/Core_Roms/megadrive-msu/soundPack_AfterBurner2(AfterBurnerClimax).bin	/mnt/backups/Games/Roms/handheldbackup/RGBackup/Roms/msu-md/soundPack_AfterBurner2(AfterBurnerClimax).bin	373885680
/mnt/backups/Games/Roms/Core_Roms/megadrive-msu/soundPack_AfterBurner2(AfterBurnerClimax).bin	/mnt/backups/Games/Roms/handheldbackup/emugames/Roms/msu-md/soundPack_AfterBurner2(AfterBurnerClimax).bin	373885680
/mnt/backups/Games/Roms/Core_Roms/neogeocd/The King of Fighters 94.chd	/mnt/backups/Games/Roms/handheldbackup/PS Classic/MagnusRCfarewellv2/roms/neogeocd/The King of Fighters 94.chd	372167777
/mnt/backups/Games/Roms/Core_Roms/neogeocd/The King of Fighters 94.chd	/mnt/backups/Games/Roms/handheldbackup/RGBackup/Roms/neogeocd/The King of Fighters 94.chd	372167777
/mnt/backups/Games/Roms/Core_Roms/neogeocd/The King of Fighters 94.chd	/mnt/backups/Games/Roms/handheldbackup/emugames/Roms/neogeocd/The King of Fighters 94.chd	372167777
/mnt/backups/Games/Roms/Region_Sorted/saturn/Japan/Zero Divide - The Final Conflict (Japan).zip	/mnt/backups/Games/Roms/handheldbackup/RGBackup/Roms/saturn/Zero Divide - The Final Conflict (Japan).zip	557993501
/mnt/backups/Games/Roms/Region_Sorted/saturn/Japan/Zero Divide - The Final Conflict (Japan).zip	/mnt/backups/Games/Roms/handheldbackup/emugames/Roms/saturn/Zero Divide - The Final Conflict (Japan).zip	557993501
/mnt/backups/Games/Roms/Core_Roms/megacd/Eternal Champions - Challenge from the Dark Side (USA).chd	/mnt/backups/Games/Roms/Core_Roms/segacd/Eternal Champions - Challenge from the Dark Side (USA).chd	278529336
/mnt/backups/Games/Roms/Core_Roms/megacd/Eternal Champions - Challenge from the Dark Side (USA).chd	/mnt/backups/Games/Roms/handheldbackup/PS Classic/MagnusRCfarewellv2/roms/segacd/Eternal Champions - Challenge from the Dark Side (USA).chd	278529336
/mnt/backups/Games/Roms/Core_Roms/megacd/Eternal Champions - Challenge from the Dark Side (USA).chd	/mnt/backups/Games/Roms/handheldbackup/RGBackup/Roms/megacd/Eternal Champions - Challenge from the Dark Side (USA).chd	278529336
/mnt/backups/Games/Roms/Core_Roms/megacd/Eternal Champions - Challenge from the Dark Side (USA).chd	/mnt/backups/Games/Roms/handheldbackup/emugames/Roms/megacd/Eternal Champions - Challenge from the Dark Side (USA).chd	278529336
/mnt/backups/Games/Roms/Core_Roms/pcenginecd/Valis II [U][CD][TGXCD1006][Telenet Japan][1990][PCE].chd	/mnt/backups/Games/Roms/Core_Roms/tg-cd/Valis II [U][CD][TGXCD1006][Telenet Japan][1990][PCE].chd	278211113
/mnt/backups/Games/Roms/Core_Roms/pcenginecd/Valis II [U][CD][TGXCD1006][Telenet Japan][1990][PCE].chd	/mnt/backups/Games/Roms/handheldbackup/PS Classic/MagnusRCfarewellv2/roms/tg-cd/Valis II [U][CD][TGXCD1006][Telenet Japan][1990][PCE].chd	278211113
/mnt/backups/Games/Roms/Core_Roms/pcenginecd/Valis II [U][CD][TGXCD1006][Telenet Japan][1990][PCE].chd	/mnt/backups/Games/Roms/handheldbackup/RGBackup/Roms/pcenginecd/Valis II [U][CD][TGXCD1006][Telenet Japan][1990][PCE].chd	278211113
/mnt/backups/Games/Roms/Core_Roms/pcenginecd/Valis II [U][CD][TGXCD1006][Telenet Japan][1990][PCE].chd	/mnt/backups/Games/Roms/handheldbackup/emugames/Roms/pcenginecd/Valis II [U][CD][TGXCD1006][Telenet Japan][1990][PCE].chd	278211113
/mnt/backups/Games/Roms/Core_Roms/psp/Disney-Pixar Up (US).iso	/mnt/backups/Games/Roms/handheldbackup/RGBackup/Roms/psp/Disney-Pixar Up (US).iso	556269568
/mnt/backups/Games/Roms/Core_Roms/psp/Disney-Pixar Up (US).iso	/mnt/backups/Games/Roms/handheldbackup/emugames/Roms/psp/Disney-Pixar Up (US).iso	556269568
/mnt/backups/Games/Roms/Core_Roms/dreamcast/Expendable (USA) (En,Fr,De,Es,It).chd	/mnt/backups/Games/Roms/handheldbackup/RGBackup/Roms/dreamcast/Expendable (USA) (En,Fr,De,Es,It).chd	554999460
/mnt/backups/Games/Roms/Core_Roms/dreamcast/Expendable (USA) (En,Fr,De,Es,It).chd	/mnt/backups/Games/Roms/handheldbackup/emugames/Roms/dreamcast/Expendable (USA) (En,Fr,De,Es,It).chd	554999460
/mnt/backups/Games/Roms/Core_Roms/neogeocd/Fatal Fury - The Battle of Fury.chd	/mnt/backups/Games/Roms/handheldbackup/PS Classic/MagnusRCfarewellv2/roms/neogeocd/Fatal Fury - The Battle of Fury.chd	369879920
/mnt/backups/Games/Roms/Core_Roms/neogeocd/Fatal Fury - The Battle of Fury.chd	/mnt/backups/Games/Roms/handheldbackup/RGBackup/Roms/neogeocd/Fatal Fury - The Battle of Fury.chd	369879920
/mnt/backups/Games/Roms/Core_Roms/neogeocd/Fatal Fury - The Battle of Fury.chd	/mnt/backups/Games/Roms/handheldbackup/emugames/Roms/neogeocd/Fatal Fury - The Battle of Fury.chd	369879920
/mnt/backups/Games/Roms/Core_Roms/dreamcast/Xtreme Sports (USA).chd	/mnt/backups/Games/Roms/handheldbackup/RGBackup/Roms/dreamcast/Xtreme Sports (USA).chd	554512271
/mnt/backups/Games/Roms/Core_Roms/dreamcast/Xtreme Sports (USA).chd	/mnt/backups/Games/Roms/handheldbackup/emugames/Roms/dreamcast/Xtreme Sports (USA).chd	554512271
/mnt/backups/Games/Roms/Region_Sorted/pcenginecd/Japan/Gate of Thunder (Japan) (FACT, FADT).chd	/mnt/backups/Games/Roms/handheldbackup/PS Classic/MagnusRCfarewellv2/roms/pcenginecd/Gate of Thunder (Japan) (FACT, FADT).chd	367673777
/mnt/backups/Games/Roms/Region_Sorted/pcenginecd/Japan/Gate of Thunder (Japan) (FACT, FADT).chd	/mnt/backups/Games/Roms/handheldbackup/RGBackup/Roms/pcenginecd/Gate of Thunder (Japan) (FACT, FADT).chd	367673777
/mnt/backups/Games/Roms/Region_Sorted/pcenginecd/Japan/Gate of Thunder (Japan) (FACT, FADT).chd	/mnt/backups/Games/Roms/handheldbackup/emugames/Roms/pcenginecd/Gate of Thunder (Japan) (FACT, FADT).chd	367673777
/mnt/backups/Games/Roms/Region_Sorted/saturn/Japan/Zork I - The Great Underground Empire (Japan).zip	/mnt/backups/Games/Roms/handheldbackup/RGBackup/Roms/saturn/Zork I - The Great Underground Empire (Japan).zip	550424461
/mnt/backups/Games/Roms/Region_Sorted/saturn/Japan/Zork I - The Great Underground Empire (Japan).zip	/mnt/backups/Games/Roms/handheldbackup/emugames/Roms/saturn/Zork I - The Great Underground Empire (Japan).zip	550424461
/mnt/backups/Games/Roms/Core_Roms/neogeocd/Twinkle Star Sprites.chd	/mnt/backups/Games/Roms/handheldbackup/PS Classic/MagnusRCfarewellv2/roms/neogeocd/Twinkle Star Sprites.chd	366492598
/mnt/backups/Games/Roms/Core_Roms/neogeocd/Twinkle Star Sprites.chd	/mnt/backups/Games/Roms/handheldbackup/RGBackup/Roms/neogeocd/Twinkle Star Sprites.chd	366492598
/mnt/backups/Games/Roms/Core_Roms/neogeocd/Twinkle Star Sprites.chd	/mnt/backups/Games/Roms/handheldbackup/emugames/Roms/neogeocd/Twinkle Star Sprites.chd	366492598
/mnt/backups/Games/Roms/Core_Roms/openbor/Nightslashers X Wide Ash/Paks/NightslashersXWideAsh.pak	/mnt/backups/Games/Roms/handheldbackup/PS Classic/MagnusRCfarewellv2/roms/OpenBOR/Nightslashers X Wide Ash/Paks/NightslashersXWideAsh.pak	364697361
/mnt/backups/Games/Roms/Core_Roms/openbor/Nightslashers X Wide Ash/Paks/NightslashersXWideAsh.pak	/mnt/backups/Games/Roms/handheldbackup/RGBackup/Roms/openbor/Nightslashers X Wide Ash/Paks/NightslashersXWideAsh.pak	364697361
/mnt/backups/Games/Roms/Core_Roms/openbor/Nightslashers X Wide Ash/Paks/NightslashersXWideAsh.pak	/mnt/backups/Games/Roms/handheldbackup/emugames/Roms/openbor/Nightslashers X Wide Ash/Paks/NightslashersXWideAsh.pak	364697361
/mnt/backups/Games/brickprobackup/Roms/PSP/NBA 10 - The Inside (USA).iso	/mnt/backups/Games/Roms/Archive/PSP_US_Arquivista/NBA 10 - The Inside (US).iso	1087471616
/mnt/backups/Games/Roms/Core_Roms/dreamcast/Max Steel - Covert Missions (USA).chd	/mnt/backups/Games/Roms/handheldbackup/RGBackup/Roms/dreamcast/Max Steel - Covert Missions (USA).chd	543145541
/mnt/backups/Games/Roms/Core_Roms/dreamcast/Max Steel - Covert Missions (USA).chd	/mnt/backups/Games/Roms/handheldbackup/emugames/Roms/dreamcast/Max Steel - Covert Missions (USA).chd	543145541
/mnt/backups/Games/Roms/Core_Roms/neogeocd/ADK World.chd	/mnt/backups/Games/Roms/handheldbackup/PS Classic/MagnusRCfarewellv2/roms/neogeocd/ADK World.chd	360294784
/mnt/backups/Games/Roms/Core_Roms/neogeocd/ADK World.chd	/mnt/backups/Games/Roms/handheldbackup/RGBackup/Roms/neogeocd/ADK World.chd	360294784
/mnt/backups/Games/Roms/Core_Roms/neogeocd/ADK World.chd	/mnt/backups/Games/Roms/handheldbackup/emugames/Roms/neogeocd/ADK World.chd	360294784
/mnt/backups/Games/Roms/Core_Roms/neogeocd/Aggressors of Dark Kombat.chd	/mnt/backups/Games/Roms/handheldbackup/PS Classic/MagnusRCfarewellv2/roms/neogeocd/Aggressors of Dark Kombat.chd	360220738
/mnt/backups/Games/Roms/Core_Roms/neogeocd/Aggressors of Dark Kombat.chd	/mnt/backups/Games/Roms/handheldbackup/RGBackup/Roms/neogeocd/Aggressors of Dark Kombat.chd	360220738
/mnt/backups/Games/Roms/Core_Roms/neogeocd/Aggressors of Dark Kombat.chd	/mnt/backups/Games/Roms/handheldbackup/emugames/Roms/neogeocd/Aggressors of Dark Kombat.chd	360220738
/mnt/backups/Games/Roms/Core_Roms/dreamcast/NCAA College Football 2K2 - Road to the Rose Bowl (USA).chd	/mnt/backups/Games/Roms/handheldbackup/RGBackup/Roms/dreamcast/NCAA College Football 2K2 - Road to the Rose Bowl (USA).chd	538214580
/mnt/backups/Games/Roms/Core_Roms/dreamcast/NCAA College Football 2K2 - Road to the Rose Bowl (USA).chd	/mnt/backups/Games/Roms/handheldbackup/emugames/Roms/dreamcast/NCAA College Football 2K2 - Road to the Rose Bowl (USA).chd	538214580
/mnt/backups/Games/Roms/Core_Roms/neogeocd/Cyber Lip.chd	/mnt/backups/Games/Roms/handheldbackup/PS Classic/MagnusRCfarewellv2/roms/neogeocd/Cyber Lip.chd	356604547
/mnt/backups/Games/Roms/Core_Roms/neogeocd/Cyber Lip.chd	/mnt/backups/Games/Roms/handheldbackup/RGBackup/Roms/neogeocd/Cyber Lip.chd	356604547
/mnt/backups/Games/Roms/Core_Roms/neogeocd/Cyber Lip.chd	/mnt/backups/Games/Roms/handheldbackup/emugames/Roms/neogeocd/Cyber Lip.chd	356604547
/mnt/backups/Games/Roms/handheldbackup/miyoomini backup/Roms/PS/Need for Speed III - Hot Pursuit (USA).chd	/mnt/backups/Games/Roms/handheldbackup/rg34xxsp_backup/Roms/PS/Need for Speed III - Hot Pursuit (USA).chd	355911289
/mnt/backups/Games/Roms/handheldbackup/miyoomini backup/Roms/PS/Need for Speed III - Hot Pursuit (USA).chd	/mnt/backups/Games/Roms/Core_Roms/psx/Need for Speed III - Hot Pursuit (USA).chd	355911289
/mnt/backups/Games/Roms/handheldbackup/miyoomini backup/Roms/PS/Need for Speed III - Hot Pursuit (USA).chd	/mnt/backups/Games/Roms/Core_Roms/psx/Need for Speed III - Hot Pursuit.chd	355911289
/mnt/backups/Games/brickprobackup/Roms/PSP/Gurumin - A Monstrous Adventure.iso	/mnt/backups/Games/Roms/Archive/PSP_US_Arquivista/Gurumin - A Monstrous Adventure (US).iso	1064009728
/mnt/backups/Games/Roms/Core_Roms/neogeocd/The King of Fighters 95.chd	/mnt/backups/Games/Roms/handheldbackup/PS Classic/MagnusRCfarewellv2/roms/neogeocd/The King of Fighters 95.chd	354626535
/mnt/backups/Games/Roms/Core_Roms/neogeocd/The King of Fighters 95.chd	/mnt/backups/Games/Roms/handheldbackup/RGBackup/Roms/neogeocd/The King of Fighters 95.chd	354626535
/mnt/backups/Games/Roms/Core_Roms/neogeocd/The King of Fighters 95.chd	/mnt/backups/Games/Roms/handheldbackup/emugames/Roms/neogeocd/The King of Fighters 95.chd	354626535
/mnt/backups/Games/Roms/Core_Roms/neogeocd/Pulstar.chd	/mnt/backups/Games/Roms/handheldbackup/PS Classic/MagnusRCfarewellv2/roms/neogeocd/Pulstar.chd	354366576
/mnt/backups/Games/Roms/Core_Roms/neogeocd/Pulstar.chd	/mnt/backups/Games/Roms/handheldbackup/RGBackup/Roms/neogeocd/Pulstar.chd	354366576
/mnt/backups/Games/Roms/Core_Roms/neogeocd/Pulstar.chd	/mnt/backups/Games/Roms/handheldbackup/emugames/Roms/neogeocd/Pulstar.chd	354366576
/mnt/backups/Games/Roms/Core_Roms/psp/Final Fantasy 3 (US) (BR).iso	/mnt/backups/Games/Roms/handheldbackup/RGBackup/Roms/psp/Final Fantasy 3 (US) (BR).iso	529860608
/mnt/backups/Games/Roms/Core_Roms/psp/Final Fantasy 3 (US) (BR).iso	/mnt/backups/Games/Roms/handheldbackup/emugames/Roms/psp/Final Fantasy 3 (US) (BR).iso	529860608
/mnt/backups/Games/Roms/Core_Roms/neogeocd/Neo Geo CD - Special.chd	/mnt/backups/Games/Roms/handheldbackup/PS Classic/MagnusRCfarewellv2/roms/neogeocd/Neo Geo CD - Special.chd	353171817
/mnt/backups/Games/Roms/Core_Roms/neogeocd/Neo Geo CD - Special.chd	/mnt/backups/Games/Roms/handheldbackup/RGBackup/Roms/neogeocd/Neo Geo CD - Special.chd	353171817
/mnt/backups/Games/Roms/Core_Roms/neogeocd/Neo Geo CD - Special.chd	/mnt/backups/Games/Roms/handheldbackup/emugames/Roms/neogeocd/Neo Geo CD - Special.chd	353171817
/mnt/backups/Games/Roms/Core_Roms/megacd/Popful Mail (USA) (RE).chd	/mnt/backups/Games/Roms/Core_Roms/segacd/Popful Mail (USA) (RE).chd	211848906
/mnt/backups/Games/Roms/Core_Roms/megacd/Popful Mail (USA) (RE).chd	/mnt/backups/Games/Roms/handheldbackup/PS Classic/MagnusRCfarewellv2/roms/segacd/Popful Mail (USA) (RE).chd	211848906
/mnt/backups/Games/Roms/Core_Roms/megacd/Popful Mail (USA) (RE).chd	/mnt/backups/Games/Roms/handheldbackup/RGBackup/Roms/megacd/Popful Mail (USA) (RE).chd	211848906
/mnt/backups/Games/Roms/Core_Roms/megacd/Popful Mail (USA) (RE).chd	/mnt/backups/Games/Roms/handheldbackup/emugames/Roms/megacd/Popful Mail (USA) (RE).chd	211848906
/mnt/backups/Games/Roms/Core_Roms/megacd/Popful Mail (USA) (RE).chd	/mnt/backups/Games/Roms/handheldbackup/miyoomini backup/Roms/SEGACD/Popful Mail (USA) (RE).chd	211848906
/mnt/backups/Games/Roms/Core_Roms/neogeocd/Aero Fighters 2.chd	/mnt/backups/Games/Roms/handheldbackup/PS Classic/MagnusRCfarewellv2/roms/neogeocd/Aero Fighters 2.chd	352487491
/mnt/backups/Games/Roms/Core_Roms/neogeocd/Aero Fighters 2.chd	/mnt/backups/Games/Roms/handheldbackup/RGBackup/Roms/neogeocd/Aero Fighters 2.chd	352487491
/mnt/backups/Games/Roms/Core_Roms/neogeocd/Aero Fighters 2.chd	/mnt/backups/Games/Roms/handheldbackup/emugames/Roms/neogeocd/Aero Fighters 2.chd	352487491
/mnt/backups/Games/Roms/Core_Roms/saturn/X-Men - Children of the Atom (USA).zip	/mnt/backups/Games/Roms/handheldbackup/RGBackup/Roms/saturn/X-Men - Children of the Atom (USA).zip	528331535
/mnt/backups/Games/Roms/Core_Roms/saturn/X-Men - Children of the Atom (USA).zip	/mnt/backups/Games/Roms/handheldbackup/emugames/Roms/saturn/X-Men - Children of the Atom (USA).zip	528331535
/mnt/backups/Games/Roms/Region_Sorted/saturn/Japan/Yakyuuken Special, The - Kon'ya wa 12-kaisen!! (Japan) (1M).zip	/mnt/backups/Games/Roms/handheldbackup/RGBackup/Roms/saturn/Yakyuuken Special, The - Kon'ya wa 12-kaisen!! (Japan) (1M).zip	527671524
/mnt/backups/Games/Roms/Region_Sorted/saturn/Japan/Yakyuuken Special, The - Kon'ya wa 12-kaisen!! (Japan) (1M).zip	/mnt/backups/Games/Roms/handheldbackup/emugames/Roms/saturn/Yakyuuken Special, The - Kon'ya wa 12-kaisen!! (Japan) (1M).zip	527671524
/mnt/backups/Games/Roms/Core_Roms/psx/Time Crisis - Project Titan (USA).chd	/mnt/backups/Games/Roms/handheldbackup/PS Classic/MagnusRCfarewellv2/roms/psx/Time Crisis - Project Titan (USA).chd	351161537
/mnt/backups/Games/Roms/Core_Roms/psx/Time Crisis - Project Titan (USA).chd	/mnt/backups/Games/Roms/handheldbackup/RGBackup/Roms/psx/Time Crisis - Project Titan (USA).chd	351161537
/mnt/backups/Games/Roms/Core_Roms/psx/Time Crisis - Project Titan (USA).chd	/mnt/backups/Games/Roms/handheldbackup/emugames/Roms/psx/Time Crisis - Project Titan (USA).chd	351161537
/mnt/backups/Games/Roms/Core_Roms/neogeocd/Ghost Pilots.chd	/mnt/backups/Games/Roms/handheldbackup/PS Classic/MagnusRCfarewellv2/roms/neogeocd/Ghost Pilots.chd	349750018
/mnt/backups/Games/Roms/Core_Roms/neogeocd/Ghost Pilots.chd	/mnt/backups/Games/Roms/handheldbackup/RGBackup/Roms/neogeocd/Ghost Pilots.chd	349750018
/mnt/backups/Games/Roms/Core_Roms/neogeocd/Ghost Pilots.chd	/mnt/backups/Games/Roms/handheldbackup/emugames/Roms/neogeocd/Ghost Pilots.chd	349750018
/mnt/backups/Games/Roms/handheldbackup/PS Classic/MagnusRCfarewellv2/roms/psx/Spyro - Year of the Dragon (USA).chd	/mnt/backups/Games/Roms/handheldbackup/RGBackup/Roms/psx/Spyro - Year of the Dragon (USA).chd	349591846
/mnt/backups/Games/Roms/handheldbackup/PS Classic/MagnusRCfarewellv2/roms/psx/Spyro - Year of the Dragon (USA).chd	/mnt/backups/Games/Roms/handheldbackup/emugames/Roms/psx/Spyro - Year of the Dragon (USA).chd	349591846
/mnt/backups/Games/Roms/handheldbackup/PS Classic/MagnusRCfarewellv2/roms/psx/Spyro - Year of the Dragon (USA).chd	/mnt/backups/Games/Roms/Core_Roms/psx/Spyro - Year of the Dragon (USA).chd	349591846
/mnt/backups/Games/Roms/handheldbackup/miyoomini backup/Roms/SEGACD/Earthworm Jim - Special Edition (USA) (RE).chd	/mnt/backups/Games/Roms/Core_Roms/megacd/Earthworm Jim - Special Edition (USA) (RE).chd	209047515
/mnt/backups/Games/Roms/handheldbackup/miyoomini backup/Roms/SEGACD/Earthworm Jim - Special Edition (USA) (RE).chd	/mnt/backups/Games/Roms/Core_Roms/segacd/Earthworm Jim - Special Edition (USA) (RE).chd	209047515
/mnt/backups/Games/Roms/handheldbackup/miyoomini backup/Roms/SEGACD/Earthworm Jim - Special Edition (USA) (RE).chd	/mnt/backups/Games/Roms/handheldbackup/PS Classic/MagnusRCfarewellv2/roms/segacd/Earthworm Jim - Special Edition (USA) (RE).chd	209047515
/mnt/backups/Games/Roms/handheldbackup/miyoomini backup/Roms/SEGACD/Earthworm Jim - Special Edition (USA) (RE).chd	/mnt/backups/Games/Roms/handheldbackup/RGBackup/Roms/megacd/Earthworm Jim - Special Edition (USA) (RE).chd	209047515
/mnt/backups/Games/Roms/handheldbackup/miyoomini backup/Roms/SEGACD/Earthworm Jim - Special Edition (USA) (RE).chd	/mnt/backups/Games/Roms/handheldbackup/emugames/Roms/megacd/Earthworm Jim - Special Edition (USA) (RE).chd	209047515
/mnt/backups/Games/Roms/Core_Roms/psx/Twisted Metal 4 (USA).chd	/mnt/backups/Games/Roms/handheldbackup/RGBackup/Roms/psx/Twisted Metal 4 (USA).chd	522579347
/mnt/backups/Games/Roms/Core_Roms/psx/Twisted Metal 4 (USA).chd	/mnt/backups/Games/Roms/handheldbackup/emugames/Roms/psx/Twisted Metal 4 (USA).chd	522579347
/mnt/backups/Games/Roms/Core_Roms/neogeocd/World Heroes 2.chd	/mnt/backups/Games/Roms/handheldbackup/PS Classic/MagnusRCfarewellv2/roms/neogeocd/World Heroes 2.chd	346384494
/mnt/backups/Games/Roms/Core_Roms/neogeocd/World Heroes 2.chd	/mnt/backups/Games/Roms/handheldbackup/RGBackup/Roms/neogeocd/World Heroes 2.chd	346384494
/mnt/backups/Games/Roms/Core_Roms/neogeocd/World Heroes 2.chd	/mnt/backups/Games/Roms/handheldbackup/emugames/Roms/neogeocd/World Heroes 2.chd	346384494
/mnt/backups/Games/Roms/Core_Roms/psp/Despicable Me - The Game (US).iso	/mnt/backups/Games/Roms/handheldbackup/RGBackup/Roms/psp/Despicable Me - The Game (US).iso	519274496
/mnt/backups/Games/Roms/Core_Roms/psp/Despicable Me - The Game (US).iso	/mnt/backups/Games/Roms/handheldbackup/emugames/Roms/psp/Despicable Me - The Game (US).iso	519274496
/mnt/backups/Games/Roms/Core_Roms/psx/Tony Hawks Pro Skater 2.pbp	/mnt/backups/Games/Roms/handheldbackup/RGBackup/Roms/psx/Tony Hawks Pro Skater 2.pbp	518957177
/mnt/backups/Games/Roms/Core_Roms/psx/Tony Hawks Pro Skater 2.pbp	/mnt/backups/Games/Roms/handheldbackup/emugames/Roms/psx/Tony Hawks Pro Skater 2.pbp	518957177
/mnt/backups/Games/Roms/Core_Roms/dreamcast/Bomberman Online (USA).chd	/mnt/backups/Games/Roms/handheldbackup/RGBackup/Roms/dreamcast/Bomberman Online (USA).chd	518152583
/mnt/backups/Games/Roms/Core_Roms/dreamcast/Bomberman Online (USA).chd	/mnt/backups/Games/Roms/handheldbackup/emugames/Roms/dreamcast/Bomberman Online (USA).chd	518152583
/mnt/backups/Games/Roms/Core_Roms/megadrive-msu/Street Fighter 2 Remastered Edition (MSU-MD) (arranged) (US).bin	/mnt/backups/Games/Roms/handheldbackup/PS Classic/MagnusRCfarewellv2/roms/msu-md/Street Fighter 2 Remastered Edition (MSU-MD) (arranged) (US).bin	344250480
/mnt/backups/Games/Roms/Core_Roms/megadrive-msu/Street Fighter 2 Remastered Edition (MSU-MD) (arranged) (US).bin	/mnt/backups/Games/Roms/handheldbackup/RGBackup/Roms/msu-md/Street Fighter 2 Remastered Edition (MSU-MD) (arranged) (US).bin	344250480
/mnt/backups/Games/Roms/Core_Roms/megadrive-msu/Street Fighter 2 Remastered Edition (MSU-MD) (arranged) (US).bin	/mnt/backups/Games/Roms/handheldbackup/emugames/Roms/msu-md/Street Fighter 2 Remastered Edition (MSU-MD) (arranged) (US).bin	344250480
/mnt/backups/Games/Roms/Core_Roms/neogeocd/OverTop.chd	/mnt/backups/Games/Roms/handheldbackup/PS Classic/MagnusRCfarewellv2/roms/neogeocd/OverTop.chd	342851576
/mnt/backups/Games/Roms/Core_Roms/neogeocd/OverTop.chd	/mnt/backups/Games/Roms/handheldbackup/RGBackup/Roms/neogeocd/OverTop.chd	342851576
/mnt/backups/Games/Roms/Core_Roms/neogeocd/OverTop.chd	/mnt/backups/Games/Roms/handheldbackup/emugames/Roms/neogeocd/OverTop.chd	342851576
/mnt/backups/Games/Roms/Core_Roms/megacd/Lunar - Eternal Blue (USA) (RE).chd	/mnt/backups/Games/Roms/Core_Roms/segacd/Lunar - Eternal Blue (USA) (RE).chd	205609217
/mnt/backups/Games/Roms/Core_Roms/megacd/Lunar - Eternal Blue (USA) (RE).chd	/mnt/backups/Games/Roms/handheldbackup/PS Classic/MagnusRCfarewellv2/roms/segacd/Lunar - Eternal Blue (USA) (RE).chd	205609217
/mnt/backups/Games/Roms/Core_Roms/megacd/Lunar - Eternal Blue (USA) (RE).chd	/mnt/backups/Games/Roms/handheldbackup/RGBackup/Roms/megacd/Lunar - Eternal Blue (USA) (RE).chd	205609217
/mnt/backups/Games/Roms/Core_Roms/megacd/Lunar - Eternal Blue (USA) (RE).chd	/mnt/backups/Games/Roms/handheldbackup/emugames/Roms/megacd/Lunar - Eternal Blue (USA) (RE).chd	205609217
/mnt/backups/Games/Roms/Core_Roms/megacd/Lunar - Eternal Blue (USA) (RE).chd	/mnt/backups/Games/Roms/handheldbackup/miyoomini backup/Roms/SEGACD/Lunar - Eternal Blue (USA) (RE).chd	205609217
/mnt/backups/Games/Roms/Core_Roms/neogeocd/Sengoku 2.chd	/mnt/backups/Games/Roms/handheldbackup/PS Classic/MagnusRCfarewellv2/roms/neogeocd/Sengoku 2.chd	340945374
/mnt/backups/Games/Roms/Core_Roms/neogeocd/Sengoku 2.chd	/mnt/backups/Games/Roms/handheldbackup/RGBackup/Roms/neogeocd/Sengoku 2.chd	340945374
/mnt/backups/Games/Roms/Core_Roms/neogeocd/Sengoku 2.chd	/mnt/backups/Games/Roms/handheldbackup/emugames/Roms/neogeocd/Sengoku 2.chd	340945374
/mnt/backups/Games/Roms/Core_Roms/psx/Tekken 2 (USA).chd	/mnt/backups/Games/Roms/handheldbackup/RGBackup/Roms/psx/Tekken 2 (USA).chd	509453563
/mnt/backups/Games/Roms/Core_Roms/psx/Tekken 2 (USA).chd	/mnt/backups/Games/Roms/handheldbackup/emugames/Roms/psx/Tekken 2 (USA).chd	509453563
/mnt/backups/Games/Roms/Core_Roms/neogeocd/Savage Reign.chd	/mnt/backups/Games/Roms/handheldbackup/PS Classic/MagnusRCfarewellv2/roms/neogeocd/Savage Reign.chd	339487745
/mnt/backups/Games/Roms/Core_Roms/neogeocd/Savage Reign.chd	/mnt/backups/Games/Roms/handheldbackup/RGBackup/Roms/neogeocd/Savage Reign.chd	339487745
/mnt/backups/Games/Roms/Core_Roms/neogeocd/Savage Reign.chd	/mnt/backups/Games/Roms/handheldbackup/emugames/Roms/neogeocd/Savage Reign.chd	339487745
/mnt/backups/Games/Roms/Core_Roms/psx/F1 Championship Season 2000 (USA).chd	/mnt/backups/Games/Roms/handheldbackup/PS Classic/MagnusRCfarewellv2/roms/psx/F1 Championship Season 2000 (USA).chd	339201356
/mnt/backups/Games/Roms/Core_Roms/psx/F1 Championship Season 2000 (USA).chd	/mnt/backups/Games/Roms/handheldbackup/RGBackup/Roms/psx/F1 Championship Season 2000 (USA).chd	339201356
/mnt/backups/Games/Roms/Core_Roms/psx/F1 Championship Season 2000 (USA).chd	/mnt/backups/Games/Roms/handheldbackup/emugames/Roms/psx/F1 Championship Season 2000 (USA).chd	339201356
/mnt/backups/Games/Roms/Core_Roms/neogeocd/Ninja Masters.chd	/mnt/backups/Games/Roms/handheldbackup/PS Classic/MagnusRCfarewellv2/roms/neogeocd/Ninja Masters.chd	337595328
/mnt/backups/Games/Roms/Core_Roms/neogeocd/Ninja Masters.chd	/mnt/backups/Games/Roms/handheldbackup/RGBackup/Roms/neogeocd/Ninja Masters.chd	337595328
/mnt/backups/Games/Roms/Core_Roms/neogeocd/Ninja Masters.chd	/mnt/backups/Games/Roms/handheldbackup/emugames/Roms/neogeocd/Ninja Masters.chd	337595328
/mnt/backups/Games/Roms/Core_Roms/neogeocd/Samurai Shodown 2.chd	/mnt/backups/Games/Roms/handheldbackup/PS Classic/MagnusRCfarewellv2/roms/neogeocd/Samurai Shodown 2.chd	337291273
/mnt/backups/Games/Roms/Core_Roms/neogeocd/Samurai Shodown 2.chd	/mnt/backups/Games/Roms/handheldbackup/RGBackup/Roms/neogeocd/Samurai Shodown 2.chd	337291273
/mnt/backups/Games/Roms/Core_Roms/neogeocd/Samurai Shodown 2.chd	/mnt/backups/Games/Roms/handheldbackup/emugames/Roms/neogeocd/Samurai Shodown 2.chd	337291273
/mnt/backups/Games/Roms/Core_Roms/psx/Formula One 99 (USA, Canada) (En,Fr,Es).chd	/mnt/backups/Games/Roms/handheldbackup/PS Classic/MagnusRCfarewellv2/roms/psx/Formula One 99 (USA, Canada) (En,Fr,Es).chd	336268105
/mnt/backups/Games/Roms/Core_Roms/psx/Formula One 99 (USA, Canada) (En,Fr,Es).chd	/mnt/backups/Games/Roms/handheldbackup/RGBackup/Roms/psx/Formula One 99 (USA, Canada) (En,Fr,Es).chd	336268105
/mnt/backups/Games/Roms/Core_Roms/psx/Formula One 99 (USA, Canada) (En,Fr,Es).chd	/mnt/backups/Games/Roms/handheldbackup/emugames/Roms/psx/Formula One 99 (USA, Canada) (En,Fr,Es).chd	336268105
/mnt/backups/Games/Roms/Core_Roms/neogeocd/Fatal Fury 2.chd	/mnt/backups/Games/Roms/handheldbackup/PS Classic/MagnusRCfarewellv2/roms/neogeocd/Fatal Fury 2.chd	336211372
/mnt/backups/Games/Roms/Core_Roms/neogeocd/Fatal Fury 2.chd	/mnt/backups/Games/Roms/handheldbackup/RGBackup/Roms/neogeocd/Fatal Fury 2.chd	336211372
/mnt/backups/Games/Roms/Core_Roms/neogeocd/Fatal Fury 2.chd	/mnt/backups/Games/Roms/handheldbackup/emugames/Roms/neogeocd/Fatal Fury 2.chd	336211372
/mnt/backups/Games/Roms/Core_Roms/dreamcast/NBA 2K1 (USA).chd	/mnt/backups/Games/Roms/handheldbackup/RGBackup/Roms/dreamcast/NBA 2K1 (USA).chd	503919011
/mnt/backups/Games/Roms/Core_Roms/dreamcast/NBA 2K1 (USA).chd	/mnt/backups/Games/Roms/handheldbackup/emugames/Roms/dreamcast/NBA 2K1 (USA).chd	503919011
/mnt/backups/Games/Roms/Core_Roms/gamecube/Mario Party 7 (USA) (Rev 1).rvz	/mnt/backups/Games/Roms/handheldbackup/RGBackup/Roms/gamecube/Mario Party 7 (USA) (Rev 1).rvz	502893132
/mnt/backups/Games/Roms/Core_Roms/gamecube/Mario Party 7 (USA) (Rev 1).rvz	/mnt/backups/Games/Roms/handheldbackup/emugames/Roms/gc/Mario Party 7 (USA) (Rev 1).rvz	502893132
/mnt/backups/Games/Roms/Core_Roms/dreamcast/Ring, The - Terror's Realm (USA).chd	/mnt/backups/Games/Roms/handheldbackup/RGBackup/Roms/dreamcast/Ring, The - Terror's Realm (USA).chd	502468987
/mnt/backups/Games/Roms/Core_Roms/dreamcast/Ring, The - Terror's Realm (USA).chd	/mnt/backups/Games/Roms/handheldbackup/emugames/Roms/dreamcast/Ring, The - Terror's Realm (USA).chd	502468987
/mnt/backups/Games/Roms/Region_Sorted/saturn/Japan/Yuukyuu Gensoukyoku Ensemble (Japan).zip	/mnt/backups/Games/Roms/handheldbackup/RGBackup/Roms/saturn/Yuukyuu Gensoukyoku Ensemble (Japan).zip	502172526
/mnt/backups/Games/Roms/Region_Sorted/saturn/Japan/Yuukyuu Gensoukyoku Ensemble (Japan).zip	/mnt/backups/Games/Roms/handheldbackup/emugames/Roms/saturn/Yuukyuu Gensoukyoku Ensemble (Japan).zip	502172526
/mnt/backups/Games/Roms/Core_Roms/dreamcast/Armada (USA).chd	/mnt/backups/Games/Roms/handheldbackup/RGBackup/Roms/dreamcast/Armada (USA).chd	501299077
/mnt/backups/Games/Roms/Core_Roms/dreamcast/Armada (USA).chd	/mnt/backups/Games/Roms/handheldbackup/emugames/Roms/dreamcast/Armada (USA).chd	501299077
/mnt/backups/Games/Roms/Core_Roms/neogeocd/Samurai Shodown 3.chd	/mnt/backups/Games/Roms/handheldbackup/PS Classic/MagnusRCfarewellv2/roms/neogeocd/Samurai Shodown 3.chd	334127811
/mnt/backups/Games/Roms/Core_Roms/neogeocd/Samurai Shodown 3.chd	/mnt/backups/Games/Roms/handheldbackup/RGBackup/Roms/neogeocd/Samurai Shodown 3.chd	334127811
/mnt/backups/Games/Roms/Core_Roms/neogeocd/Samurai Shodown 3.chd	/mnt/backups/Games/Roms/handheldbackup/emugames/Roms/neogeocd/Samurai Shodown 3.chd	334127811
/mnt/backups/Games/Roms/Core_Roms/megacd/Lunar - The Silver Star (USA).chd	/mnt/backups/Games/Roms/Core_Roms/segacd/Lunar - The Silver Star (USA).chd	249173363
/mnt/backups/Games/Roms/Core_Roms/megacd/Lunar - The Silver Star (USA).chd	/mnt/backups/Games/Roms/handheldbackup/PS Classic/MagnusRCfarewellv2/roms/segacd/Lunar - The Silver Star (USA).chd	249173363
/mnt/backups/Games/Roms/Core_Roms/megacd/Lunar - The Silver Star (USA).chd	/mnt/backups/Games/Roms/handheldbackup/RGBackup/Roms/megacd/Lunar - The Silver Star (USA).chd	249173363
/mnt/backups/Games/Roms/Core_Roms/megacd/Lunar - The Silver Star (USA).chd	/mnt/backups/Games/Roms/handheldbackup/emugames/Roms/megacd/Lunar - The Silver Star (USA).chd	249173363
/mnt/backups/Games/Roms/Core_Roms/megacd/Mickey Mania - The Timeless Adventures of Mickey Mouse (USA).chd	/mnt/backups/Games/Roms/Core_Roms/segacd/Mickey Mania - The Timeless Adventures of Mickey Mouse (USA).chd	247538789
/mnt/backups/Games/Roms/Core_Roms/megacd/Mickey Mania - The Timeless Adventures of Mickey Mouse (USA).chd	/mnt/backups/Games/Roms/handheldbackup/PS Classic/MagnusRCfarewellv2/roms/segacd/Mickey Mania - The Timeless Adventures of Mickey Mouse (USA).chd	247538789
/mnt/backups/Games/Roms/Core_Roms/megacd/Mickey Mania - The Timeless Adventures of Mickey Mouse (USA).chd	/mnt/backups/Games/Roms/handheldbackup/RGBackup/Roms/megacd/Mickey Mania - The Timeless Adventures of Mickey Mouse (USA).chd	247538789
/mnt/backups/Games/Roms/Core_Roms/megacd/Mickey Mania - The Timeless Adventures of Mickey Mouse (USA).chd	/mnt/backups/Games/Roms/handheldbackup/emugames/Roms/megacd/Mickey Mania - The Timeless Adventures of Mickey Mouse (USA).chd	247538789
/mnt/backups/Games/Roms/Core_Roms/psp/Alien Syndrome (US).iso	/mnt/backups/Games/Roms/handheldbackup/RGBackup/Roms/psp/Alien Syndrome (US).iso	494796800
/mnt/backups/Games/Roms/Core_Roms/psp/Alien Syndrome (US).iso	/mnt/backups/Games/Roms/handheldbackup/emugames/Roms/psp/Alien Syndrome (US).iso	494796800
/mnt/backups/Games/Roms/Core_Roms/neogeocd/Art of Fighting 3.chd	/mnt/backups/Games/Roms/handheldbackup/PS Classic/MagnusRCfarewellv2/roms/neogeocd/Art of Fighting 3.chd	328664401
/mnt/backups/Games/Roms/Core_Roms/neogeocd/Art of Fighting 3.chd	/mnt/backups/Games/Roms/handheldbackup/RGBackup/Roms/neogeocd/Art of Fighting 3.chd	328664401
/mnt/backups/Games/Roms/Core_Roms/neogeocd/Art of Fighting 3.chd	/mnt/backups/Games/Roms/handheldbackup/emugames/Roms/neogeocd/Art of Fighting 3.chd	328664401
/mnt/backups/Games/Roms/Core_Roms/neogeocd/World Heroes.chd	/mnt/backups/Games/Roms/handheldbackup/PS Classic/MagnusRCfarewellv2/roms/neogeocd/World Heroes.chd	328284448
/mnt/backups/Games/Roms/Core_Roms/neogeocd/World Heroes.chd	/mnt/backups/Games/Roms/handheldbackup/RGBackup/Roms/neogeocd/World Heroes.chd	328284448
/mnt/backups/Games/Roms/Core_Roms/neogeocd/World Heroes.chd	/mnt/backups/Games/Roms/handheldbackup/emugames/Roms/neogeocd/World Heroes.chd	328284448
/mnt/backups/Games/Roms/Core_Roms/pcenginecd/Valis III [U][CD][TGXCD1024][Telenet Japan][1992][PCE].chd	/mnt/backups/Games/Roms/Core_Roms/tg-cd/Valis III [U][CD][TGXCD1024][Telenet Japan][1992][PCE].chd	245277203
/mnt/backups/Games/Roms/Core_Roms/pcenginecd/Valis III [U][CD][TGXCD1024][Telenet Japan][1992][PCE].chd	/mnt/backups/Games/Roms/handheldbackup/PS Classic/MagnusRCfarewellv2/roms/tg-cd/Valis III [U][CD][TGXCD1024][Telenet Japan][1992][PCE].chd	245277203
/mnt/backups/Games/Roms/Core_Roms/pcenginecd/Valis III [U][CD][TGXCD1024][Telenet Japan][1992][PCE].chd	/mnt/backups/Games/Roms/handheldbackup/RGBackup/Roms/pcenginecd/Valis III [U][CD][TGXCD1024][Telenet Japan][1992][PCE].chd	245277203
/mnt/backups/Games/Roms/Core_Roms/pcenginecd/Valis III [U][CD][TGXCD1024][Telenet Japan][1992][PCE].chd	/mnt/backups/Games/Roms/handheldbackup/emugames/Roms/pcenginecd/Valis III [U][CD][TGXCD1024][Telenet Japan][1992][PCE].chd	245277203
/mnt/backups/Games/Roms/Core_Roms/megadrive-msu/soundPack_SunsetRiders_ArcadeOST.bin	/mnt/backups/Games/Roms/handheldbackup/PS Classic/MagnusRCfarewellv2/roms/msu-md/soundPack_SunsetRiders_ArcadeOST.bin	326829216
/mnt/backups/Games/Roms/Core_Roms/megadrive-msu/soundPack_SunsetRiders_ArcadeOST.bin	/mnt/backups/Games/Roms/handheldbackup/RGBackup/Roms/msu-md/soundPack_SunsetRiders_ArcadeOST.bin	326829216
/mnt/backups/Games/Roms/Core_Roms/megadrive-msu/soundPack_SunsetRiders_ArcadeOST.bin	/mnt/backups/Games/Roms/handheldbackup/emugames/Roms/msu-md/soundPack_SunsetRiders_ArcadeOST.bin	326829216
/mnt/backups/Games/Roms/Core_Roms/megacd/Shining Force CD (USA) (3R).chd	/mnt/backups/Games/Roms/Core_Roms/segacd/Shining Force CD (USA) (3R).chd	243759258
/mnt/backups/Games/Roms/Core_Roms/megacd/Shining Force CD (USA) (3R).chd	/mnt/backups/Games/Roms/handheldbackup/PS Classic/MagnusRCfarewellv2/roms/segacd/Shining Force CD (USA) (3R).chd	243759258
/mnt/backups/Games/Roms/Core_Roms/megacd/Shining Force CD (USA) (3R).chd	/mnt/backups/Games/Roms/handheldbackup/RGBackup/Roms/megacd/Shining Force CD (USA) (3R).chd	243759258
/mnt/backups/Games/Roms/Core_Roms/megacd/Shining Force CD (USA) (3R).chd	/mnt/backups/Games/Roms/handheldbackup/emugames/Roms/megacd/Shining Force CD (USA) (3R).chd	243759258
/mnt/backups/Games/Roms/Core_Roms/pcenginecd/Cosmic Fantasy II [U][CD][WTG990301][Telenet Japan][1992][PCE][thx-1138-darkwater].chd	/mnt/backups/Games/Roms/Core_Roms/tg-cd/Cosmic Fantasy II [U][CD][WTG990301][Telenet Japan][1992][PCE][thx-1138-darkwater].chd	243384185
/mnt/backups/Games/Roms/Core_Roms/pcenginecd/Cosmic Fantasy II [U][CD][WTG990301][Telenet Japan][1992][PCE][thx-1138-darkwater].chd	/mnt/backups/Games/Roms/handheldbackup/PS Classic/MagnusRCfarewellv2/roms/tg-cd/Cosmic Fantasy II [U][CD][WTG990301][Telenet Japan][1992][PCE][thx-1138-darkwater].chd	243384185
/mnt/backups/Games/Roms/Core_Roms/pcenginecd/Cosmic Fantasy II [U][CD][WTG990301][Telenet Japan][1992][PCE][thx-1138-darkwater].chd	/mnt/backups/Games/Roms/handheldbackup/RGBackup/Roms/pcenginecd/Cosmic Fantasy II [U][CD][WTG990301][Telenet Japan][1992][PCE][thx-1138-darkwater].chd	243384185
/mnt/backups/Games/Roms/Core_Roms/pcenginecd/Cosmic Fantasy II [U][CD][WTG990301][Telenet Japan][1992][PCE][thx-1138-darkwater].chd	/mnt/backups/Games/Roms/handheldbackup/emugames/Roms/pcenginecd/Cosmic Fantasy II [U][CD][WTG990301][Telenet Japan][1992][PCE][thx-1138-darkwater].chd	243384185
/mnt/backups/Games/Roms/Core_Roms/psx/multi-disc/Star Wars - Rebel Assault II - The Hidden Empire (USA) (Disc 2).chd	/mnt/backups/Games/Roms/handheldbackup/RGBackup/Roms/psx/Star Wars - Rebel Assault II - The Hidden Empire (USA) (Disc 2).chd	486598578
/mnt/backups/Games/Roms/Core_Roms/psx/multi-disc/Star Wars - Rebel Assault II - The Hidden Empire (USA) (Disc 2).chd	/mnt/backups/Games/Roms/handheldbackup/emugames/Roms/psx/Star Wars - Rebel Assault II - The Hidden Empire (USA) (Disc 2).chd	486598578
/mnt/backups/Games/Roms/Core_Roms/neogeocd/Mutation Nation.chd	/mnt/backups/Games/Roms/handheldbackup/PS Classic/MagnusRCfarewellv2/roms/neogeocd/Mutation Nation.chd	324243554
/mnt/backups/Games/Roms/Core_Roms/neogeocd/Mutation Nation.chd	/mnt/backups/Games/Roms/handheldbackup/RGBackup/Roms/neogeocd/Mutation Nation.chd	324243554
/mnt/backups/Games/Roms/Core_Roms/neogeocd/Mutation Nation.chd	/mnt/backups/Games/Roms/handheldbackup/emugames/Roms/neogeocd/Mutation Nation.chd	324243554
/mnt/backups/Games/Roms/Region_Sorted/saturn/Japan/Zap! Snowboarding Trix (Japan).zip	/mnt/backups/Games/Roms/handheldbackup/RGBackup/Roms/saturn/Zap! Snowboarding Trix (Japan).zip	484766482
/mnt/backups/Games/Roms/Region_Sorted/saturn/Japan/Zap! Snowboarding Trix (Japan).zip	/mnt/backups/Games/Roms/handheldbackup/emugames/Roms/saturn/Zap! Snowboarding Trix (Japan).zip	484766482
/mnt/backups/Games/Roms/Core_Roms/psp/Final Fantasy Tactics - The War of the Lions (US) (BR).iso	/mnt/backups/Games/Roms/handheldbackup/RGBackup/Roms/psp/Final Fantasy Tactics - The War of the Lions (US) (BR).iso	483944448
/mnt/backups/Games/Roms/Core_Roms/psp/Final Fantasy Tactics - The War of the Lions (US) (BR).iso	/mnt/backups/Games/Roms/handheldbackup/emugames/Roms/psp/Final Fantasy Tactics - The War of the Lions (US) (BR).iso	483944448
/mnt/backups/Games/Roms/Core_Roms/megacd/Chuck Rock II - Son of Chuck (USA).chd	/mnt/backups/Games/Roms/Core_Roms/segacd/Chuck Rock II - Son of Chuck (USA).chd	241242457
/mnt/backups/Games/Roms/Core_Roms/megacd/Chuck Rock II - Son of Chuck (USA).chd	/mnt/backups/Games/Roms/handheldbackup/PS Classic/MagnusRCfarewellv2/roms/segacd/Chuck Rock II - Son of Chuck (USA).chd	241242457
/mnt/backups/Games/Roms/Core_Roms/megacd/Chuck Rock II - Son of Chuck (USA).chd	/mnt/backups/Games/Roms/handheldbackup/RGBackup/Roms/megacd/Chuck Rock II - Son of Chuck (USA).chd	241242457
/mnt/backups/Games/Roms/Core_Roms/megacd/Chuck Rock II - Son of Chuck (USA).chd	/mnt/backups/Games/Roms/handheldbackup/emugames/Roms/megacd/Chuck Rock II - Son of Chuck (USA).chd	241242457
/mnt/backups/Games/Roms/Core_Roms/pcenginecd/J. B. Harold Murder Club [U][CD][TGXCD1012][Riverhill Soft][1991][PCE].chd	/mnt/backups/Games/Roms/Core_Roms/tg-cd/J. B. Harold Murder Club [U][CD][TGXCD1012][Riverhill Soft][1991][PCE].chd	240873397
/mnt/backups/Games/Roms/Core_Roms/pcenginecd/J. B. Harold Murder Club [U][CD][TGXCD1012][Riverhill Soft][1991][PCE].chd	/mnt/backups/Games/Roms/handheldbackup/PS Classic/MagnusRCfarewellv2/roms/tg-cd/J. B. Harold Murder Club [U][CD][TGXCD1012][Riverhill Soft][1991][PCE].chd	240873397
/mnt/backups/Games/Roms/Core_Roms/pcenginecd/J. B. Harold Murder Club [U][CD][TGXCD1012][Riverhill Soft][1991][PCE].chd	/mnt/backups/Games/Roms/handheldbackup/RGBackup/Roms/pcenginecd/J. B. Harold Murder Club [U][CD][TGXCD1012][Riverhill Soft][1991][PCE].chd	240873397
/mnt/backups/Games/Roms/Core_Roms/pcenginecd/J. B. Harold Murder Club [U][CD][TGXCD1012][Riverhill Soft][1991][PCE].chd	/mnt/backups/Games/Roms/handheldbackup/emugames/Roms/pcenginecd/J. B. Harold Murder Club [U][CD][TGXCD1012][Riverhill Soft][1991][PCE].chd	240873397
/mnt/backups/Games/Roms/Core_Roms/neogeocd/Samurai Shodown.chd	/mnt/backups/Games/Roms/handheldbackup/PS Classic/MagnusRCfarewellv2/roms/neogeocd/Samurai Shodown.chd	319645007
/mnt/backups/Games/Roms/Core_Roms/neogeocd/Samurai Shodown.chd	/mnt/backups/Games/Roms/handheldbackup/RGBackup/Roms/neogeocd/Samurai Shodown.chd	319645007
/mnt/backups/Games/Roms/Core_Roms/neogeocd/Samurai Shodown.chd	/mnt/backups/Games/Roms/handheldbackup/emugames/Roms/neogeocd/Samurai Shodown.chd	319645007
/mnt/backups/Games/Roms/Core_Roms/dreamcast/Rippin' Riders (USA).chd	/mnt/backups/Games/Roms/handheldbackup/RGBackup/Roms/dreamcast/Rippin' Riders (USA).chd	479459653
/mnt/backups/Games/Roms/Core_Roms/dreamcast/Rippin' Riders (USA).chd	/mnt/backups/Games/Roms/handheldbackup/emugames/Roms/dreamcast/Rippin' Riders (USA).chd	479459653
/mnt/backups/Games/Roms/Core_Roms/pcenginecd/Exile [U][CD][WTG990101][Telenet Japan][1992][PCE][thx-1138-darkwater].chd	/mnt/backups/Games/Roms/Core_Roms/tg-cd/Exile [U][CD][WTG990101][Telenet Japan][1992][PCE][thx-1138-darkwater].chd	238737841
/mnt/backups/Games/Roms/Core_Roms/pcenginecd/Exile [U][CD][WTG990101][Telenet Japan][1992][PCE][thx-1138-darkwater].chd	/mnt/backups/Games/Roms/handheldbackup/PS Classic/MagnusRCfarewellv2/roms/tg-cd/Exile [U][CD][WTG990101][Telenet Japan][1992][PCE][thx-1138-darkwater].chd	238737841
/mnt/backups/Games/Roms/Core_Roms/pcenginecd/Exile [U][CD][WTG990101][Telenet Japan][1992][PCE][thx-1138-darkwater].chd	/mnt/backups/Games/Roms/handheldbackup/RGBackup/Roms/pcenginecd/Exile [U][CD][WTG990101][Telenet Japan][1992][PCE][thx-1138-darkwater].chd	238737841
/mnt/backups/Games/Roms/Core_Roms/pcenginecd/Exile [U][CD][WTG990101][Telenet Japan][1992][PCE][thx-1138-darkwater].chd	/mnt/backups/Games/Roms/handheldbackup/emugames/Roms/pcenginecd/Exile [U][CD][WTG990101][Telenet Japan][1992][PCE][thx-1138-darkwater].chd	238737841
/mnt/backups/Games/Roms/Core_Roms/neogeocd/Kabuki Klash.chd	/mnt/backups/Games/Roms/handheldbackup/PS Classic/MagnusRCfarewellv2/roms/neogeocd/Kabuki Klash.chd	318151033
/mnt/backups/Games/Roms/Core_Roms/neogeocd/Kabuki Klash.chd	/mnt/backups/Games/Roms/handheldbackup/RGBackup/Roms/neogeocd/Kabuki Klash.chd	318151033
/mnt/backups/Games/Roms/Core_Roms/neogeocd/Kabuki Klash.chd	/mnt/backups/Games/Roms/handheldbackup/emugames/Roms/neogeocd/Kabuki Klash.chd	318151033
/mnt/backups/BlurrBackup/Downloads/MiscDownloads/OnceUponACrimeInTheWest1.2.zip	/mnt/backups/Games/OnceUponACrimeInTheWest1.2.zip	953201412
/mnt/backups/Games/Roms/Core_Roms/psx/multi-disc/Star Wars - Rebel Assault II - The Hidden Empire (USA) (Disc 1).chd	/mnt/backups/Games/Roms/handheldbackup/RGBackup/Roms/psx/Star Wars - Rebel Assault II - The Hidden Empire (USA) (Disc 1).chd	475357931
/mnt/backups/Games/Roms/Core_Roms/psx/multi-disc/Star Wars - Rebel Assault II - The Hidden Empire (USA) (Disc 1).chd	/mnt/backups/Games/Roms/handheldbackup/emugames/Roms/psx/Star Wars - Rebel Assault II - The Hidden Empire (USA) (Disc 1).chd	475357931
/mnt/backups/Games/Roms/Core_Roms/neogeocd/Top Hunter.chd	/mnt/backups/Games/Roms/handheldbackup/PS Classic/MagnusRCfarewellv2/roms/neogeocd/Top Hunter.chd	315554129
/mnt/backups/Games/Roms/Core_Roms/neogeocd/Top Hunter.chd	/mnt/backups/Games/Roms/handheldbackup/RGBackup/Roms/neogeocd/Top Hunter.chd	315554129
/mnt/backups/Games/Roms/Core_Roms/neogeocd/Top Hunter.chd	/mnt/backups/Games/Roms/handheldbackup/emugames/Roms/neogeocd/Top Hunter.chd	315554129
/mnt/backups/Games/Roms/Core_Roms/psx/Blood Omen - Legacy of Kain (USA).chd	/mnt/backups/Games/Roms/handheldbackup/miyoomini backup/Roms/PS/Blood Omen - Legacy of Kain (USA).chd	472734580
/mnt/backups/Games/Roms/Core_Roms/psx/Blood Omen - Legacy of Kain (USA).chd	/mnt/backups/Games/Roms/handheldbackup/rg34xxsp_backup/Roms/PS/Blood Omen - Legacy of Kain (USA).chd	472734580
/mnt/backups/Games/Roms/Core_Roms/dreamcast/TNN Motorsports Hardcore Heat (USA).chd	/mnt/backups/Games/Roms/handheldbackup/RGBackup/Roms/dreamcast/TNN Motorsports Hardcore Heat (USA).chd	471668802
/mnt/backups/Games/Roms/Core_Roms/dreamcast/TNN Motorsports Hardcore Heat (USA).chd	/mnt/backups/Games/Roms/handheldbackup/emugames/Roms/dreamcast/TNN Motorsports Hardcore Heat (USA).chd	471668802
/mnt/backups/Games/brickprobackup/Roms/PSP/Hot Shots Golf - Open Tee 2.iso	/mnt/backups/Games/Roms/Archive/PSP_US_Arquivista/Hot Shots Golf - Open Tee 2 (US).iso	942899200
/mnt/backups/Games/Roms/Core_Roms/pcenginecd/Beyond Shadowgate [U][SCD][TGXCD1048][ICOM Simulations][1993][PCE][thx-1138-darkwater].chd	/mnt/backups/Games/Roms/Core_Roms/tg-cd/Beyond Shadowgate [U][SCD][TGXCD1048][ICOM Simulations][1993][PCE][thx-1138-darkwater].chd	188567666
/mnt/backups/Games/Roms/Core_Roms/pcenginecd/Beyond Shadowgate [U][SCD][TGXCD1048][ICOM Simulations][1993][PCE][thx-1138-darkwater].chd	/mnt/backups/Games/Roms/handheldbackup/PS Classic/MagnusRCfarewellv2/roms/tg-cd/Beyond Shadowgate [U][SCD][TGXCD1048][ICOM Simulations][1993][PCE][thx-1138-darkwater].chd	188567666
/mnt/backups/Games/Roms/Core_Roms/pcenginecd/Beyond Shadowgate [U][SCD][TGXCD1048][ICOM Simulations][1993][PCE][thx-1138-darkwater].chd	/mnt/backups/Games/Roms/handheldbackup/RGBackup/Roms/pcenginecd/Beyond Shadowgate [U][SCD][TGXCD1048][ICOM Simulations][1993][PCE][thx-1138-darkwater].chd	188567666
/mnt/backups/Games/Roms/Core_Roms/pcenginecd/Beyond Shadowgate [U][SCD][TGXCD1048][ICOM Simulations][1993][PCE][thx-1138-darkwater].chd	/mnt/backups/Games/Roms/handheldbackup/emugames/Roms/pcenginecd/Beyond Shadowgate [U][SCD][TGXCD1048][ICOM Simulations][1993][PCE][thx-1138-darkwater].chd	188567666
/mnt/backups/Games/Roms/Core_Roms/pcenginecd/Beyond Shadowgate [U][SCD][TGXCD1048][ICOM Simulations][1993][PCE][thx-1138-darkwater].chd	/mnt/backups/Games/Roms/handheldbackup/miyoomini backup/Roms/PCECD/Beyond Shadowgate (1993)(NEC Solutions)(U).chd	188567666
/mnt/backups/Games/Roms/Core_Roms/psx/F1 Racing Championship (USA) (En,Fr).chd	/mnt/backups/Games/Roms/handheldbackup/PS Classic/MagnusRCfarewellv2/roms/psx/F1 Racing Championship (USA) (En,Fr).chd	314242766
/mnt/backups/Games/Roms/Core_Roms/psx/F1 Racing Championship (USA) (En,Fr).chd	/mnt/backups/Games/Roms/handheldbackup/RGBackup/Roms/psx/F1 Racing Championship (USA) (En,Fr).chd	314242766
/mnt/backups/Games/Roms/Core_Roms/psx/F1 Racing Championship (USA) (En,Fr).chd	/mnt/backups/Games/Roms/handheldbackup/emugames/Roms/psx/F1 Racing Championship (USA) (En,Fr).chd	314242766
/mnt/backups/Games/Roms/handheldbackup/miyoomini backup/Roms/PS/Point Blank 2 (USA).chd	/mnt/backups/Games/Roms/Core_Roms/psx/Point Blank 2 (USA).chd	235665521
/mnt/backups/Games/Roms/handheldbackup/miyoomini backup/Roms/PS/Point Blank 2 (USA).chd	/mnt/backups/Games/Roms/handheldbackup/PS Classic/MagnusRCfarewellv2/roms/psx/Point Blank 2 (USA).chd	235665521
/mnt/backups/Games/Roms/handheldbackup/miyoomini backup/Roms/PS/Point Blank 2 (USA).chd	/mnt/backups/Games/Roms/handheldbackup/RGBackup/Roms/psx/Point Blank 2 (USA).chd	235665521
/mnt/backups/Games/Roms/handheldbackup/miyoomini backup/Roms/PS/Point Blank 2 (USA).chd	/mnt/backups/Games/Roms/handheldbackup/emugames/Roms/psx/Point Blank 2 (USA).chd	235665521
/mnt/backups/Games/Roms/Core_Roms/megadrive-msu/Ghouls n Ghosts (MSU-MD) (US - EU).bin	/mnt/backups/Games/Roms/handheldbackup/PS Classic/MagnusRCfarewellv2/roms/msu-md/Ghouls n Ghosts (MSU-MD) (US - EU).bin	313540416
/mnt/backups/Games/Roms/Core_Roms/megadrive-msu/Ghouls n Ghosts (MSU-MD) (US - EU).bin	/mnt/backups/Games/Roms/handheldbackup/RGBackup/Roms/msu-md/Ghouls n Ghosts (MSU-MD) (US - EU).bin	313540416
/mnt/backups/Games/Roms/Core_Roms/megadrive-msu/Ghouls n Ghosts (MSU-MD) (US - EU).bin	/mnt/backups/Games/Roms/handheldbackup/emugames/Roms/msu-md/Ghouls n Ghosts (MSU-MD) (US - EU).bin	313540416
/mnt/backups/Games/Roms/Core_Roms/pcenginecd/Final Zone II [U][CD][TGXCD1008][Telenet Japan][1990][PCE].chd	/mnt/backups/Games/Roms/Core_Roms/tg-cd/Final Zone II [U][CD][TGXCD1008][Telenet Japan][1990][PCE].chd	234470334
/mnt/backups/Games/Roms/Core_Roms/pcenginecd/Final Zone II [U][CD][TGXCD1008][Telenet Japan][1990][PCE].chd	/mnt/backups/Games/Roms/handheldbackup/PS Classic/MagnusRCfarewellv2/roms/tg-cd/Final Zone II [U][CD][TGXCD1008][Telenet Japan][1990][PCE].chd	234470334
/mnt/backups/Games/Roms/Core_Roms/pcenginecd/Final Zone II [U][CD][TGXCD1008][Telenet Japan][1990][PCE].chd	/mnt/backups/Games/Roms/handheldbackup/RGBackup/Roms/pcenginecd/Final Zone II [U][CD][TGXCD1008][Telenet Japan][1990][PCE].chd	234470334
/mnt/backups/Games/Roms/Core_Roms/pcenginecd/Final Zone II [U][CD][TGXCD1008][Telenet Japan][1990][PCE].chd	/mnt/backups/Games/Roms/handheldbackup/emugames/Roms/pcenginecd/Final Zone II [U][CD][TGXCD1008][Telenet Japan][1990][PCE].chd	234470334
/mnt/backups/Games/Roms/handheldbackup/miyoomini backup/Roms/PS/Army Men - Sarge's Heroes (USA).chd	/mnt/backups/Games/Roms/handheldbackup/rg34xxsp_backup/Roms/PS/Army Men - Sarge's Heroes (USA).chd	463474102
/mnt/backups/Games/Roms/handheldbackup/miyoomini backup/Roms/PS/Army Men - Sarge's Heroes (USA).chd	/mnt/backups/Games/Roms/Core_Roms/psx/Army Men - Sarge's Heroes (USA).chd	463474102
/mnt/backups/Games/Roms/Core_Roms/neogeocd/Breakers.chd	/mnt/backups/Games/Roms/handheldbackup/PS Classic/MagnusRCfarewellv2/roms/neogeocd/Breakers.chd	308374983
/mnt/backups/Games/Roms/Core_Roms/neogeocd/Breakers.chd	/mnt/backups/Games/Roms/handheldbackup/RGBackup/Roms/neogeocd/Breakers.chd	308374983
/mnt/backups/Games/Roms/Core_Roms/neogeocd/Breakers.chd	/mnt/backups/Games/Roms/handheldbackup/emugames/Roms/neogeocd/Breakers.chd	308374983
/mnt/backups/Games/Roms/Core_Roms/dreamcast/Elemental Gimmick Gear (USA).chd	/mnt/backups/Games/Roms/handheldbackup/RGBackup/Roms/dreamcast/Elemental Gimmick Gear (USA).chd	461217508
/mnt/backups/Games/Roms/Core_Roms/dreamcast/Elemental Gimmick Gear (USA).chd	/mnt/backups/Games/Roms/handheldbackup/emugames/Roms/dreamcast/Elemental Gimmick Gear (USA).chd	461217508
/mnt/backups/Games/Roms/Core_Roms/neogeocd/The Last Blade.chd	/mnt/backups/Games/Roms/handheldbackup/PS Classic/MagnusRCfarewellv2/roms/neogeocd/The Last Blade.chd	305857231
/mnt/backups/Games/Roms/Core_Roms/neogeocd/The Last Blade.chd	/mnt/backups/Games/Roms/handheldbackup/RGBackup/Roms/neogeocd/The Last Blade.chd	305857231
/mnt/backups/Games/Roms/Core_Roms/neogeocd/The Last Blade.chd	/mnt/backups/Games/Roms/handheldbackup/emugames/Roms/neogeocd/The Last Blade.chd	305857231
/mnt/backups/Games/Roms/handheldbackup/miyoomini backup/Roms/PS/Army Men - Sarge's Heroes 2 (USA).chd	/mnt/backups/Games/Roms/handheldbackup/rg34xxsp_backup/Roms/PS/Army Men - Sarge's Heroes 2 (USA).chd	457951359
/mnt/backups/Games/Roms/handheldbackup/miyoomini backup/Roms/PS/Army Men - Sarge's Heroes 2 (USA).chd	/mnt/backups/Games/Roms/Archive/PS1/PS1USA/Army Men - Sarge's Heroes 2 (USA).chd	457951359
/mnt/backups/Games/Roms/Region_Sorted/megadrive-msu/Europe/Super Hang-On (Europe) (En,Ja) (Rev A) (MSU-MD).bin	/mnt/backups/Games/Roms/handheldbackup/PS Classic/MagnusRCfarewellv2/roms/msu-md/Super Hang-On (Europe) (En,Ja) (Rev A) (MSU-MD).bin	305261376
/mnt/backups/Games/Roms/Region_Sorted/megadrive-msu/Europe/Super Hang-On (Europe) (En,Ja) (Rev A) (MSU-MD).bin	/mnt/backups/Games/Roms/handheldbackup/RGBackup/Roms/msu-md/Super Hang-On (Europe) (En,Ja) (Rev A) (MSU-MD).bin	305261376
/mnt/backups/Games/Roms/Region_Sorted/megadrive-msu/Europe/Super Hang-On (Europe) (En,Ja) (Rev A) (MSU-MD).bin	/mnt/backups/Games/Roms/handheldbackup/emugames/Roms/msu-md/Super Hang-On (Europe) (En,Ja) (Rev A) (MSU-MD).bin	305261376
/mnt/backups/Games/Roms/Region_Sorted/saturn/Japan/Zoku Hatsukoi Monogatari - Shuugaku Ryokou (Japan) (Disc 3) (Koukousei Jidai).zip	/mnt/backups/Games/Roms/handheldbackup/RGBackup/Roms/saturn/Zoku Hatsukoi Monogatari - Shuugaku Ryokou (Japan) (Disc 3) (Koukousei Jidai).zip	455156832
/mnt/backups/Games/Roms/Region_Sorted/saturn/Japan/Zoku Hatsukoi Monogatari - Shuugaku Ryokou (Japan) (Disc 3) (Koukousei Jidai).zip	/mnt/backups/Games/Roms/handheldbackup/emugames/Roms/saturn/Zoku Hatsukoi Monogatari - Shuugaku Ryokou (Japan) (Disc 3) (Koukousei Jidai).zip	455156832
/mnt/backups/Games/Roms/Core_Roms/neogeocd/Super Sidekicks 2.chd	/mnt/backups/Games/Roms/handheldbackup/PS Classic/MagnusRCfarewellv2/roms/neogeocd/Super Sidekicks 2.chd	302960132
/mnt/backups/Games/Roms/Core_Roms/neogeocd/Super Sidekicks 2.chd	/mnt/backups/Games/Roms/handheldbackup/RGBackup/Roms/neogeocd/Super Sidekicks 2.chd	302960132
/mnt/backups/Games/Roms/Core_Roms/neogeocd/Super Sidekicks 2.chd	/mnt/backups/Games/Roms/handheldbackup/emugames/Roms/neogeocd/Super Sidekicks 2.chd	302960132
/mnt/backups/Games/Roms/Core_Roms/neogeocd/Shinsetsu Samurai Spirits Bushidouretsuden.chd	/mnt/backups/Games/Roms/handheldbackup/PS Classic/MagnusRCfarewellv2/roms/neogeocd/Shinsetsu Samurai Spirits Bushidouretsuden.chd	301930055
/mnt/backups/Games/Roms/Core_Roms/neogeocd/Shinsetsu Samurai Spirits Bushidouretsuden.chd	/mnt/backups/Games/Roms/handheldbackup/RGBackup/Roms/neogeocd/Shinsetsu Samurai Spirits Bushidouretsuden.chd	301930055
/mnt/backups/Games/Roms/Core_Roms/neogeocd/Shinsetsu Samurai Spirits Bushidouretsuden.chd	/mnt/backups/Games/Roms/handheldbackup/emugames/Roms/neogeocd/Shinsetsu Samurai Spirits Bushidouretsuden.chd	301930055
/mnt/backups/Games/Roms/Core_Roms/openbor/TMNT rescue palooza/Paks/TMNT rescue palooza.pak	/mnt/backups/Games/Roms/handheldbackup/PS Classic/MagnusRCfarewellv2/roms/OpenBOR/TMNT rescue palooza/Paks/TMNT rescue palooza.pak	225575722
/mnt/backups/Games/Roms/Core_Roms/openbor/TMNT rescue palooza/Paks/TMNT rescue palooza.pak	/mnt/backups/Games/Roms/handheldbackup/RGBackup/Roms/openbor/TMNT rescue palooza/Paks/TMNT rescue palooza.pak	225575722
/mnt/backups/Games/Roms/Core_Roms/openbor/TMNT rescue palooza/Paks/TMNT rescue palooza.pak	/mnt/backups/Games/Roms/handheldbackup/emugames/Roms/openbor/TMNT rescue palooza/Paks/TMNT rescue palooza.pak	225575722
/mnt/backups/Games/Roms/Core_Roms/openbor/TMNT rescue palooza/Paks/TMNT rescue palooza.pak	/mnt/backups/Games/Roms/handheldbackup/miyoomini backup/Roms/OPENBOR/TMNT - Rescue Palooza.pak	225575722
/mnt/backups/Games/Roms/Core_Roms/psp/FlatOut - Head On (US).iso	/mnt/backups/Games/Roms/handheldbackup/RGBackup/Roms/psp/FlatOut - Head On (US).iso	450592768
/mnt/backups/Games/Roms/Core_Roms/psp/FlatOut - Head On (US).iso	/mnt/backups/Games/Roms/handheldbackup/emugames/Roms/psp/FlatOut - Head On (US).iso	450592768
/mnt/backups/Games/Roms/Core_Roms/megacd/Final Fight CD - CPS1 Music (v1.0).chd	/mnt/backups/Games/Roms/Core_Roms/segacd/Final Fight CD - CPS1 Music (v1.0).chd	224700543
/mnt/backups/Games/Roms/Core_Roms/megacd/Final Fight CD - CPS1 Music (v1.0).chd	/mnt/backups/Games/Roms/handheldbackup/PS Classic/MagnusRCfarewellv2/roms/segacd/Final Fight CD - CPS1 Music (v1.0).chd	224700543
/mnt/backups/Games/Roms/Core_Roms/megacd/Final Fight CD - CPS1 Music (v1.0).chd	/mnt/backups/Games/Roms/handheldbackup/RGBackup/Roms/megacd/Final Fight CD - CPS1 Music (v1.0).chd	224700543
/mnt/backups/Games/Roms/Core_Roms/megacd/Final Fight CD - CPS1 Music (v1.0).chd	/mnt/backups/Games/Roms/handheldbackup/emugames/Roms/megacd/Final Fight CD - CPS1 Music (v1.0).chd	224700543
/mnt/backups/Games/Roms/Core_Roms/psx/Star Wars - Episode I - The Phantom Menace (USA).chd	/mnt/backups/Games/Roms/handheldbackup/RGBackup/Roms/psx/Star Wars - Episode I - The Phantom Menace (USA).chd	447220146
/mnt/backups/Games/Roms/Core_Roms/psx/Star Wars - Episode I - The Phantom Menace (USA).chd	/mnt/backups/Games/Roms/handheldbackup/emugames/Roms/psx/Star Wars - Episode I - The Phantom Menace (USA).chd	447220146
/mnt/backups/hostgator/backup-10.22.2021_17-32-35_floatingman.tar.gz	/mnt/backups/sunstreakerbackup/dnewman/Downloads/backup-10.22.2021_17-32-35_floatingman.tar.gz	892627746
/mnt/backups/Games/Roms/Region_Sorted/saturn/Japan/Yu-No - Konoyo no Hate de Koi o Utau Shoujo (Japan) (Disc C).zip	/mnt/backups/Games/Roms/handheldbackup/RGBackup/Roms/saturn/Yu-No - Konoyo no Hate de Koi o Utau Shoujo (Japan) (Disc C).zip	445903936
/mnt/backups/Games/Roms/Region_Sorted/saturn/Japan/Yu-No - Konoyo no Hate de Koi o Utau Shoujo (Japan) (Disc C).zip	/mnt/backups/Games/Roms/handheldbackup/emugames/Roms/saturn/Yu-No - Konoyo no Hate de Koi o Utau Shoujo (Japan) (Disc C).zip	445903936
/mnt/backups/Games/Roms/Region_Sorted/saturn/Japan/Yuukyuu Gensoukyoku (Japan).zip	/mnt/backups/Games/Roms/handheldbackup/RGBackup/Roms/saturn/Yuukyuu Gensoukyoku (Japan).zip	445167314
/mnt/backups/Games/Roms/Region_Sorted/saturn/Japan/Yuukyuu Gensoukyoku (Japan).zip	/mnt/backups/Games/Roms/handheldbackup/emugames/Roms/saturn/Yuukyuu Gensoukyoku (Japan).zip	445167314
/mnt/backups/Games/Roms/Core_Roms/neogeocd/Samurai Shodown 4.chd	/mnt/backups/Games/Roms/handheldbackup/PS Classic/MagnusRCfarewellv2/roms/neogeocd/Samurai Shodown 4.chd	295112991
/mnt/backups/Games/Roms/Core_Roms/neogeocd/Samurai Shodown 4.chd	/mnt/backups/Games/Roms/handheldbackup/RGBackup/Roms/neogeocd/Samurai Shodown 4.chd	295112991
/mnt/backups/Games/Roms/Core_Roms/neogeocd/Samurai Shodown 4.chd	/mnt/backups/Games/Roms/handheldbackup/emugames/Roms/neogeocd/Samurai Shodown 4.chd	295112991
/mnt/backups/Games/Roms/Core_Roms/psx/Twisted Metal III (USA).chd	/mnt/backups/Games/Roms/handheldbackup/RGBackup/Roms/psx/Twisted Metal III (USA).chd	440135342
/mnt/backups/Games/Roms/Core_Roms/psx/Twisted Metal III (USA).chd	/mnt/backups/Games/Roms/handheldbackup/emugames/Roms/psx/Twisted Metal III (USA).chd	440135342
/mnt/backups/Games/Roms/Core_Roms/wii/New Super Mario Bros. Wii (USA) (En,Fr,Es) (Rev 2).rvz	/mnt/backups/Games/Roms/handheldbackup/RGBackup/Roms/wii/New Super Mario Bros. Wii (USA) (En,Fr,Es) (Rev 2).rvz	439557680
/mnt/backups/Games/Roms/Core_Roms/wii/New Super Mario Bros. Wii (USA) (En,Fr,Es) (Rev 2).rvz	/mnt/backups/Games/Roms/handheldbackup/emugames/Roms/wii/New Super Mario Bros. Wii (USA) (En,Fr,Es) (Rev 2).rvz	439557680
/mnt/backups/Games/Roms/Region_Sorted/saturn/Japan/Yuukyuu Gensoukyoku 2nd Album (Japan) (2M).zip	/mnt/backups/Games/Roms/handheldbackup/RGBackup/Roms/saturn/Yuukyuu Gensoukyoku 2nd Album (Japan) (2M).zip	439043994
/mnt/backups/Games/Roms/Region_Sorted/saturn/Japan/Yuukyuu Gensoukyoku 2nd Album (Japan) (2M).zip	/mnt/backups/Games/Roms/handheldbackup/emugames/Roms/saturn/Yuukyuu Gensoukyoku 2nd Album (Japan) (2M).zip	439043994
/mnt/backups/Games/Roms/Core_Roms/neogeocd/The Last Blade 2.chd	/mnt/backups/Games/Roms/handheldbackup/PS Classic/MagnusRCfarewellv2/roms/neogeocd/The Last Blade 2.chd	292681917
/mnt/backups/Games/Roms/Core_Roms/neogeocd/The Last Blade 2.chd	/mnt/backups/Games/Roms/handheldbackup/RGBackup/Roms/neogeocd/The Last Blade 2.chd	292681917
/mnt/backups/Games/Roms/Core_Roms/neogeocd/The Last Blade 2.chd	/mnt/backups/Games/Roms/handheldbackup/emugames/Roms/neogeocd/The Last Blade 2.chd	292681917
/mnt/backups/Games/Roms/Core_Roms/psx/Formula One 2000 (USA).chd	/mnt/backups/Games/Roms/handheldbackup/PS Classic/MagnusRCfarewellv2/roms/psx/Formula One 2000 (USA).chd	292527383
/mnt/backups/Games/Roms/Core_Roms/psx/Formula One 2000 (USA).chd	/mnt/backups/Games/Roms/handheldbackup/RGBackup/Roms/psx/Formula One 2000 (USA).chd	292527383
/mnt/backups/Games/Roms/Core_Roms/psx/Formula One 2000 (USA).chd	/mnt/backups/Games/Roms/handheldbackup/emugames/Roms/psx/Formula One 2000 (USA).chd	292527383
/mnt/backups/Games/Roms/Region_Sorted/saturn/Japan/Zoku Gussun Oyoyo (Japan) (2M).zip	/mnt/backups/Games/Roms/handheldbackup/RGBackup/Roms/saturn/Zoku Gussun Oyoyo (Japan) (2M).zip	438062986
/mnt/backups/Games/Roms/Region_Sorted/saturn/Japan/Zoku Gussun Oyoyo (Japan) (2M).zip	/mnt/backups/Games/Roms/handheldbackup/emugames/Roms/saturn/Zoku Gussun Oyoyo (Japan) (2M).zip	438062986
/mnt/backups/Games/brickprobackup/Roms/PSP/Legend of Heroes III, The - Song of the Ocean.iso	/mnt/backups/Games/Roms/Archive/PSP_US_Arquivista/The Legend of Heroes 3 - Song of the Ocean (US).iso	874971136
/mnt/backups/Games/Roms/Core_Roms/pcenginecd/Godzilla [U][SCD][TGXCD1051][Toho][1993][PCE].chd	/mnt/backups/Games/Roms/Core_Roms/tg-cd/Godzilla [U][SCD][TGXCD1051][Toho][1993][PCE].chd	218587883
/mnt/backups/Games/Roms/Core_Roms/pcenginecd/Godzilla [U][SCD][TGXCD1051][Toho][1993][PCE].chd	/mnt/backups/Games/Roms/handheldbackup/PS Classic/MagnusRCfarewellv2/roms/tg-cd/Godzilla [U][SCD][TGXCD1051][Toho][1993][PCE].chd	218587883
/mnt/backups/Games/Roms/Core_Roms/pcenginecd/Godzilla [U][SCD][TGXCD1051][Toho][1993][PCE].chd	/mnt/backups/Games/Roms/handheldbackup/RGBackup/Roms/pcenginecd/Godzilla [U][SCD][TGXCD1051][Toho][1993][PCE].chd	218587883
/mnt/backups/Games/Roms/Core_Roms/pcenginecd/Godzilla [U][SCD][TGXCD1051][Toho][1993][PCE].chd	/mnt/backups/Games/Roms/handheldbackup/emugames/Roms/pcenginecd/Godzilla [U][SCD][TGXCD1051][Toho][1993][PCE].chd	218587883
/mnt/backups/Games/Roms/handheldbackup/miyoomini backup/Roms/PS/Bugs Bunny & Taz - Time Busters (USA) (En,Fr,Es).chd	/mnt/backups/Games/Roms/handheldbackup/rg34xxsp_backup/Roms/PS/Bugs Bunny & Taz - Time Busters (USA) (En,Fr,Es).chd	433960625
/mnt/backups/Games/Roms/handheldbackup/miyoomini backup/Roms/PS/Bugs Bunny & Taz - Time Busters (USA) (En,Fr,Es).chd	/mnt/backups/Games/Roms/Archive/PS1/PS1USA/Bugs Bunny & Taz - Time Busters (USA) (En,Fr,Es).chd	433960625
/mnt/backups/Games/Roms/handheldbackup/miyoomini backup/Roms/PS/Broken Sword II - The Smoking Mirror (USA).chd	/mnt/backups/Games/Roms/handheldbackup/rg34xxsp_backup/Roms/PS/Broken Sword II - The Smoking Mirror (USA).chd	433899189
/mnt/backups/Games/Roms/handheldbackup/miyoomini backup/Roms/PS/Broken Sword II - The Smoking Mirror (USA).chd	/mnt/backups/Games/Roms/Core_Roms/psx/Broken Sword II - The Smoking Mirror (USA).chd	433899189
/mnt/backups/Games/Roms/Region_Sorted/saturn/Japan/Zanma Chou Ougi - Valhollian (Japan).zip	/mnt/backups/Games/Roms/handheldbackup/RGBackup/Roms/saturn/Zanma Chou Ougi - Valhollian (Japan).zip	433891075
/mnt/backups/Games/Roms/Region_Sorted/saturn/Japan/Zanma Chou Ougi - Valhollian (Japan).zip	/mnt/backups/Games/Roms/handheldbackup/emugames/Roms/saturn/Zanma Chou Ougi - Valhollian (Japan).zip	433891075
/mnt/backups/Games/Roms/Core_Roms/neogeocd/Ninja Combat.chd	/mnt/backups/Games/Roms/handheldbackup/PS Classic/MagnusRCfarewellv2/roms/neogeocd/Ninja Combat.chd	288095243
/mnt/backups/Games/Roms/Core_Roms/neogeocd/Ninja Combat.chd	/mnt/backups/Games/Roms/handheldbackup/RGBackup/Roms/neogeocd/Ninja Combat.chd	288095243
/mnt/backups/Games/Roms/Core_Roms/neogeocd/Ninja Combat.chd	/mnt/backups/Games/Roms/handheldbackup/emugames/Roms/neogeocd/Ninja Combat.chd	288095243
/mnt/backups/Games/Roms/handheldbackup/miyoomini backup/Roms/PS/_hidden/multi-disc/Grandia (USA) (Disc 1).chd	/mnt/backups/Games/Roms/Core_Roms/psx/multi-disc/Grandia (USA) (Disc 1).chd	430449050
/mnt/backups/Games/Roms/handheldbackup/miyoomini backup/Roms/PS/_hidden/multi-disc/Grandia (USA) (Disc 1).chd	/mnt/backups/Games/Roms/Core_Roms/psx/multi-disc/Grandia (Disc 1).chd	430449050
/mnt/backups/Games/Roms/Core_Roms/dreamcast/Atari Anniversary Edition (USA).chd	/mnt/backups/Games/Roms/handheldbackup/RGBackup/Roms/dreamcast/Atari Anniversary Edition (USA).chd	430056004
/mnt/backups/Games/Roms/Core_Roms/dreamcast/Atari Anniversary Edition (USA).chd	/mnt/backups/Games/Roms/handheldbackup/emugames/Roms/dreamcast/Atari Anniversary Edition (USA).chd	430056004
/mnt/backups/Games/Roms/Region_Sorted/megacd/Japan/Ninja Warriors, The (Japan).chd	/mnt/backups/Games/Roms/handheldbackup/PS Classic/MagnusRCfarewellv2/roms/segacd/Ninja Warriors, The (Japan).chd	286529373
/mnt/backups/Games/Roms/Region_Sorted/megacd/Japan/Ninja Warriors, The (Japan).chd	/mnt/backups/Games/Roms/handheldbackup/RGBackup/Roms/megacd/Ninja Warriors, The (Japan).chd	286529373
/mnt/backups/Games/Roms/Region_Sorted/megacd/Japan/Ninja Warriors, The (Japan).chd	/mnt/backups/Games/Roms/handheldbackup/emugames/Roms/megacd/Ninja Warriors, The (Japan).chd	286529373
/mnt/backups/Games/Roms/Core_Roms/dreamcast/Gundam Side Story 0079 - Rise from the Ashes (USA).chd	/mnt/backups/Games/Roms/handheldbackup/RGBackup/Roms/dreamcast/Gundam Side Story 0079 - Rise from the Ashes (USA).chd	429356291
/mnt/backups/Games/Roms/Core_Roms/dreamcast/Gundam Side Story 0079 - Rise from the Ashes (USA).chd	/mnt/backups/Games/Roms/handheldbackup/emugames/Roms/dreamcast/Gundam Side Story 0079 - Rise from the Ashes (USA).chd	429356291
/mnt/backups/Games/Roms/Core_Roms/psp/After Burner - Black Falcon (US).iso	/mnt/backups/Games/Roms/handheldbackup/RGBackup/Roms/psp/After Burner - Black Falcon (US).iso	427360256
/mnt/backups/Games/Roms/Core_Roms/psp/After Burner - Black Falcon (US).iso	/mnt/backups/Games/Roms/handheldbackup/emugames/Roms/psp/After Burner - Black Falcon (US).iso	427360256
/mnt/backups/Games/Roms/handheldbackup/miyoomini backup/Roms/PS/Ace Combat 3 - Electrosphere (USA).chd	/mnt/backups/Games/Roms/handheldbackup/rg34xxsp_backup/Roms/PS/Ace Combat 3 - Electrosphere (USA).chd	425125135
/mnt/backups/Games/Roms/handheldbackup/miyoomini backup/Roms/PS/Ace Combat 3 - Electrosphere (USA).chd	/mnt/backups/Games/Roms/Archive/PS1/PS1USA/Ace Combat 3 - Electrosphere (USA).chd	425125135
/mnt/backups/Games/Roms/Core_Roms/pcenginecd/It Came from the Desert [U][CD][TGXCD1010][Cinemaware][1992][PCE].chd	/mnt/backups/Games/Roms/Core_Roms/tg-cd/It Came from the Desert [U][CD][TGXCD1010][Cinemaware][1992][PCE].chd	212364149
/mnt/backups/Games/Roms/Core_Roms/pcenginecd/It Came from the Desert [U][CD][TGXCD1010][Cinemaware][1992][PCE].chd	/mnt/backups/Games/Roms/handheldbackup/PS Classic/MagnusRCfarewellv2/roms/tg-cd/It Came from the Desert [U][CD][TGXCD1010][Cinemaware][1992][PCE].chd	212364149
/mnt/backups/Games/Roms/Core_Roms/pcenginecd/It Came from the Desert [U][CD][TGXCD1010][Cinemaware][1992][PCE].chd	/mnt/backups/Games/Roms/handheldbackup/RGBackup/Roms/pcenginecd/It Came from the Desert [U][CD][TGXCD1010][Cinemaware][1992][PCE].chd	212364149
/mnt/backups/Games/Roms/Core_Roms/pcenginecd/It Came from the Desert [U][CD][TGXCD1010][Cinemaware][1992][PCE].chd	/mnt/backups/Games/Roms/handheldbackup/emugames/Roms/pcenginecd/It Came from the Desert [U][CD][TGXCD1010][Cinemaware][1992][PCE].chd	212364149
/mnt/backups/Games/Roms/Core_Roms/neogeocd/Super Sidekicks 3.chd	/mnt/backups/Games/Roms/handheldbackup/PS Classic/MagnusRCfarewellv2/roms/neogeocd/Super Sidekicks 3.chd	282282491
/mnt/backups/Games/Roms/Core_Roms/neogeocd/Super Sidekicks 3.chd	/mnt/backups/Games/Roms/handheldbackup/RGBackup/Roms/neogeocd/Super Sidekicks 3.chd	282282491
/mnt/backups/Games/Roms/Core_Roms/neogeocd/Super Sidekicks 3.chd	/mnt/backups/Games/Roms/handheldbackup/emugames/Roms/neogeocd/Super Sidekicks 3.chd	282282491
/mnt/backups/Games/Roms/Core_Roms/dreamcast/Reel Fishing + Wild (USA).chd	/mnt/backups/Games/Roms/handheldbackup/RGBackup/Roms/dreamcast/Reel Fishing + Wild (USA).chd	421216785
/mnt/backups/Games/Roms/Core_Roms/dreamcast/Reel Fishing + Wild (USA).chd	/mnt/backups/Games/Roms/handheldbackup/emugames/Roms/dreamcast/Reel Fishing + Wild (USA).chd	421216785
/mnt/backups/Games/Roms/Core_Roms/saturn/Worldwide Soccer - Sega International Victory Goal Edition (USA) (RE).zip	/mnt/backups/Games/Roms/handheldbackup/RGBackup/Roms/saturn/Worldwide Soccer - Sega International Victory Goal Edition (USA) (RE).zip	418930286
/mnt/backups/Games/Roms/Core_Roms/saturn/Worldwide Soccer - Sega International Victory Goal Edition (USA) (RE).zip	/mnt/backups/Games/Roms/handheldbackup/emugames/Roms/saturn/Worldwide Soccer - Sega International Victory Goal Edition (USA) (RE).zip	418930286
/mnt/backups/Games/Roms/Core_Roms/psx/F1 2000 (USA) (En,Fr,Es).chd	/mnt/backups/Games/Roms/handheldbackup/PS Classic/MagnusRCfarewellv2/roms/psx/F1 2000 (USA) (En,Fr,Es).chd	278567155
/mnt/backups/Games/Roms/Core_Roms/psx/F1 2000 (USA) (En,Fr,Es).chd	/mnt/backups/Games/Roms/handheldbackup/RGBackup/Roms/psx/F1 2000 (USA) (En,Fr,Es).chd	278567155
/mnt/backups/Games/Roms/Core_Roms/psx/F1 2000 (USA) (En,Fr,Es).chd	/mnt/backups/Games/Roms/handheldbackup/emugames/Roms/psx/F1 2000 (USA) (En,Fr,Es).chd	278567155
/mnt/backups/Games/Roms/Region_Sorted/dreamcast/Europe/Daytona USA 2001 (Europe) (En,Fr,De,Es).chd	/mnt/backups/Games/Roms/handheldbackup/RGBackup/Roms/dreamcast/Daytona USA 2001 (Europe) (En,Fr,De,Es).chd	417079971
/mnt/backups/Games/Roms/Region_Sorted/dreamcast/Europe/Daytona USA 2001 (Europe) (En,Fr,De,Es).chd	/mnt/backups/Games/Roms/handheldbackup/emugames/Roms/dreamcast/Daytona USA 2001 (Europe) (En,Fr,De,Es).chd	417079971
/mnt/backups/Games/Roms/Core_Roms/neogeocd/Alpha Mission 2.chd	/mnt/backups/Games/Roms/handheldbackup/PS Classic/MagnusRCfarewellv2/roms/neogeocd/Alpha Mission 2.chd	277459669
/mnt/backups/Games/Roms/Core_Roms/neogeocd/Alpha Mission 2.chd	/mnt/backups/Games/Roms/handheldbackup/RGBackup/Roms/neogeocd/Alpha Mission 2.chd	277459669
/mnt/backups/Games/Roms/Core_Roms/neogeocd/Alpha Mission 2.chd	/mnt/backups/Games/Roms/handheldbackup/emugames/Roms/neogeocd/Alpha Mission 2.chd	277459669
/mnt/backups/Games/Roms/Core_Roms/dreamcast/Bang! Gunship Elite (USA).chd	/mnt/backups/Games/Roms/handheldbackup/RGBackup/Roms/dreamcast/Bang! Gunship Elite (USA).chd	415322909
/mnt/backups/Games/Roms/Core_Roms/dreamcast/Bang! Gunship Elite (USA).chd	/mnt/backups/Games/Roms/handheldbackup/emugames/Roms/dreamcast/Bang! Gunship Elite (USA).chd	415322909
/mnt/backups/Games/Roms/Core_Roms/neogeocd/Power Spikes 2.chd	/mnt/backups/Games/Roms/handheldbackup/PS Classic/MagnusRCfarewellv2/roms/neogeocd/Power Spikes 2.chd	275959265
/mnt/backups/Games/Roms/Core_Roms/neogeocd/Power Spikes 2.chd	/mnt/backups/Games/Roms/handheldbackup/RGBackup/Roms/neogeocd/Power Spikes 2.chd	275959265
/mnt/backups/Games/Roms/Core_Roms/neogeocd/Power Spikes 2.chd	/mnt/backups/Games/Roms/handheldbackup/emugames/Roms/neogeocd/Power Spikes 2.chd	275959265
/mnt/backups/Games/Roms/handheldbackup/miyoomini backup/Roms/PS/Need for Speed - Porsche Unleashed (USA).chd	/mnt/backups/Games/Roms/handheldbackup/rg34xxsp_backup/Roms/PS/Need for Speed - Porsche Unleashed (USA).chd	412328224
/mnt/backups/Games/Roms/handheldbackup/miyoomini backup/Roms/PS/Need for Speed - Porsche Unleashed (USA).chd	/mnt/backups/Games/Roms/Archive/PS1/PS1USA/Need for Speed - Porsche Unleashed (USA).chd	412328224
/mnt/backups/Games/Roms/handheldbackup/miyoomini backup/Roms/PS/_hidden/multi-disc/Grandia (USA) (Disc 2).chd	/mnt/backups/Games/Roms/Core_Roms/psx/multi-disc/Grandia (USA) (Disc 2).chd	412179943
/mnt/backups/Games/Roms/handheldbackup/miyoomini backup/Roms/PS/_hidden/multi-disc/Grandia (USA) (Disc 2).chd	/mnt/backups/Games/Roms/Core_Roms/psx/multi-disc/Grandia (Disc 2).chd	412179943
/mnt/backups/Games/Roms/handheldbackup/miyoomini backup/Roms/PS/_hidden/multi-disc/Parasite Eve II (USA) (Disc 2).chd	/mnt/backups/Games/Roms/handheldbackup/rg34xxsp_backup/Roms/PS/_hidden/multi-disc/Parasite Eve II (USA) (Disc 2).chd	410604787
/mnt/backups/Games/Roms/handheldbackup/miyoomini backup/Roms/PS/_hidden/multi-disc/Parasite Eve II (USA) (Disc 2).chd	/mnt/backups/Games/Roms/Core_Roms/psx/multi-disc/Parasite Eve II (Disc 2).chd	410604787
/mnt/backups/Games/Roms/Core_Roms/neogeocd/Janshin Densetsu.chd	/mnt/backups/Games/Roms/handheldbackup/PS Classic/MagnusRCfarewellv2/roms/neogeocd/Janshin Densetsu.chd	273051552
/mnt/backups/Games/Roms/Core_Roms/neogeocd/Janshin Densetsu.chd	/mnt/backups/Games/Roms/handheldbackup/RGBackup/Roms/neogeocd/Janshin Densetsu.chd	273051552
/mnt/backups/Games/Roms/Core_Roms/neogeocd/Janshin Densetsu.chd	/mnt/backups/Games/Roms/handheldbackup/emugames/Roms/neogeocd/Janshin Densetsu.chd	273051552
/mnt/backups/Games/Roms/Core_Roms/dreamcast/Razor Freestyle Scooter (USA).chd	/mnt/backups/Games/Roms/handheldbackup/RGBackup/Roms/dreamcast/Razor Freestyle Scooter (USA).chd	409528134
/mnt/backups/Games/Roms/Core_Roms/dreamcast/Razor Freestyle Scooter (USA).chd	/mnt/backups/Games/Roms/handheldbackup/emugames/Roms/dreamcast/Razor Freestyle Scooter (USA).chd	409528134
/mnt/backups/Games/Roms/handheldbackup/miyoomini backup/Roms/PS/Adventures of Lomax, The (USA).chd	/mnt/backups/Games/Roms/handheldbackup/rg34xxsp_backup/Roms/PS/Adventures of Lomax, The (USA).chd	409208699
/mnt/backups/Games/Roms/handheldbackup/miyoomini backup/Roms/PS/Adventures of Lomax, The (USA).chd	/mnt/backups/Games/Roms/Core_Roms/psx/Adventures of Lomax, The.chd	409208699
/mnt/backups/BlurrBackup/home/audio/Great.Seducer.Interviews-Dating.Secrets.Pickup.Artist.Interviews.Audiobook.1/Great_Seducer/Mr M - Phone and Text Game.mp3	/mnt/backups/BlurrBackup/home/audio/Great.Seducer.Interviews-Dating.Secrets.Pickup.Artist.Interviews.Audiobook.2.1/Great_Seducer/Mr M - Phone and Text Game.mp3	102274306
/mnt/backups/BlurrBackup/home/audio/Great.Seducer.Interviews-Dating.Secrets.Pickup.Artist.Interviews.Audiobook.1/Great_Seducer/Mr M - Phone and Text Game.mp3	/mnt/backups/BlurrBackup/home/audio/Great.Seducer.Interviews-Dating.Secrets.Pickup.Artist.Interviews.Audiobook.2/Great_Seducer/Mr M - Phone and Text Game.mp3	102274306
/mnt/backups/BlurrBackup/home/audio/Great.Seducer.Interviews-Dating.Secrets.Pickup.Artist.Interviews.Audiobook.1/Great_Seducer/Mr M - Phone and Text Game.mp3	/mnt/backups/BlurrBackup/home/audio/Great.Seducer.Interviews-Dating.Secrets.Pickup.Artist.Interviews.Audiobook.3/Great_Seducer/Mr M - Phone and Text Game.mp3	102274306
/mnt/backups/BlurrBackup/home/audio/Great.Seducer.Interviews-Dating.Secrets.Pickup.Artist.Interviews.Audiobook.1/Great_Seducer/Mr M - Phone and Text Game.mp3	/mnt/backups/BlurrBackup/home/audio/Great.Seducer.Interviews-Dating.Secrets.Pickup.Artist.Interviews.Audiobook.4.1/Great_Seducer/Mr M - Phone and Text Game.mp3	102274306
/mnt/backups/BlurrBackup/home/audio/Great.Seducer.Interviews-Dating.Secrets.Pickup.Artist.Interviews.Audiobook.1/Great_Seducer/Mr M - Phone and Text Game.mp3	/mnt/backups/BlurrBackup/home/audio/Great.Seducer.Interviews-Dating.Secrets.Pickup.Artist.Interviews.Audiobook.4/Great_Seducer/Mr M - Phone and Text Game.mp3	102274306
/mnt/backups/BlurrBackup/home/audio/Great.Seducer.Interviews-Dating.Secrets.Pickup.Artist.Interviews.Audiobook.1/Great_Seducer/Mr M - Phone and Text Game.mp3	/mnt/backups/BlurrBackup/home/audio/Great.Seducer.Interviews-Dating.Secrets.Pickup.Artist.Interviews.Audiobook.5/Great_Seducer/Mr M - Phone and Text Game.mp3	102274306
/mnt/backups/BlurrBackup/home/audio/Great.Seducer.Interviews-Dating.Secrets.Pickup.Artist.Interviews.Audiobook.1/Great_Seducer/Mr M - Phone and Text Game.mp3	/mnt/backups/BlurrBackup/home/audio/Great.Seducer.Interviews-Dating.Secrets.Pickup.Artist.Interviews.Audiobook.6/Great_Seducer/Mr M - Phone and Text Game.mp3	102274306
/mnt/backups/BlurrBackup/home/audio/Great.Seducer.Interviews-Dating.Secrets.Pickup.Artist.Interviews.Audiobook.1/Great_Seducer/Mr M - Phone and Text Game.mp3	/mnt/backups/BlurrBackup/home/audio/Great.Seducer.Interviews-Dating.Secrets.Pickup.Artist.Interviews.Audiobook/Great_Seducer/Mr M - Phone and Text Game.mp3	102274306
/mnt/backups/Games/Roms/Core_Roms/dreamcast/NFL Blitz 2001 (USA).chd	/mnt/backups/Games/Roms/handheldbackup/RGBackup/Roms/dreamcast/NFL Blitz 2001 (USA).chd	409013949
/mnt/backups/Games/Roms/Core_Roms/dreamcast/NFL Blitz 2001 (USA).chd	/mnt/backups/Games/Roms/handheldbackup/emugames/Roms/dreamcast/NFL Blitz 2001 (USA).chd	409013949
/mnt/backups/Games/Roms/Core_Roms/dreamcast/Demolition Racer - No Exit (USA).chd	/mnt/backups/Games/Roms/handheldbackup/RGBackup/Roms/dreamcast/Demolition Racer - No Exit (USA).chd	408882684
/mnt/backups/Games/Roms/Core_Roms/dreamcast/Demolition Racer - No Exit (USA).chd	/mnt/backups/Games/Roms/handheldbackup/emugames/Roms/dreamcast/Demolition Racer - No Exit (USA).chd	408882684
/mnt/backups/Games/brickprobackup/Roms/PSP/Crash of the Titans.iso	/mnt/backups/Games/Roms/Archive/PSP_US_Arquivista/Crash of the Titans (US).iso	817135616
/mnt/backups/Games/Roms/Core_Roms/pcenginecd/Dungeon Master - Theron's Quest [U][SCD][TGXCD1041][FTL Games][1993][PCE][xeno-nec archives].chd	/mnt/backups/Games/Roms/Core_Roms/tg-cd/Dungeon Master - Theron's Quest [U][SCD][TGXCD1041][FTL Games][1993][PCE][xeno-nec archives].chd	203786257
/mnt/backups/Games/Roms/Core_Roms/pcenginecd/Dungeon Master - Theron's Quest [U][SCD][TGXCD1041][FTL Games][1993][PCE][xeno-nec archives].chd	/mnt/backups/Games/Roms/handheldbackup/PS Classic/MagnusRCfarewellv2/roms/tg-cd/Dungeon Master - Theron's Quest [U][SCD][TGXCD1041][FTL Games][1993][PCE][xeno-nec archives].chd	203786257
/mnt/backups/Games/Roms/Core_Roms/pcenginecd/Dungeon Master - Theron's Quest [U][SCD][TGXCD1041][FTL Games][1993][PCE][xeno-nec archives].chd	/mnt/backups/Games/Roms/handheldbackup/RGBackup/Roms/pcenginecd/Dungeon Master - Theron's Quest [U][SCD][TGXCD1041][FTL Games][1993][PCE][xeno-nec archives].chd	203786257
/mnt/backups/Games/Roms/Core_Roms/pcenginecd/Dungeon Master - Theron's Quest [U][SCD][TGXCD1041][FTL Games][1993][PCE][xeno-nec archives].chd	/mnt/backups/Games/Roms/handheldbackup/emugames/Roms/pcenginecd/Dungeon Master - Theron's Quest [U][SCD][TGXCD1041][FTL Games][1993][PCE][xeno-nec archives].chd	203786257
/mnt/backups/Games/Roms/Region_Sorted/saturn/Japan/X-Men vs. Street Fighter (Japan) (3M).zip	/mnt/backups/Games/Roms/handheldbackup/RGBackup/Roms/saturn/X-Men vs. Street Fighter (Japan) (3M).zip	407050350
/mnt/backups/Games/Roms/Region_Sorted/saturn/Japan/X-Men vs. Street Fighter (Japan) (3M).zip	/mnt/backups/Games/Roms/handheldbackup/emugames/Roms/saturn/X-Men vs. Street Fighter (Japan) (3M).zip	407050350
/mnt/backups/Games/brickprobackup/Roms/PSP/Tenchu4 - Shadow Assassins (US).iso	/mnt/backups/Games/Roms/Archive/PSP_US_Arquivista/Tenchu - Shadow Assassins (US).iso	813891584
/mnt/backups/Games/Roms/handheldbackup/RGBackup/DREAMCAST/AeroWings 2 - Air Strike (USA).cdi	/mnt/backups/Games/Roms/Archive/Dreamcast.CDi.Roms.Pack-VLC-[]www.arcadepunks.com[]/AeroWings 2 - Air Strike (USA).cdi	813842255
/mnt/backups/Games/brickprobackup/Roms/DC/Border Down (Japan)[DCCM].cdi	/mnt/backups/Games/Roms/Archive/Official.CoinOPS.Collections.Sega.Dreamcast.Pack/collections/Sega Dreamcast/roms/Border Down.cdi.cdi	812022585
/mnt/backups/Games/Roms/handheldbackup/miyoomini backup/Roms/PS/_hidden/multi-disc/Metal Gear Solid (USA) (Disc 1) (Rev 1).chd	/mnt/backups/Games/Roms/handheldbackup/rg34xxsp_backup/Roms/PS/_hidden/multi-disc/Metal Gear Solid (USA) (Disc 1) (Rev 1).chd	405492465
/mnt/backups/Games/Roms/handheldbackup/miyoomini backup/Roms/PS/_hidden/multi-disc/Metal Gear Solid (USA) (Disc 1) (Rev 1).chd	/mnt/backups/Games/Roms/Archive/PS1/PS1USA/Metal Gear Solid (USA) (Disc 1) (Rev 1).chd	405492465
/mnt/backups/Games/Roms/Core_Roms/megacd/Adventures of Batman and Robin, The (USA).chd	/mnt/backups/Games/Roms/Core_Roms/segacd/Adventures of Batman and Robin, The (USA).chd	202467503
/mnt/backups/Games/Roms/Core_Roms/megacd/Adventures of Batman and Robin, The (USA).chd	/mnt/backups/Games/Roms/handheldbackup/PS Classic/MagnusRCfarewellv2/roms/segacd/Adventures of Batman and Robin, The (USA).chd	202467503
/mnt/backups/Games/Roms/Core_Roms/megacd/Adventures of Batman and Robin, The (USA).chd	/mnt/backups/Games/Roms/handheldbackup/RGBackup/Roms/megacd/Adventures of Batman and Robin, The (USA).chd	202467503
/mnt/backups/Games/Roms/Core_Roms/megacd/Adventures of Batman and Robin, The (USA).chd	/mnt/backups/Games/Roms/handheldbackup/emugames/Roms/megacd/Adventures of Batman and Robin, The (USA).chd	202467503
/mnt/backups/Games/Roms/Region_Sorted/saturn/Japan/Zen Nihon Pro Wres featuring Virtua (Japan) (Rev A).zip	/mnt/backups/Games/Roms/handheldbackup/RGBackup/Roms/saturn/Zen Nihon Pro Wres featuring Virtua (Japan) (Rev A).zip	403121599
/mnt/backups/Games/Roms/Region_Sorted/saturn/Japan/Zen Nihon Pro Wres featuring Virtua (Japan) (Rev A).zip	/mnt/backups/Games/Roms/handheldbackup/emugames/Roms/saturn/Zen Nihon Pro Wres featuring Virtua (Japan) (Rev A).zip	403121599
/mnt/backups/Games/Roms/Region_Sorted/saturn/Japan/Yu-No - Konoyo no Hate de Koi o Utau Shoujo (Japan) (Disc A).zip	/mnt/backups/Games/Roms/handheldbackup/RGBackup/Roms/saturn/Yu-No - Konoyo no Hate de Koi o Utau Shoujo (Japan) (Disc A).zip	402969204
/mnt/backups/Games/Roms/Region_Sorted/saturn/Japan/Yu-No - Konoyo no Hate de Koi o Utau Shoujo (Japan) (Disc A).zip	/mnt/backups/Games/Roms/handheldbackup/emugames/Roms/saturn/Yu-No - Konoyo no Hate de Koi o Utau Shoujo (Japan) (Disc A).zip	402969204
/mnt/backups/Games/Roms/handheldbackup/RGBackup/DREAMCAST/AeroWings (USA).cdi	/mnt/backups/Games/Roms/Archive/Dreamcast.CDi.Roms.Pack-VLC-[]www.arcadepunks.com[]/AeroWings (USA).cdi	805494868
/mnt/backups/Games/brickprobackup/Roms/PSP/Lord of Arcana (USA).iso	/mnt/backups/Games/Roms/Archive/PSP_US_Arquivista/Lord of Arcana (US).iso	805011456
/mnt/backups/Games/Roms/handheldbackup/RGBackup/DREAMCAST/Atari Anniversary Edition (USA).cdi	/mnt/backups/Games/Roms/Archive/Dreamcast.CDi.Roms.Pack-VLC-[]www.arcadepunks.com[]/Atari Anniversary Edition (USA).cdi	801366947
/mnt/backups/Games/Roms/Core_Roms/saturn/Worms (USA).zip	/mnt/backups/Games/Roms/handheldbackup/RGBackup/Roms/saturn/Worms (USA).zip	400436841
/mnt/backups/Games/Roms/Core_Roms/saturn/Worms (USA).zip	/mnt/backups/Games/Roms/handheldbackup/emugames/Roms/saturn/Worms (USA).zip	400436841
/mnt/backups/Games/Roms/handheldbackup/miyoomini backup/Roms/PS/Break Out (USA).chd	/mnt/backups/Games/Roms/handheldbackup/rg34xxsp_backup/Roms/PS/Break Out (USA).chd	399460523
/mnt/backups/Games/Roms/handheldbackup/miyoomini backup/Roms/PS/Break Out (USA).chd	/mnt/backups/Games/Roms/Archive/PS1/PS1USA/Breakout (USA).chd	399460523
/mnt/backups/Games/Roms/Archive/Official.CoinOPS.Collections.Sega.Dreamcast.Pack/collections/Sega Dreamcast/roms/Power Stone 1.cdi.cdi	/mnt/backups/Games/brickprobackup/Roms/DC/Power Stone (USA)[RDC].cdi	797485643
/mnt/backups/Games/Roms/Core_Roms/pcenginecd/Syd Mead's Terra Forming [U][CD.SCD][TGXCD1040][Syd Mead][1993][PCE][rigg].chd	/mnt/backups/Games/Roms/Core_Roms/tg-cd/Syd Mead's Terra Forming [U][CD.SCD][TGXCD1040][Syd Mead][1993][PCE][rigg].chd	198993064
/mnt/backups/Games/Roms/Core_Roms/pcenginecd/Syd Mead's Terra Forming [U][CD.SCD][TGXCD1040][Syd Mead][1993][PCE][rigg].chd	/mnt/backups/Games/Roms/handheldbackup/PS Classic/MagnusRCfarewellv2/roms/tg-cd/Syd Mead's Terra Forming [U][CD.SCD][TGXCD1040][Syd Mead][1993][PCE][rigg].chd	198993064
/mnt/backups/Games/Roms/Core_Roms/pcenginecd/Syd Mead's Terra Forming [U][CD.SCD][TGXCD1040][Syd Mead][1993][PCE][rigg].chd	/mnt/backups/Games/Roms/handheldbackup/RGBackup/Roms/pcenginecd/Syd Mead's Terra Forming [U][CD.SCD][TGXCD1040][Syd Mead][1993][PCE][rigg].chd	198993064
/mnt/backups/Games/Roms/Core_Roms/pcenginecd/Syd Mead's Terra Forming [U][CD.SCD][TGXCD1040][Syd Mead][1993][PCE][rigg].chd	/mnt/backups/Games/Roms/handheldbackup/emugames/Roms/pcenginecd/Syd Mead's Terra Forming [U][CD.SCD][TGXCD1040][Syd Mead][1993][PCE][rigg].chd	198993064
/mnt/backups/Games/Roms/Core_Roms/psp/Aliens vs Predator - Requiem (US).iso	/mnt/backups/Games/Roms/handheldbackup/RGBackup/Roms/psp/Aliens vs Predator - Requiem (US).iso	396492800
/mnt/backups/Games/Roms/Core_Roms/psp/Aliens vs Predator - Requiem (US).iso	/mnt/backups/Games/Roms/handheldbackup/emugames/Roms/psp/Aliens vs Predator - Requiem (US).iso	396492800
/mnt/backups/Games/Roms/Region_Sorted/saturn/Japan/Zoku Hatsukoi Monogatari - Shuugaku Ryokou (Japan) (Disc 4) (Daigakusei Jidai & Koukou kara Daigaku ni Agaru ma no Haruyasumi).zip	/mnt/backups/Games/Roms/handheldbackup/RGBackup/Roms/saturn/Zoku Hatsukoi Monogatari - Shuugaku Ryokou (Japan) (Disc 4) (Daigakusei Jidai & Koukou kara Daigaku ni Agaru ma no Haruyasumi).zip	396373992
/mnt/backups/Games/Roms/Region_Sorted/saturn/Japan/Zoku Hatsukoi Monogatari - Shuugaku Ryokou (Japan) (Disc 4) (Daigakusei Jidai & Koukou kara Daigaku ni Agaru ma no Haruyasumi).zip	/mnt/backups/Games/Roms/handheldbackup/emugames/Roms/saturn/Zoku Hatsukoi Monogatari - Shuugaku Ryokou (Japan) (Disc 4) (Daigakusei Jidai & Koukou kara Daigaku ni Agaru ma no Haruyasumi).zip	396373992
/mnt/backups/Games/Roms/Core_Roms/gamecube/Mario Kart - Double Dash!! (USA).rvz	/mnt/backups/Games/Roms/handheldbackup/RGBackup/Roms/gamecube/Mario Kart - Double Dash!! (USA).rvz	396323584
/mnt/backups/Games/Roms/Core_Roms/gamecube/Mario Kart - Double Dash!! (USA).rvz	/mnt/backups/Games/Roms/handheldbackup/emugames/Roms/gc/Mario Kart - Double Dash!! (USA).rvz	396323584
/mnt/backups/Games/Roms/handheldbackup/miyoomini backup/Roms/PS/PaRappa the Rapper (USA) (En,Fr,De,Es,It).chd	/mnt/backups/Games/Roms/handheldbackup/rg34xxsp_backup/Roms/PS/PaRappa the Rapper (USA) (En,Fr,De,Es,It).chd	396249285
/mnt/backups/Games/Roms/handheldbackup/miyoomini backup/Roms/PS/PaRappa the Rapper (USA) (En,Fr,De,Es,It).chd	/mnt/backups/Games/Roms/Core_Roms/psx/PaRappa the Rapper.chd	396249285
/mnt/backups/Games/Roms/Core_Roms/neogeocd/Hypernoid.chd	/mnt/backups/Games/Roms/handheldbackup/PS Classic/MagnusRCfarewellv2/roms/neogeocd/Hypernoid.chd	263243347
/mnt/backups/Games/Roms/Core_Roms/neogeocd/Hypernoid.chd	/mnt/backups/Games/Roms/handheldbackup/RGBackup/Roms/neogeocd/Hypernoid.chd	263243347
/mnt/backups/Games/Roms/Core_Roms/neogeocd/Hypernoid.chd	/mnt/backups/Games/Roms/handheldbackup/emugames/Roms/neogeocd/Hypernoid.chd	263243347
/mnt/backups/Games/Roms/Core_Roms/neogeocd/Ninja Commando.chd	/mnt/backups/Games/Roms/handheldbackup/PS Classic/MagnusRCfarewellv2/roms/neogeocd/Ninja Commando.chd	261954228
/mnt/backups/Games/Roms/Core_Roms/neogeocd/Ninja Commando.chd	/mnt/backups/Games/Roms/handheldbackup/RGBackup/Roms/neogeocd/Ninja Commando.chd	261954228
/mnt/backups/Games/Roms/Core_Roms/neogeocd/Ninja Commando.chd	/mnt/backups/Games/Roms/handheldbackup/emugames/Roms/neogeocd/Ninja Commando.chd	261954228
/mnt/backups/Games/Roms/Core_Roms/dreamcast/World Series Baseball 2K2 (USA).chd	/mnt/backups/Games/Roms/handheldbackup/RGBackup/Roms/dreamcast/World Series Baseball 2K2 (USA).chd	390870559
/mnt/backups/Games/Roms/Core_Roms/dreamcast/World Series Baseball 2K2 (USA).chd	/mnt/backups/Games/Roms/handheldbackup/emugames/Roms/dreamcast/World Series Baseball 2K2 (USA).chd	390870559
/mnt/backups/Games/Roms/Region_Sorted/saturn/Japan/Zero4 Champ DooZy-J Type-R (Japan).zip	/mnt/backups/Games/Roms/handheldbackup/RGBackup/Roms/saturn/Zero4 Champ DooZy-J Type-R (Japan).zip	390232727
/mnt/backups/Games/Roms/Region_Sorted/saturn/Japan/Zero4 Champ DooZy-J Type-R (Japan).zip	/mnt/backups/Games/Roms/handheldbackup/emugames/Roms/saturn/Zero4 Champ DooZy-J Type-R (Japan).zip	390232727
/mnt/backups/Games/Roms/Core_Roms/psp/Ape Escape Academy (US).iso	/mnt/backups/Games/Roms/handheldbackup/RGBackup/Roms/psp/Ape Escape Academy (US).iso	388890624
/mnt/backups/Games/Roms/Core_Roms/psp/Ape Escape Academy (US).iso	/mnt/backups/Games/Roms/handheldbackup/emugames/Roms/psp/Ape Escape Academy (US).iso	388890624
/mnt/backups/Games/Roms/Region_Sorted/saturn/Japan/Yu-No - Konoyo no Hate de Koi o Utau Shoujo (Japan) (Disc B).zip	/mnt/backups/Games/Roms/handheldbackup/RGBackup/Roms/saturn/Yu-No - Konoyo no Hate de Koi o Utau Shoujo (Japan) (Disc B).zip	387076183
/mnt/backups/Games/Roms/Region_Sorted/saturn/Japan/Yu-No - Konoyo no Hate de Koi o Utau Shoujo (Japan) (Disc B).zip	/mnt/backups/Games/Roms/handheldbackup/emugames/Roms/saturn/Yu-No - Konoyo no Hate de Koi o Utau Shoujo (Japan) (Disc B).zip	387076183
/mnt/backups/Games/brickprobackup/Roms/SS/Wolf Fang SS - Kuuga 2001 (Japan).chd	/mnt/backups/Games/Roms/handheldbackup/RGBackup/SATURN/SS-Kuuga 2001.chd	385278268
/mnt/backups/Games/brickprobackup/Roms/SS/Wolf Fang SS - Kuuga 2001 (Japan).chd	/mnt/backups/Games/Roms/handheldbackup/rg34xxsp_backup/Roms/SATURN/SS-Kuuga 2001.chd	385278268
/mnt/backups/Games/Roms/Core_Roms/openbor/Silver Night's Crusaders/Paks/Silver_Night's_Crusaders_(U).pak	/mnt/backups/Games/Roms/handheldbackup/PS Classic/MagnusRCfarewellv2/roms/OpenBOR/Silver Night's Crusaders/Paks/Silver_Night's_Crusaders_(U).pak	256584084
/mnt/backups/Games/Roms/Core_Roms/openbor/Silver Night's Crusaders/Paks/Silver_Night's_Crusaders_(U).pak	/mnt/backups/Games/Roms/handheldbackup/RGBackup/Roms/openbor/Silver Night's Crusaders/Paks/Silver_Night's_Crusaders_(U).pak	256584084
/mnt/backups/Games/Roms/Core_Roms/openbor/Silver Night's Crusaders/Paks/Silver_Night's_Crusaders_(U).pak	/mnt/backups/Games/Roms/handheldbackup/emugames/Roms/openbor/Silver Night's Crusaders/Paks/Silver_Night's_Crusaders_(U).pak	256584084
/mnt/backups/Games/Homeworld Remastered/Homeworld2Classic/Data/GermanSpeech.big	/mnt/backups/Games/Homeworld Remastered/Homeworld2Classic/Data/ItalianSpeech.big	153282778
/mnt/backups/Games/Homeworld Remastered/Homeworld2Classic/Data/GermanSpeech.big	/mnt/backups/Games/Homeworld Remastered/Homeworld2Classic/Data/FrenchSpeech.big	153282778
/mnt/backups/Games/Homeworld Remastered/Homeworld2Classic/Data/GermanSpeech.big	/mnt/backups/Games/Homeworld Remastered/Homeworld2Classic/Data/EnglishSpeech.big	153282778
/mnt/backups/Games/Homeworld Remastered/Homeworld2Classic/Data/GermanSpeech.big	/mnt/backups/Games/Homeworld Remastered/Homeworld2Classic/Data/SpanishSpeech.big	153282778
/mnt/backups/Games/Homeworld Remastered/Homeworld2Classic/Data/GermanSpeech.big	/mnt/backups/Games/Homeworld Remastered/Homeworld2Classic/Data/RussianSpeech.big	153282778
/mnt/backups/Games/Roms/handheldbackup/miyoomini backup/Roms/PS/_hidden/multi-disc/Parasite Eve II (USA) (Disc 1).chd	/mnt/backups/Games/Roms/handheldbackup/rg34xxsp_backup/Roms/PS/_hidden/multi-disc/Parasite Eve II (USA) (Disc 1).chd	383140253
/mnt/backups/Games/Roms/handheldbackup/miyoomini backup/Roms/PS/_hidden/multi-disc/Parasite Eve II (USA) (Disc 1).chd	/mnt/backups/Games/Roms/Core_Roms/psx/multi-disc/Parasite Eve II (Disc 1).chd	383140253
/mnt/backups/Games/brickprobackup/Roms/PSP/Ys Seven.iso	/mnt/backups/Games/Roms/Archive/PSP_US_Arquivista/Ys Seven (US).iso	763756544
/mnt/backups/Games/Roms/Core_Roms/psx/PoPoLoCrois Monogatari (English v1.3).chd	/mnt/backups/Games/Roms/handheldbackup/PS Classic/MagnusRCfarewellv2/roms/psx/PoPoLoCrois Monogatari (English v1.3).chd	254548966
/mnt/backups/Games/Roms/Core_Roms/psx/PoPoLoCrois Monogatari (English v1.3).chd	/mnt/backups/Games/Roms/handheldbackup/RGBackup/Roms/psx/PoPoLoCrois Monogatari (English v1.3).chd	254548966
/mnt/backups/Games/Roms/Core_Roms/psx/PoPoLoCrois Monogatari (English v1.3).chd	/mnt/backups/Games/Roms/handheldbackup/emugames/Roms/psx/PoPoLoCrois Monogatari (English v1.3).chd	254548966
/mnt/backups/Games/Roms/Region_Sorted/saturn/Japan/Yuukyuu Gensoukyoku Ensemble 2 (Japan).zip	/mnt/backups/Games/Roms/handheldbackup/RGBackup/Roms/saturn/Yuukyuu Gensoukyoku Ensemble 2 (Japan).zip	381548131
/mnt/backups/Games/Roms/Region_Sorted/saturn/Japan/Yuukyuu Gensoukyoku Ensemble 2 (Japan).zip	/mnt/backups/Games/Roms/handheldbackup/emugames/Roms/saturn/Yuukyuu Gensoukyoku Ensemble 2 (Japan).zip	381548131
/mnt/backups/Games/Roms/Core_Roms/psx/Johnny Bazookatone (USA).chd	/mnt/backups/Games/Roms/handheldbackup/PS Classic/MagnusRCfarewellv2/roms/psx/Johnny Bazookatone (USA).chd	253796763
/mnt/backups/Games/Roms/Core_Roms/psx/Johnny Bazookatone (USA).chd	/mnt/backups/Games/Roms/handheldbackup/RGBackup/Roms/psx/Johnny Bazookatone (USA).chd	253796763
/mnt/backups/Games/Roms/Core_Roms/psx/Johnny Bazookatone (USA).chd	/mnt/backups/Games/Roms/handheldbackup/emugames/Roms/psx/Johnny Bazookatone (USA).chd	253796763
/mnt/backups/Games/Roms/Core_Roms/neogeocd/World Heroes 2 - Jet.chd	/mnt/backups/Games/Roms/handheldbackup/PS Classic/MagnusRCfarewellv2/roms/neogeocd/World Heroes 2 - Jet.chd	252560387
/mnt/backups/Games/Roms/Core_Roms/neogeocd/World Heroes 2 - Jet.chd	/mnt/backups/Games/Roms/handheldbackup/RGBackup/Roms/neogeocd/World Heroes 2 - Jet.chd	252560387
/mnt/backups/Games/Roms/Core_Roms/neogeocd/World Heroes 2 - Jet.chd	/mnt/backups/Games/Roms/handheldbackup/emugames/Roms/neogeocd/World Heroes 2 - Jet.chd	252560387
/mnt/backups/Games/Roms/Core_Roms/neogeocd/Puzzled.chd	/mnt/backups/Games/Roms/handheldbackup/PS Classic/MagnusRCfarewellv2/roms/neogeocd/Puzzled.chd	252098400
/mnt/backups/Games/Roms/Core_Roms/neogeocd/Puzzled.chd	/mnt/backups/Games/Roms/handheldbackup/RGBackup/Roms/neogeocd/Puzzled.chd	252098400
/mnt/backups/Games/Roms/Core_Roms/neogeocd/Puzzled.chd	/mnt/backups/Games/Roms/handheldbackup/emugames/Roms/neogeocd/Puzzled.chd	252098400
/mnt/backups/Games/Roms/Region_Sorted/neogeocd/Japan/Crossed Swords II (Japan) (En,Ja).chd	/mnt/backups/Games/Roms/handheldbackup/PS Classic/MagnusRCfarewellv2/roms/neogeocd/Crossed Swords II (Japan) (En,Ja).chd	251341847
/mnt/backups/Games/Roms/Region_Sorted/neogeocd/Japan/Crossed Swords II (Japan) (En,Ja).chd	/mnt/backups/Games/Roms/handheldbackup/RGBackup/Roms/neogeocd/Crossed Swords II (Japan) (En,Ja).chd	251341847
/mnt/backups/Games/Roms/Region_Sorted/neogeocd/Japan/Crossed Swords II (Japan) (En,Ja).chd	/mnt/backups/Games/Roms/handheldbackup/emugames/Roms/neogeocd/Crossed Swords II (Japan) (En,Ja).chd	251341847
/mnt/backups/Games/Roms/Core_Roms/dreamcast/Ms. Pac-Man Maze Madness (USA).chd	/mnt/backups/Games/Roms/handheldbackup/RGBackup/Roms/dreamcast/Ms. Pac-Man Maze Madness (USA).chd	375534061
/mnt/backups/Games/Roms/Core_Roms/dreamcast/Ms. Pac-Man Maze Madness (USA).chd	/mnt/backups/Games/Roms/handheldbackup/emugames/Roms/dreamcast/Ms. Pac-Man Maze Madness (USA).chd	375534061
/mnt/backups/Games/Roms/handheldbackup/miyoomini backup/Roms/PCECD/Ginga Fukei Densetsu Sapphire (Japan).chd	/mnt/backups/Games/Roms/handheldbackup/PS Classic/MagnusRCfarewellv2/roms/pcenginecd/Ginga Fukei Densetsu Sapphire (Japan).chd	248834315
/mnt/backups/Games/Roms/handheldbackup/miyoomini backup/Roms/PCECD/Ginga Fukei Densetsu Sapphire (Japan).chd	/mnt/backups/Games/Roms/handheldbackup/RGBackup/Roms/pcenginecd/Ginga Fukei Densetsu Sapphire (Japan).chd	248834315
/mnt/backups/Games/Roms/handheldbackup/miyoomini backup/Roms/PCECD/Ginga Fukei Densetsu Sapphire (Japan).chd	/mnt/backups/Games/Roms/handheldbackup/emugames/Roms/pcenginecd/Ginga Fukei Densetsu Sapphire (Japan).chd	248834315
/mnt/backups/Games/Roms/handheldbackup/miyoomini backup/Roms/PS/_hidden/multi-disc/Metal Gear Solid (USA) (Disc 2) (Rev 1).chd	/mnt/backups/Games/Roms/handheldbackup/rg34xxsp_backup/Roms/PS/_hidden/multi-disc/Metal Gear Solid (USA) (Disc 2) (Rev 1).chd	372815953
/mnt/backups/Games/Roms/handheldbackup/miyoomini backup/Roms/PS/_hidden/multi-disc/Metal Gear Solid (USA) (Disc 2) (Rev 1).chd	/mnt/backups/Games/Roms/Archive/PS1/PS1USA/Metal Gear Solid (USA) (Disc 2) (Rev 1).chd	372815953
/mnt/backups/Games/Roms/Core_Roms/neogeocd/Riding Hero.chd	/mnt/backups/Games/Roms/handheldbackup/PS Classic/MagnusRCfarewellv2/roms/neogeocd/Riding Hero.chd	247987567
/mnt/backups/Games/Roms/Core_Roms/neogeocd/Riding Hero.chd	/mnt/backups/Games/Roms/handheldbackup/RGBackup/Roms/neogeocd/Riding Hero.chd	247987567
/mnt/backups/Games/Roms/Core_Roms/neogeocd/Riding Hero.chd	/mnt/backups/Games/Roms/handheldbackup/emugames/Roms/neogeocd/Riding Hero.chd	247987567
/mnt/backups/Games/Roms/Core_Roms/openbor/final fight and cadillacs 2/Paks/FF&C2.pak	/mnt/backups/Games/Roms/handheldbackup/PS Classic/MagnusRCfarewellv2/roms/OpenBOR/final fight and cadillacs 2/Paks/FF&C2.pak	247688049
/mnt/backups/Games/Roms/Core_Roms/openbor/final fight and cadillacs 2/Paks/FF&C2.pak	/mnt/backups/Games/Roms/handheldbackup/RGBackup/Roms/openbor/final fight and cadillacs 2/Paks/FF&C2.pak	247688049
/mnt/backups/Games/Roms/Core_Roms/openbor/final fight and cadillacs 2/Paks/FF&C2.pak	/mnt/backups/Games/Roms/handheldbackup/emugames/Roms/openbor/final fight and cadillacs 2/Paks/FF&C2.pak	247688049
/mnt/backups/Games/Roms/Core_Roms/neogeocd/Art of Fighting.chd	/mnt/backups/Games/Roms/handheldbackup/PS Classic/MagnusRCfarewellv2/roms/neogeocd/Art of Fighting.chd	247284510
/mnt/backups/Games/Roms/Core_Roms/neogeocd/Art of Fighting.chd	/mnt/backups/Games/Roms/handheldbackup/RGBackup/Roms/neogeocd/Art of Fighting.chd	247284510
/mnt/backups/Games/Roms/Core_Roms/neogeocd/Art of Fighting.chd	/mnt/backups/Games/Roms/handheldbackup/emugames/Roms/neogeocd/Art of Fighting.chd	247284510
/mnt/backups/Games/brickprobackup/Roms/PSP/Monster Hunter Freedom.iso	/mnt/backups/Games/Roms/Archive/PSP_US_Arquivista/Monster Hunter Freedom (US).iso	741277696
/mnt/backups/Games/Roms/Core_Roms/psx/Resident Evil 3 - Nemesis (USA).chd	/mnt/backups/Games/Roms/handheldbackup/miyoomini backup/Roms/PS/Resident Evil 3 - Nemesis (USA).chd	368776661
/mnt/backups/Games/Roms/Core_Roms/psx/Resident Evil 3 - Nemesis (USA).chd	/mnt/backups/Games/Roms/handheldbackup/rg34xxsp_backup/Roms/PS/Resident Evil 3 - Nemesis (USA).chd	368776661
/mnt/backups/Games/brickprobackup/Roms/PS/Rayman 2 - The Great Escape.bin	/mnt/backups/Games/brickprobackup/Roms/PS/Rayman 2-The Great Escape.bin	732074112
/mnt/backups/Games/Roms/handheldbackup/miyoomini backup/Roms/PS/Need for Speed - V-Rally 2 (USA).chd	/mnt/backups/Games/Roms/handheldbackup/rg34xxsp_backup/Roms/PS/Need for Speed - V-Rally 2 (USA).chd	365110750
/mnt/backups/Games/Roms/handheldbackup/miyoomini backup/Roms/PS/Need for Speed - V-Rally 2 (USA).chd	/mnt/backups/Games/Roms/Core_Roms/psx/Need for Speed - V-Rally 2 (USA).chd	365110750
/mnt/backups/Games/Roms/Region_Sorted/saturn/Japan/Zoku Hatsukoi Monogatari - Shuugaku Ryokou (Japan) (Disc 2) (Chuugakusei Jidai).zip	/mnt/backups/Games/Roms/handheldbackup/RGBackup/Roms/saturn/Zoku Hatsukoi Monogatari - Shuugaku Ryokou (Japan) (Disc 2) (Chuugakusei Jidai).zip	365107599
/mnt/backups/Games/Roms/Region_Sorted/saturn/Japan/Zoku Hatsukoi Monogatari - Shuugaku Ryokou (Japan) (Disc 2) (Chuugakusei Jidai).zip	/mnt/backups/Games/Roms/handheldbackup/emugames/Roms/saturn/Zoku Hatsukoi Monogatari - Shuugaku Ryokou (Japan) (Disc 2) (Chuugakusei Jidai).zip	365107599
/mnt/backups/Games/Roms/Core_Roms/neogeocd/NAM 1975.chd	/mnt/backups/Games/Roms/handheldbackup/PS Classic/MagnusRCfarewellv2/roms/neogeocd/NAM 1975.chd	241834340
/mnt/backups/Games/Roms/Core_Roms/neogeocd/NAM 1975.chd	/mnt/backups/Games/Roms/handheldbackup/RGBackup/Roms/neogeocd/NAM 1975.chd	241834340
/mnt/backups/Games/Roms/Core_Roms/neogeocd/NAM 1975.chd	/mnt/backups/Games/Roms/handheldbackup/emugames/Roms/neogeocd/NAM 1975.chd	241834340
/mnt/backups/Games/Roms/Core_Roms/neogeocd/Blues journey.chd	/mnt/backups/Games/Roms/handheldbackup/PS Classic/MagnusRCfarewellv2/roms/neogeocd/Blues journey.chd	239683942
/mnt/backups/Games/Roms/Core_Roms/neogeocd/Blues journey.chd	/mnt/backups/Games/Roms/handheldbackup/RGBackup/Roms/neogeocd/Blues journey.chd	239683942
/mnt/backups/Games/Roms/Core_Roms/neogeocd/Blues journey.chd	/mnt/backups/Games/Roms/handheldbackup/emugames/Roms/neogeocd/Blues journey.chd	239683942
/mnt/backups/Games/brickprobackup/Roms/PS/Spider-Man 2 - Enter - Electro (USA).img	/mnt/backups/Games/brickprobackup/Roms/PS/Spiderman 2-Enter Electro.img	717414096
/mnt/backups/Games/Roms/handheldbackup/miyoomini backup/Roms/PS/Broken Sword - The Shadow of the Templars (USA).chd	/mnt/backups/Games/Roms/handheldbackup/rg34xxsp_backup/Roms/PS/Broken Sword - The Shadow of the Templars (USA).chd	357976026
/mnt/backups/Games/Roms/handheldbackup/miyoomini backup/Roms/PS/Broken Sword - The Shadow of the Templars (USA).chd	/mnt/backups/Games/Roms/Core_Roms/psx/Broken Sword - The Shadow of the Templars (USA).chd	357976026
/mnt/backups/Games/brickprobackup/Roms/PS/Grand Theft Auto [SLUS-00106] [IOL.com].img	/mnt/backups/Games/brickprobackup/Roms/PS/Grand Theft Auto.img	715671264
/mnt/backups/Games/Roms/Core_Roms/neogeocd/3 Count Bout.chd	/mnt/backups/Games/Roms/handheldbackup/PS Classic/MagnusRCfarewellv2/roms/neogeocd/3 Count Bout.chd	238219784
/mnt/backups/Games/Roms/Core_Roms/neogeocd/3 Count Bout.chd	/mnt/backups/Games/Roms/handheldbackup/RGBackup/Roms/neogeocd/3 Count Bout.chd	238219784
/mnt/backups/Games/Roms/Core_Roms/neogeocd/3 Count Bout.chd	/mnt/backups/Games/Roms/handheldbackup/emugames/Roms/neogeocd/3 Count Bout.chd	238219784
/mnt/backups/Games/Roms/Core_Roms/dreamcast/Centipede (USA).chd	/mnt/backups/Games/Roms/handheldbackup/RGBackup/Roms/dreamcast/Centipede (USA).chd	356543731
/mnt/backups/Games/Roms/Core_Roms/dreamcast/Centipede (USA).chd	/mnt/backups/Games/Roms/handheldbackup/emugames/Roms/dreamcast/Centipede (USA).chd	356543731
/mnt/backups/Games/Roms/Core_Roms/pcenginecd/R-Type Complete CD (PS3 Arcade OST).chd	/mnt/backups/Games/Roms/handheldbackup/PS Classic/MagnusRCfarewellv2/roms/pcenginecd/R-Type Complete CD (PS3 Arcade OST).chd	237588618
/mnt/backups/Games/Roms/Core_Roms/pcenginecd/R-Type Complete CD (PS3 Arcade OST).chd	/mnt/backups/Games/Roms/handheldbackup/RGBackup/Roms/pcenginecd/R-Type Complete CD (PS3 Arcade OST).chd	237588618
/mnt/backups/Games/Roms/Core_Roms/pcenginecd/R-Type Complete CD (PS3 Arcade OST).chd	/mnt/backups/Games/Roms/handheldbackup/emugames/Roms/pcenginecd/R-Type Complete CD (PS3 Arcade OST).chd	237588618
/mnt/backups/Games/Roms/Region_Sorted/saturn/Japan/Yellow Brick Road (Japan) (3M).zip	/mnt/backups/Games/Roms/handheldbackup/RGBackup/Roms/saturn/Yellow Brick Road (Japan) (3M).zip	356207454
/mnt/backups/Games/Roms/Region_Sorted/saturn/Japan/Yellow Brick Road (Japan) (3M).zip	/mnt/backups/Games/Roms/handheldbackup/emugames/Roms/saturn/Yellow Brick Road (Japan) (3M).zip	356207454
/mnt/backups/Games/brickprobackup/Roms/PSP/Valkyrie Profile - Lenneth.iso	/mnt/backups/Games/Roms/Archive/PSP_US_Arquivista/Valkyrie Profile - Lenneth (US).iso	710410240
/mnt/backups/Games/Roms/Core_Roms/neogeocd/The Super Spy.chd	/mnt/backups/Games/Roms/handheldbackup/PS Classic/MagnusRCfarewellv2/roms/neogeocd/The Super Spy.chd	235922152
/mnt/backups/Games/Roms/Core_Roms/neogeocd/The Super Spy.chd	/mnt/backups/Games/Roms/handheldbackup/RGBackup/Roms/neogeocd/The Super Spy.chd	235922152
/mnt/backups/Games/Roms/Core_Roms/neogeocd/The Super Spy.chd	/mnt/backups/Games/Roms/handheldbackup/emugames/Roms/neogeocd/The Super Spy.chd	235922152
/mnt/backups/Games/Roms/Region_Sorted/saturn/Taiwan/Xianjian Qixiazhuan (Taiwan).zip	/mnt/backups/Games/Roms/handheldbackup/RGBackup/Roms/saturn/Xianjian Qixiazhuan (Taiwan).zip	351633931
/mnt/backups/Games/Roms/Region_Sorted/saturn/Taiwan/Xianjian Qixiazhuan (Taiwan).zip	/mnt/backups/Games/Roms/handheldbackup/emugames/Roms/saturn/Xianjian Qixiazhuan (Taiwan).zip	351633931
/mnt/backups/Games/Roms/Core_Roms/psx/Bloody Roar (USA).chd	/mnt/backups/Games/Roms/handheldbackup/miyoomini backup/Roms/PS/Bloody Roar (USA).chd	350878835
/mnt/backups/Games/Roms/Core_Roms/psx/Bloody Roar (USA).chd	/mnt/backups/Games/Roms/handheldbackup/rg34xxsp_backup/Roms/PS/Bloody Roar (USA).chd	350878835
/mnt/backups/Games/Roms/handheldbackup/miyoomini backup/Roms/PS/Assault Rigs (USA).chd	/mnt/backups/Games/Roms/handheldbackup/rg34xxsp_backup/Roms/PS/Assault Rigs (USA).chd	349139418
/mnt/backups/Games/Roms/handheldbackup/miyoomini backup/Roms/PS/Assault Rigs (USA).chd	/mnt/backups/Games/Roms/Archive/PS1/PS1USA/Assault Rigs (USA).chd	349139418
/mnt/backups/Games/Roms/handheldbackup/miyoomini backup/Roms/PS/Bushido Blade 2 (USA).chd	/mnt/backups/Games/Roms/handheldbackup/rg34xxsp_backup/Roms/PS/Bushido Blade 2 (USA).chd	348825154
/mnt/backups/Games/Roms/handheldbackup/miyoomini backup/Roms/PS/Bushido Blade 2 (USA).chd	/mnt/backups/Games/Roms/Core_Roms/psx/Bushido Blade 2.chd	348825154
/mnt/backups/Games/Roms/Core_Roms/neogeocd/Zintrick.chd	/mnt/backups/Games/Roms/handheldbackup/PS Classic/MagnusRCfarewellv2/roms/neogeocd/Zintrick.chd	231578768
/mnt/backups/Games/Roms/Core_Roms/neogeocd/Zintrick.chd	/mnt/backups/Games/Roms/handheldbackup/RGBackup/Roms/neogeocd/Zintrick.chd	231578768
/mnt/backups/Games/Roms/Core_Roms/neogeocd/Zintrick.chd	/mnt/backups/Games/Roms/handheldbackup/emugames/Roms/neogeocd/Zintrick.chd	231578768
/mnt/backups/BlurrBackup/20250813_backup/Downloads/XWVM_alpha_20250614/XWVM_alpha_20250614-1.bin	/mnt/backups/Games/x-wing/XWVM_alpha_20250614/XWVM_alpha_20250614-1.bin	693661012
/mnt/backups/Games/Roms/Core_Roms/neogeocd/Stakes Winner GI Kanzen Seiha Heno Machi.chd	/mnt/backups/Games/Roms/handheldbackup/PS Classic/MagnusRCfarewellv2/roms/neogeocd/Stakes Winner GI Kanzen Seiha Heno Machi.chd	228588224
/mnt/backups/Games/Roms/Core_Roms/neogeocd/Stakes Winner GI Kanzen Seiha Heno Machi.chd	/mnt/backups/Games/Roms/handheldbackup/RGBackup/Roms/neogeocd/Stakes Winner GI Kanzen Seiha Heno Machi.chd	228588224
/mnt/backups/Games/Roms/Core_Roms/neogeocd/Stakes Winner GI Kanzen Seiha Heno Machi.chd	/mnt/backups/Games/Roms/handheldbackup/emugames/Roms/neogeocd/Stakes Winner GI Kanzen Seiha Heno Machi.chd	228588224
/mnt/backups/Games/brickprobackup/Roms/PSP/Ben 10.iso	/mnt/backups/Games/Roms/Archive/PSP_US_Arquivista/Ben 10 - Protector of Earth (US).iso	685211648
/mnt/backups/Games/Roms/handheldbackup/miyoomini backup/Roms/PS/Point Blank (USA).chd	/mnt/backups/Games/Roms/Core_Roms/psx/Point Blank (USA).chd	170628869
/mnt/backups/Games/Roms/handheldbackup/miyoomini backup/Roms/PS/Point Blank (USA).chd	/mnt/backups/Games/Roms/handheldbackup/PS Classic/MagnusRCfarewellv2/roms/psx/Point Blank (USA).chd	170628869
/mnt/backups/Games/Roms/handheldbackup/miyoomini backup/Roms/PS/Point Blank (USA).chd	/mnt/backups/Games/Roms/handheldbackup/RGBackup/Roms/psx/Point Blank (USA).chd	170628869
/mnt/backups/Games/Roms/handheldbackup/miyoomini backup/Roms/PS/Point Blank (USA).chd	/mnt/backups/Games/Roms/handheldbackup/emugames/Roms/psx/Point Blank (USA).chd	170628869
/mnt/backups/Games/Roms/Core_Roms/dreamcast/ESPN NBA 2Night (USA).chd	/mnt/backups/Games/Roms/handheldbackup/RGBackup/Roms/dreamcast/ESPN NBA 2Night (USA).chd	341043650
/mnt/backups/Games/Roms/Core_Roms/dreamcast/ESPN NBA 2Night (USA).chd	/mnt/backups/Games/Roms/handheldbackup/emugames/Roms/dreamcast/ESPN NBA 2Night (USA).chd	341043650
/mnt/backups/Games/Roms/Core_Roms/neogeocd/Shougi no Tatsujin Master of Syougi.chd	/mnt/backups/Games/Roms/handheldbackup/PS Classic/MagnusRCfarewellv2/roms/neogeocd/Shougi no Tatsujin Master of Syougi.chd	226668536
/mnt/backups/Games/Roms/Core_Roms/neogeocd/Shougi no Tatsujin Master of Syougi.chd	/mnt/backups/Games/Roms/handheldbackup/RGBackup/Roms/neogeocd/Shougi no Tatsujin Master of Syougi.chd	226668536
/mnt/backups/Games/Roms/Core_Roms/neogeocd/Shougi no Tatsujin Master of Syougi.chd	/mnt/backups/Games/Roms/handheldbackup/emugames/Roms/neogeocd/Shougi no Tatsujin Master of Syougi.chd	226668536
/mnt/backups/Games/Roms/Core_Roms/dreamcast/Maximum Pool (USA).chd	/mnt/backups/Games/Roms/handheldbackup/RGBackup/Roms/dreamcast/Maximum Pool (USA).chd	337356332
/mnt/backups/Games/Roms/Core_Roms/dreamcast/Maximum Pool (USA).chd	/mnt/backups/Games/Roms/handheldbackup/emugames/Roms/dreamcast/Maximum Pool (USA).chd	337356332
/mnt/backups/Games/Roms/handheldbackup/miyoomini backup/Roms/PS/Ace Combat 2 (USA).chd	/mnt/backups/Games/Roms/handheldbackup/rg34xxsp_backup/Roms/PS/Ace Combat 2 (USA).chd	336324767
/mnt/backups/Games/Roms/handheldbackup/miyoomini backup/Roms/PS/Ace Combat 2 (USA).chd	/mnt/backups/Games/Roms/Archive/PS1/PS1USA/Ace Combat 2 (USA).chd	336324767
/mnt/backups/Games/Roms/Core_Roms/pcenginecd/Splash Lake [U][CD][TGXCD1025][NEC Avenue][1992][PCE].chd	/mnt/backups/Games/Roms/Core_Roms/tg-cd/Splash Lake [U][CD][TGXCD1025][NEC Avenue][1992][PCE].chd	167561172
/mnt/backups/Games/Roms/Core_Roms/pcenginecd/Splash Lake [U][CD][TGXCD1025][NEC Avenue][1992][PCE].chd	/mnt/backups/Games/Roms/handheldbackup/PS Classic/MagnusRCfarewellv2/roms/tg-cd/Splash Lake [U][CD][TGXCD1025][NEC Avenue][1992][PCE].chd	167561172
/mnt/backups/Games/Roms/Core_Roms/pcenginecd/Splash Lake [U][CD][TGXCD1025][NEC Avenue][1992][PCE].chd	/mnt/backups/Games/Roms/handheldbackup/RGBackup/Roms/pcenginecd/Splash Lake [U][CD][TGXCD1025][NEC Avenue][1992][PCE].chd	167561172
/mnt/backups/Games/Roms/Core_Roms/pcenginecd/Splash Lake [U][CD][TGXCD1025][NEC Avenue][1992][PCE].chd	/mnt/backups/Games/Roms/handheldbackup/emugames/Roms/pcenginecd/Splash Lake [U][CD][TGXCD1025][NEC Avenue][1992][PCE].chd	167561172
/mnt/backups/Games/brickprobackup/Roms/PSP/Legend of Heroes, The - A Tear of Vermillion.iso	/mnt/backups/Games/Roms/Archive/PSP_US_Arquivista/The Legend of Heroes - A Tear of Vermillion (US).iso	669974528
/mnt/backups/Games/Roms/Core_Roms/neogeocd/Neo Turf Masters.chd	/mnt/backups/Games/Roms/handheldbackup/PS Classic/MagnusRCfarewellv2/roms/neogeocd/Neo Turf Masters.chd	221284281
/mnt/backups/Games/Roms/Core_Roms/neogeocd/Neo Turf Masters.chd	/mnt/backups/Games/Roms/handheldbackup/RGBackup/Roms/neogeocd/Neo Turf Masters.chd	221284281
/mnt/backups/Games/Roms/Core_Roms/neogeocd/Neo Turf Masters.chd	/mnt/backups/Games/Roms/handheldbackup/emugames/Roms/neogeocd/Neo Turf Masters.chd	221284281
/mnt/backups/Games/Roms/Core_Roms/saturn/WWF In Your House (USA).zip	/mnt/backups/Games/Roms/handheldbackup/RGBackup/Roms/saturn/WWF In Your House (USA).zip	331627934
/mnt/backups/Games/Roms/Core_Roms/saturn/WWF In Your House (USA).zip	/mnt/backups/Games/Roms/handheldbackup/emugames/Roms/saturn/WWF In Your House (USA).zip	331627934
/mnt/backups/Games/Roms/Core_Roms/dreamcast/Striker Pro 2000 (USA).chd	/mnt/backups/Games/Roms/handheldbackup/RGBackup/Roms/dreamcast/Striker Pro 2000 (USA).chd	331227630
/mnt/backups/Games/Roms/Core_Roms/dreamcast/Striker Pro 2000 (USA).chd	/mnt/backups/Games/Roms/handheldbackup/emugames/Roms/dreamcast/Striker Pro 2000 (USA).chd	331227630
/mnt/backups/Games/brickprobackup/Roms/PS/Spyro the Dragon (US NTSC).bin	/mnt/backups/Games/brickprobackup/Roms/PS/Spyro the Dragon (USA).bin	661547040
/mnt/backups/MAD/MAD_DISC_2.ISO	/mnt/backups/Books/MAD/MAD_DISC_2.ISO	654868480
/mnt/backups/MAD/MAD_DISC_4.ISO	/mnt/backups/Books/MAD/MAD_DISC_4.ISO	654817280
/mnt/backups/Games/Roms/Core_Roms/psx/Bloody Roar II (USA).chd	/mnt/backups/Games/Roms/handheldbackup/miyoomini backup/Roms/PS/Bloody Roar II (USA).chd	324742982
/mnt/backups/Games/Roms/Core_Roms/psx/Bloody Roar II (USA).chd	/mnt/backups/Games/Roms/handheldbackup/rg34xxsp_backup/Roms/PS/Bloody Roar II (USA).chd	324742982
/mnt/backups/Games/brickprobackup/Roms/PS/Rayman.chd	/mnt/backups/Games/Roms/Core_Roms/psx/Rayman (USA).chd	324574199
/mnt/backups/Games/brickprobackup/Roms/PS/Rayman.chd	/mnt/backups/Games/Roms/handheldbackup/miyoomini backup/Roms/PS/Rayman (USA).chd	324574199
/mnt/backups/MAD/MAD_DISC_7.ISO	/mnt/backups/Books/MAD/MAD_DISC_7.ISO	647931904
/mnt/backups/sunstreakerbackup/dnewman/GOG Games/Biing Sex Intrigue and Scalpels/game/data/game.gog	/mnt/backups/Games/Biing/game.gog	647816064
/mnt/backups/Games/Roms/Core_Roms/neogeocd/Last Resort.chd	/mnt/backups/Games/Roms/handheldbackup/PS Classic/MagnusRCfarewellv2/roms/neogeocd/Last Resort.chd	215255765
/mnt/backups/Games/Roms/Core_Roms/neogeocd/Last Resort.chd	/mnt/backups/Games/Roms/handheldbackup/RGBackup/Roms/neogeocd/Last Resort.chd	215255765
/mnt/backups/Games/Roms/Core_Roms/neogeocd/Last Resort.chd	/mnt/backups/Games/Roms/handheldbackup/emugames/Roms/neogeocd/Last Resort.chd	215255765
/mnt/backups/Games/Roms/Core_Roms/neogeocd/Robo Army.chd	/mnt/backups/Games/Roms/handheldbackup/PS Classic/MagnusRCfarewellv2/roms/neogeocd/Robo Army.chd	213793198
/mnt/backups/Games/Roms/Core_Roms/neogeocd/Robo Army.chd	/mnt/backups/Games/Roms/handheldbackup/RGBackup/Roms/neogeocd/Robo Army.chd	213793198
/mnt/backups/Games/Roms/Core_Roms/neogeocd/Robo Army.chd	/mnt/backups/Games/Roms/handheldbackup/emugames/Roms/neogeocd/Robo Army.chd	213793198
/mnt/backups/MAD/MAD_DISC_3.ISO	/mnt/backups/Books/MAD/MAD_DISC_3.ISO	641265664
/mnt/backups/Games/brickprobackup/Roms/PSP/Call of Duty - Roads to Victory.iso	/mnt/backups/Games/Roms/Archive/PSP_US_Arquivista/Call of Duty - Roads to Victory (US).iso	640974848
/mnt/backups/MAD/MAD_DISC_5.ISO	/mnt/backups/Books/MAD/MAD_DISC_5.ISO	639035392
/mnt/backups/Games/Roms/Core_Roms/neogeocd/Crossed Swords.chd	/mnt/backups/Games/Roms/handheldbackup/PS Classic/MagnusRCfarewellv2/roms/neogeocd/Crossed Swords.chd	212364448
/mnt/backups/Games/Roms/Core_Roms/neogeocd/Crossed Swords.chd	/mnt/backups/Games/Roms/handheldbackup/RGBackup/Roms/neogeocd/Crossed Swords.chd	212364448
/mnt/backups/Games/Roms/Core_Roms/neogeocd/Crossed Swords.chd	/mnt/backups/Games/Roms/handheldbackup/emugames/Roms/neogeocd/Crossed Swords.chd	212364448
/mnt/backups/Games/Roms/Core_Roms/neogeocd/Aero Fighters 3.chd	/mnt/backups/Games/Roms/handheldbackup/PS Classic/MagnusRCfarewellv2/roms/neogeocd/Aero Fighters 3.chd	211677820
/mnt/backups/Games/Roms/Core_Roms/neogeocd/Aero Fighters 3.chd	/mnt/backups/Games/Roms/handheldbackup/RGBackup/Roms/neogeocd/Aero Fighters 3.chd	211677820
/mnt/backups/Games/Roms/Core_Roms/neogeocd/Aero Fighters 3.chd	/mnt/backups/Games/Roms/handheldbackup/emugames/Roms/neogeocd/Aero Fighters 3.chd	211677820
/mnt/backups/Games/Roms/Core_Roms/snes-msu/Legend_of_Zelda,_The_-_A_Link_to_the_Past_(USA)_(MSU1).msu	/mnt/backups/Games/Roms/handheldbackup/PS Classic/MagnusRCfarewellv2/roms/snesmsu1/Legend_of_Zelda,_The_-_A_Link_to_the_Past_(USA)_(MSU1).msu	210792197
/mnt/backups/Games/Roms/Core_Roms/snes-msu/Legend_of_Zelda,_The_-_A_Link_to_the_Past_(USA)_(MSU1).msu	/mnt/backups/Games/Roms/handheldbackup/RGBackup/Roms/snes-msu/Legend_of_Zelda,_The_-_A_Link_to_the_Past_(USA)_(MSU1).msu	210792197
/mnt/backups/Games/Roms/Core_Roms/snes-msu/Legend_of_Zelda,_The_-_A_Link_to_the_Past_(USA)_(MSU1).msu	/mnt/backups/Games/Roms/handheldbackup/emugames/Roms/snes-msu/Legend_of_Zelda,_The_-_A_Link_to_the_Past_(USA)_(MSU1).msu	210792197
/mnt/backups/MAD/MAD_DISC_6.ISO	/mnt/backups/Books/MAD/MAD_DISC_6.ISO	630790144
/mnt/backups/BlurrBackup/20250813_backup/Downloads/XWVM_hd_assets_20250614/XWVM_hd_assets_20250614-2.bin	/mnt/backups/Games/x-wing/XWVM_hd_assets_20250614/XWVM_hd_assets_20250614-2.bin	630419719
/mnt/backups/automatic_backup_2026_9_3_2026-09-25_04.45_41006310.tar	/mnt/backups/ha_backup_home/Automatic_backup_2026.9.3_2026-09-25_04.45_41006310.tar	629647360
/mnt/backups/Games/Roms/Core_Roms/saturn/Worldwide Soccer '98 (USA) (En,Fr,Es).zip	/mnt/backups/Games/Roms/handheldbackup/RGBackup/Roms/saturn/Worldwide Soccer '98 (USA) (En,Fr,Es).zip	314166581
/mnt/backups/Games/Roms/Core_Roms/saturn/Worldwide Soccer '98 (USA) (En,Fr,Es).zip	/mnt/backups/Games/Roms/handheldbackup/emugames/Roms/saturn/Worldwide Soccer '98 (USA) (En,Fr,Es).zip	314166581
/mnt/backups/Games/Roms/handheldbackup/RGBackup/PSP/Ridge Racer.cso	/mnt/backups/Games/Roms/handheldbackup/RGCubeBackup/Roms/PSP/Ridge Racer.cso	626091276
/mnt/backups/Games/Roms/Region_Sorted/psx/Japan/Kyuutenkai (Japan).chd	/mnt/backups/Games/Roms/handheldbackup/PS Classic/MagnusRCfarewellv2/roms/psx/Kyuutenkai (Japan).chd	208634693
/mnt/backups/Games/Roms/Region_Sorted/psx/Japan/Kyuutenkai (Japan).chd	/mnt/backups/Games/Roms/handheldbackup/RGBackup/Roms/psx/Kyuutenkai (Japan).chd	208634693
/mnt/backups/Games/Roms/Region_Sorted/psx/Japan/Kyuutenkai (Japan).chd	/mnt/backups/Games/Roms/handheldbackup/emugames/Roms/psx/Kyuutenkai (Japan).chd	208634693
/mnt/backups/Games/Roms/Core_Roms/neogeocd/Street Hoop (WR) .chd	/mnt/backups/Games/Roms/handheldbackup/PS Classic/MagnusRCfarewellv2/roms/neogeocd/Street Hoop (WR) .chd	208542555
/mnt/backups/Games/Roms/Core_Roms/neogeocd/Street Hoop (WR) .chd	/mnt/backups/Games/Roms/handheldbackup/RGBackup/Roms/neogeocd/Street Hoop (WR) .chd	208542555
/mnt/backups/Games/Roms/Core_Roms/neogeocd/Street Hoop (WR) .chd	/mnt/backups/Games/Roms/handheldbackup/emugames/Roms/neogeocd/Street Hoop (WR) .chd	208542555
/mnt/backups/automatic_backup_2026_9_3_2026-09-24_04.51_00015504.tar	/mnt/backups/ha_backup_home/Automatic_backup_2026.9.3_2026-09-24_04.51_00015504.tar	625479680
/mnt/backups/Games/brickprobackup/Roms/PS/Namco Museum Vol.5 (USA).img	/mnt/backups/Games/brickprobackup/Roms/PS/Namco Museum Vol.5 [SLUS-00417].img	622259232
/mnt/backups/Games/Roms/handheldbackup/RGBackup/DREAMCAST/SoulCalibur (USA).chd	/mnt/backups/Games/Roms/handheldbackup/rg34xxsp_backup/Roms/DREAMCAST/SoulCalibur (USA).chd	621136374
/mnt/backups/BlurrBackup/20250813_backup/Downloads/Archives/Little Bartmares (Windows) FULLSCREEN V.1.0.9.zip	/mnt/backups/Games/Little Bartmares (Windows) FULLSCREEN V.1.0.9.zip	619811639
/mnt/backups/BlurrBackup/20250813_backup/Downloads/Archives/Little Bartmares (Windows) WINDOWED V.1.0.9.zip	/mnt/backups/Games/Little Bartmares (Windows) WINDOWED V.1.0.9.zip	619810817
/mnt/backups/Games/brickprobackup/Roms/SS/Clockwork Knight 2.chd	/mnt/backups/Games/Roms/handheldbackup/RGBackup/SATURN/SS-Clockwork Knight 2.chd	309871783
/mnt/backups/Games/brickprobackup/Roms/SS/Clockwork Knight 2.chd	/mnt/backups/Games/Roms/handheldbackup/rg34xxsp_backup/Roms/SATURN/SS-Clockwork Knight 2.chd	309871783
/mnt/backups/automatic_backup_2026_9_3_2026-09-23_04.58_46006304.tar	/mnt/backups/ha_backup_home/Automatic_backup_2026.9.3_2026-09-23_04.58_46006304.tar	619202560
/mnt/backups/Games/eXo/exodos_big/eXoDOS/Content/LaunchBox.zip	/mnt/backups/Games/eXo/exodos_lite/eXoDOS/Content/LaunchBox.zip	616445958
/mnt/backups/Games/Roms/Core_Roms/dreamcast/Frogger 2 - Swampy's Revenge (USA).chd	/mnt/backups/Games/Roms/handheldbackup/RGBackup/Roms/dreamcast/Frogger 2 - Swampy's Revenge (USA).chd	307587675
/mnt/backups/Games/Roms/Core_Roms/dreamcast/Frogger 2 - Swampy's Revenge (USA).chd	/mnt/backups/Games/Roms/handheldbackup/emugames/Roms/dreamcast/Frogger 2 - Swampy's Revenge (USA).chd	307587675
/mnt/backups/Games/Roms/handheldbackup/miyoomini backup/Roms/PS/Metal Gear Solid VR Missions (USA).chd	/mnt/backups/Games/Roms/Core_Roms/psx/Metal Gear Solid - VR Missions (USA).chd	306498123
/mnt/backups/Games/Roms/handheldbackup/miyoomini backup/Roms/PS/Metal Gear Solid VR Missions (USA).chd	/mnt/backups/Games/Roms/Core_Roms/psx/Metal Gear Solid - VR Missions.chd	306498123
/mnt/backups/Games/Roms/Core_Roms/dreamcast/Test Drive 6 (USA).chd	/mnt/backups/Games/Roms/handheldbackup/RGBackup/Roms/dreamcast/Test Drive 6 (USA).chd	305991941
/mnt/backups/Games/Roms/Core_Roms/dreamcast/Test Drive 6 (USA).chd	/mnt/backups/Games/Roms/handheldbackup/emugames/Roms/dreamcast/Test Drive 6 (USA).chd	305991941
/mnt/backups/Games/Roms/handheldbackup/PS Classic/MagnusRCfarewellv2/roms/pcenginecd/Akumajou Dracula X - Chi no Rondo (Japan) (FABT, FACT).chd	/mnt/backups/Games/Roms/handheldbackup/RGBackup/Roms/pcenginecd/Akumajou Dracula X - Chi no Rondo (Japan) (FABT, FACT).chd	305762037
/mnt/backups/Games/Roms/handheldbackup/PS Classic/MagnusRCfarewellv2/roms/pcenginecd/Akumajou Dracula X - Chi no Rondo (Japan) (FABT, FACT).chd	/mnt/backups/Games/Roms/handheldbackup/emugames/Roms/pcenginecd/Akumajou Dracula X - Chi no Rondo (Japan) (FABT, FACT).chd	305762037
/mnt/backups/Games/Roms/Region_Sorted/saturn/Japan/Zoku Hatsukoi Monogatari - Shuugaku Ryokou (Japan) (Disc 1) (Shougakusei Jidai).zip	/mnt/backups/Games/Roms/handheldbackup/RGBackup/Roms/saturn/Zoku Hatsukoi Monogatari - Shuugaku Ryokou (Japan) (Disc 1) (Shougakusei Jidai).zip	305044191
/mnt/backups/Games/Roms/Region_Sorted/saturn/Japan/Zoku Hatsukoi Monogatari - Shuugaku Ryokou (Japan) (Disc 1) (Shougakusei Jidai).zip	/mnt/backups/Games/Roms/handheldbackup/emugames/Roms/saturn/Zoku Hatsukoi Monogatari - Shuugaku Ryokou (Japan) (Disc 1) (Shougakusei Jidai).zip	305044191
/mnt/backups/Games/Roms/handheldbackup/miyoomini backup/Roms/PS/Brigandine - The Legend of Forsena (USA).chd	/mnt/backups/Games/Roms/handheldbackup/rg34xxsp_backup/Roms/PS/Brigandine - The Legend of Forsena (USA).chd	303850575
/mnt/backups/Games/Roms/handheldbackup/miyoomini backup/Roms/PS/Brigandine - The Legend of Forsena (USA).chd	/mnt/backups/Games/Roms/Archive/PS1/PS1USA/Brigandine - The Legend of Forsena (USA).chd	303850575
/mnt/backups/Games/brickprobackup/Roms/PSP/Lord of the Rings, The - Aragorn s Quest (USA) (En,Fr,Es,Pt).iso	/mnt/backups/Games/Roms/Archive/PSP_US_Arquivista/The Lord of the Rings - Aragorn Quest (US).iso	605323264
/mnt/backups/MAD/MAD_DISC_1.ISO	/mnt/backups/Books/MAD/MAD_DISC_1.ISO	604704768
/mnt/backups/Games/Roms/handheldbackup/miyoomini backup/Roms/PS/_hidden/multi-disc/Wing Commander IV - The Price of Freedom (USA) (Disc 3).chd	/mnt/backups/Games/Roms/Archive/PS1/PS1USA/Wing Commander IV - The Price of Freedom (USA) (Disc 3).chd	604315486
/mnt/backups/Games/brickprobackup/Roms/PS/World Cup Golf - Professional Edition (USA) (Track 1).bin	/mnt/backups/Games/brickprobackup/Roms/PS/World Cup Golf - Professional Edition (USA).bin	603271536
/mnt/backups/Games/Roms/Core_Roms/saturn/WWF WrestleMania - The Arcade Game (USA).zip	/mnt/backups/Games/Roms/handheldbackup/RGBackup/Roms/saturn/WWF WrestleMania - The Arcade Game (USA).zip	301543975
/mnt/backups/Games/Roms/Core_Roms/saturn/WWF WrestleMania - The Arcade Game (USA).zip	/mnt/backups/Games/Roms/handheldbackup/emugames/Roms/saturn/WWF WrestleMania - The Arcade Game (USA).zip	301543975
/mnt/backups/Games/Roms/handheldbackup/miyoomini backup/Roms/PS/_hidden/multi-disc/Wing Commander III - Heart of the Tiger (USA) (Disc 2).chd	/mnt/backups/Games/Roms/Archive/PS1/PS1USA/Wing Commander III - Heart of the Tiger (USA) (Disc 2).chd	601930396
/mnt/backups/Games/Roms/handheldbackup/miyoomini backup/Roms/PS/_hidden/multi-disc/Wing Commander IV - The Price of Freedom (USA) (Disc 1).chd	/mnt/backups/Games/Roms/Archive/PS1/PS1USA/Wing Commander IV - The Price of Freedom (USA) (Disc 1).chd	599905800
/mnt/backups/Games/Roms/Region_Sorted/saturn/Japan/Yumimi Mix Remix (Japan).zip	/mnt/backups/Games/Roms/handheldbackup/RGBackup/Roms/saturn/Yumimi Mix Remix (Japan).zip	299768637
/mnt/backups/Games/Roms/Region_Sorted/saturn/Japan/Yumimi Mix Remix (Japan).zip	/mnt/backups/Games/Roms/handheldbackup/emugames/Roms/saturn/Yumimi Mix Remix (Japan).zip	299768637
/mnt/backups/Games/brickprobackup/Roms/PS/Wipeout 3 [NTSC-U] [SLUS-00865].bin	/mnt/backups/Games/brickprobackup/Roms/PS/Wipeout 3.bin	597888034
/mnt/backups/Games/Roms/handheldbackup/miyoomini backup/Roms/PS/_hidden/multi-disc/Wing Commander III - Heart of the Tiger (USA) (Disc 3).chd	/mnt/backups/Games/Roms/Archive/PS1/PS1USA/Wing Commander III - Heart of the Tiger (USA) (Disc 3).chd	596967075
/mnt/backups/Games/Roms/handheldbackup/miyoomini backup/Roms/PS/Bust A Groove (USA).chd	/mnt/backups/Games/Roms/handheldbackup/rg34xxsp_backup/Roms/PS/Bust A Groove (USA).chd	297659025
/mnt/backups/Games/Roms/handheldbackup/miyoomini backup/Roms/PS/Bust A Groove (USA).chd	/mnt/backups/Games/Roms/Core_Roms/psx/Bust A Groove (USA).chd	297659025
/mnt/backups/Games/Roms/handheldbackup/miyoomini backup/Roms/PS/_hidden/multi-disc/Parasite Eve (USA) (Disc 2).chd	/mnt/backups/Games/Roms/handheldbackup/rg34xxsp_backup/Roms/PS/_hidden/multi-disc/Parasite Eve (USA) (Disc 2).chd	296746991
/mnt/backups/Games/Roms/handheldbackup/miyoomini backup/Roms/PS/_hidden/multi-disc/Parasite Eve (USA) (Disc 2).chd	/mnt/backups/Games/Roms/Core_Roms/psx/multi-disc/Parasite Eve (Disc 2).chd	296746991
/mnt/backups/Games/brickprobackup/Roms/PS/WWF SmackDown! (USA).bin	/mnt/backups/Games/brickprobackup/Roms/PS/WWF SmackDown!.bin	593016816
/mnt/backups/Games/brickprobackup/Roms/PS/Dead or Alive [U] [SLUS-00606].img	/mnt/backups/Games/brickprobackup/Roms/PS/Dead or Alive.img	589992144
/mnt/backups/Games/Roms/Core_Roms/dreamcast/Illbleed (USA).chd	/mnt/backups/Games/Roms/handheldbackup/RGBackup/Roms/dreamcast/Illbleed (USA).chd	294360827
/mnt/backups/Games/Roms/Core_Roms/dreamcast/Illbleed (USA).chd	/mnt/backups/Games/Roms/handheldbackup/emugames/Roms/dreamcast/Illbleed (USA).chd	294360827
/mnt/backups/BlurrBackup/20250813_backup/Downloads/ISOs/SLE-15-SP6-Online-x86_64-GM-Media1.iso	/mnt/backups/ISOs/SLE-15-SP6-Online-x86_64-GM-Media1.iso	586153984
/mnt/backups/Games/Roms/Core_Roms/psp/Disney TRON - Evolution (US).iso	/mnt/backups/Games/Roms/handheldbackup/RGBackup/Roms/psp/Disney TRON - Evolution (US).iso	292913152
/mnt/backups/Games/Roms/Core_Roms/psp/Disney TRON - Evolution (US).iso	/mnt/backups/Games/Roms/handheldbackup/emugames/Roms/psp/Disney TRON - Evolution (US).iso	292913152
/mnt/backups/Games/Roms/handheldbackup/miyoomini backup/Roms/PS/_hidden/multi-disc/Wing Commander III - Heart of the Tiger (USA) (Disc 1).chd	/mnt/backups/Games/Roms/Archive/PS1/PS1USA/Wing Commander III - Heart of the Tiger (USA) (Disc 1).chd	584360261
/mnt/backups/Games/Roms/handheldbackup/miyoomini backup/Roms/PS/_hidden/multi-disc/Wing Commander III - Heart of the Tiger (USA) (Disc 4).chd	/mnt/backups/Games/Roms/Archive/PS1/PS1USA/Wing Commander III - Heart of the Tiger (USA) (Disc 4).chd	580794803
/mnt/backups/Games/Roms/handheldbackup/miyoomini backup/Roms/PS/_hidden/multi-disc/Wing Commander IV - The Price of Freedom (USA) (Disc 2).chd	/mnt/backups/Games/Roms/Archive/PS1/PS1USA/Wing Commander IV - The Price of Freedom (USA) (Disc 2).chd	577932356
/mnt/backups/BlurrBackup/20250813_backup/Downloads/ISOs/gparted-live-1.6.0-10-amd64.iso	/mnt/backups/ISOs/gparted-live-1.6.0-10-amd64.iso	576716800
/mnt/backups/Games/Roms/Core_Roms/psp/Final Fantasy 2 - 20th Anniversary Edition (US).iso	/mnt/backups/Games/Roms/handheldbackup/RGBackup/Roms/psp/Final Fantasy 2 - 20th Anniversary Edition (US).iso	287342592
/mnt/backups/Games/Roms/Core_Roms/psp/Final Fantasy 2 - 20th Anniversary Edition (US).iso	/mnt/backups/Games/Roms/handheldbackup/emugames/Roms/psp/Final Fantasy 2 - 20th Anniversary Edition (US).iso	287342592
/mnt/backups/Games/Roms/Core_Roms/neogeocd/Viewpoint.chd	/mnt/backups/Games/Roms/handheldbackup/PS Classic/MagnusRCfarewellv2/roms/neogeocd/Viewpoint.chd	191342836
/mnt/backups/Games/Roms/Core_Roms/neogeocd/Viewpoint.chd	/mnt/backups/Games/Roms/handheldbackup/RGBackup/Roms/neogeocd/Viewpoint.chd	191342836
/mnt/backups/Games/Roms/Core_Roms/neogeocd/Viewpoint.chd	/mnt/backups/Games/Roms/handheldbackup/emugames/Roms/neogeocd/Viewpoint.chd	191342836
/mnt/backups/Games/Roms/handheldbackup/miyoomini backup/Roms/PS/Final Fantasy Chronicles - Chrono Trigger (USA) (Rev 1).chd	/mnt/backups/Games/Roms/handheldbackup/rg34xxsp_backup/Roms/PS/Final Fantasy Chronicles - Chrono Trigger (USA) (Rev 1).chd	286371513
/mnt/backups/Games/Roms/handheldbackup/miyoomini backup/Roms/PS/Final Fantasy Chronicles - Chrono Trigger (USA) (Rev 1).chd	/mnt/backups/Games/Roms/Core_Roms/psx/Final Fantasy Chronicles - Chrono Trigger.chd	286371513
/mnt/backups/Games/Roms/Core_Roms/dreamcast/GigaWing 2 (USA).chd	/mnt/backups/Games/Roms/handheldbackup/RGBackup/Roms/dreamcast/GigaWing 2 (USA).chd	284965431
/mnt/backups/Games/Roms/Core_Roms/dreamcast/GigaWing 2 (USA).chd	/mnt/backups/Games/Roms/handheldbackup/emugames/Roms/dreamcast/GigaWing 2 (USA).chd	284965431
/mnt/backups/Games/Roms/Core_Roms/dreamcast/Sega Smash Pack - Volume 1 (USA).chd	/mnt/backups/Games/Roms/handheldbackup/RGBackup/Roms/dreamcast/Sega Smash Pack - Volume 1 (USA).chd	284540817
/mnt/backups/Games/Roms/Core_Roms/dreamcast/Sega Smash Pack - Volume 1 (USA).chd	/mnt/backups/Games/Roms/handheldbackup/emugames/Roms/dreamcast/Sega Smash Pack - Volume 1 (USA).chd	284540817
/mnt/backups/Games/Roms/Core_Roms/psx/Star Wars - Episode I - Jedi Power Battles (USA).chd	/mnt/backups/Games/Roms/handheldbackup/RGBackup/Roms/psx/Star Wars - Episode I - Jedi Power Battles (USA).chd	282064442
/mnt/backups/Games/Roms/Core_Roms/psx/Star Wars - Episode I - Jedi Power Battles (USA).chd	/mnt/backups/Games/Roms/handheldbackup/emugames/Roms/psx/Star Wars - Episode I - Jedi Power Battles (USA).chd	282064442
/mnt/backups/Games/Roms/Core_Roms/neogeocd/Magician Lord.chd	/mnt/backups/Games/Roms/handheldbackup/PS Classic/MagnusRCfarewellv2/roms/neogeocd/Magician Lord.chd	187811108
/mnt/backups/Games/Roms/Core_Roms/neogeocd/Magician Lord.chd	/mnt/backups/Games/Roms/handheldbackup/RGBackup/Roms/neogeocd/Magician Lord.chd	187811108
/mnt/backups/Games/Roms/Core_Roms/neogeocd/Magician Lord.chd	/mnt/backups/Games/Roms/handheldbackup/emugames/Roms/neogeocd/Magician Lord.chd	187811108
/mnt/backups/Games/Roms/handheldbackup/miyoomini backup/Roms/PS/Bushido Blade (USA).chd	/mnt/backups/Games/Roms/handheldbackup/rg34xxsp_backup/Roms/PS/Bushido Blade (USA).chd	281601382
/mnt/backups/Games/Roms/handheldbackup/miyoomini backup/Roms/PS/Bushido Blade (USA).chd	/mnt/backups/Games/Roms/Core_Roms/psx/Bushido Blade.chd	281601382
/mnt/backups/Games/Roms/handheldbackup/miyoomini backup/Roms/PS/Army Men - Air Attack (USA).chd	/mnt/backups/Games/Roms/handheldbackup/rg34xxsp_backup/Roms/PS/Army Men - Air Attack (USA).chd	281294434
/mnt/backups/Games/Roms/handheldbackup/miyoomini backup/Roms/PS/Army Men - Air Attack (USA).chd	/mnt/backups/Games/Roms/Archive/PS1/PS1USA/Army Men - Air Attack (USA).chd	281294434
/mnt/backups/Games/Roms/handheldbackup/miyoomini backup/Roms/PS/_hidden/multi-disc/Wing Commander IV - The Price of Freedom (USA) (Disc 4).chd	/mnt/backups/Games/Roms/Archive/PS1/PS1USA/Wing Commander IV - The Price of Freedom (USA) (Disc 4).chd	561645218
/mnt/backups/Games/Roms/handheldbackup/miyoomini backup/Roms/PS/Bomberman - Party Edition (USA).chd	/mnt/backups/Games/Roms/handheldbackup/rg34xxsp_backup/Roms/PS/Bomberman - Party Edition (USA).chd	278764321
/mnt/backups/Games/Roms/handheldbackup/miyoomini backup/Roms/PS/Bomberman - Party Edition (USA).chd	/mnt/backups/Games/Roms/Archive/PS1/PS1USA/Bomberman - Party Edition (USA).chd	278764321
/mnt/backups/Games/Roms/handheldbackup/miyoomini backup/Roms/PS/_hidden/multi-disc/Riven - The Sequel to Myst (USA) (Disc 5).chd	/mnt/backups/Games/Roms/Archive/PS1/PS1USA/Riven - The Sequel to Myst (USA) (Disc 5).chd	557516388
/mnt/backups/Games/brickprobackup/Roms/PSP/Patapon 3.iso	/mnt/backups/Games/Roms/Archive/PSP_US_Arquivista/Patapon 3 (US).iso	556007424
/mnt/backups/Games/Roms/Core_Roms/psp/Activision Hits Remixed (US).iso	/mnt/backups/Games/Roms/handheldbackup/RGBackup/Roms/psp/Activision Hits Remixed (US).iso	277708800
/mnt/backups/Games/Roms/Core_Roms/psp/Activision Hits Remixed (US).iso	/mnt/backups/Games/Roms/handheldbackup/emugames/Roms/psp/Activision Hits Remixed (US).iso	277708800
/mnt/backups/Games/brickprobackup/Roms/PSP/Lord of the Rings, The - Tactics (USA).iso	/mnt/backups/Games/Roms/Archive/PSP_US_Arquivista/The Lord of the Rings - Tactics (US).iso	554139648
/mnt/backups/Games/Roms/Core_Roms/dreamcast/POD - Speedzone (USA).chd	/mnt/backups/Games/Roms/handheldbackup/RGBackup/Roms/dreamcast/POD - Speedzone (USA).chd	276818957
/mnt/backups/Games/Roms/Core_Roms/dreamcast/POD - Speedzone (USA).chd	/mnt/backups/Games/Roms/handheldbackup/emugames/Roms/dreamcast/POD - Speedzone (USA).chd	276818957
/mnt/backups/Games/Roms/Core_Roms/neogeocd/Super Baseball 2020.chd	/mnt/backups/Games/Roms/handheldbackup/PS Classic/MagnusRCfarewellv2/roms/neogeocd/Super Baseball 2020.chd	183668455
/mnt/backups/Games/Roms/Core_Roms/neogeocd/Super Baseball 2020.chd	/mnt/backups/Games/Roms/handheldbackup/RGBackup/Roms/neogeocd/Super Baseball 2020.chd	183668455
/mnt/backups/Games/Roms/Core_Roms/neogeocd/Super Baseball 2020.chd	/mnt/backups/Games/Roms/handheldbackup/emugames/Roms/neogeocd/Super Baseball 2020.chd	183668455
/mnt/backups/Games/Roms/Core_Roms/openbor/HE-MAN/Paks/HE-MAN.PAK	/mnt/backups/Games/Roms/handheldbackup/PS Classic/MagnusRCfarewellv2/roms/OpenBOR/HE-MAN/Paks/HE-MAN.PAK	183409338
/mnt/backups/Games/Roms/Core_Roms/openbor/HE-MAN/Paks/HE-MAN.PAK	/mnt/backups/Games/Roms/handheldbackup/RGBackup/Roms/openbor/HE-MAN/Paks/HE-MAN.PAK	183409338
/mnt/backups/Games/Roms/Core_Roms/openbor/HE-MAN/Paks/HE-MAN.PAK	/mnt/backups/Games/Roms/handheldbackup/emugames/Roms/openbor/HE-MAN/Paks/HE-MAN.PAK	183409338
/mnt/backups/Games/Roms/Core_Roms/dreamcast/Hoyle Casino (USA).chd	/mnt/backups/Games/Roms/handheldbackup/RGBackup/Roms/dreamcast/Hoyle Casino (USA).chd	273694477
/mnt/backups/Games/Roms/Core_Roms/dreamcast/Hoyle Casino (USA).chd	/mnt/backups/Games/Roms/handheldbackup/emugames/Roms/dreamcast/Hoyle Casino (USA).chd	273694477
/mnt/backups/Games/Roms/handheldbackup/miyoomini backup/Roms/PS/_hidden/multi-disc/Fear Effect 2 - Retro Helix (USA) (Disc 1).chd	/mnt/backups/Games/Roms/Archive/PS1/PS1USA/Fear Effect 2 - Retro Helix (USA) (Disc 1) (Rev 1).chd	543545305
/mnt/backups/Games/Roms/handheldbackup/miyoomini backup/Roms/PS/NBA Live 2003 (USA).chd	/mnt/backups/Games/Roms/handheldbackup/rg34xxsp_backup/Roms/PS/NBA Live 2003 (USA).chd	271175551
/mnt/backups/Games/Roms/handheldbackup/miyoomini backup/Roms/PS/NBA Live 2003 (USA).chd	/mnt/backups/Games/Roms/Archive/PS1/PS1USA/NBA Live 2003 (USA).chd	271175551
/mnt/backups/Games/Roms/handheldbackup/miyoomini backup/Roms/PS/_hidden/multi-disc/Parasite Eve (USA) (Disc 1).chd	/mnt/backups/Games/Roms/handheldbackup/rg34xxsp_backup/Roms/PS/_hidden/multi-disc/Parasite Eve (USA) (Disc 1).chd	269067397
/mnt/backups/Games/Roms/handheldbackup/miyoomini backup/Roms/PS/_hidden/multi-disc/Parasite Eve (USA) (Disc 1).chd	/mnt/backups/Games/Roms/Core_Roms/psx/multi-disc/Parasite Eve (Disc 1).chd	269067397
/mnt/backups/Games/Roms/Region_Sorted/psx/Japan/Night Raid (Japan).chd	/mnt/backups/Games/Roms/handheldbackup/PS Classic/MagnusRCfarewellv2/roms/psx/Night Raid (Japan).chd	179300581
/mnt/backups/Games/Roms/Region_Sorted/psx/Japan/Night Raid (Japan).chd	/mnt/backups/Games/Roms/handheldbackup/RGBackup/Roms/psx/Night Raid (Japan).chd	179300581
/mnt/backups/Games/Roms/Region_Sorted/psx/Japan/Night Raid (Japan).chd	/mnt/backups/Games/Roms/handheldbackup/emugames/Roms/psx/Night Raid (Japan).chd	179300581
/mnt/backups/Games/Roms/Archive/RetroArch/_FAILED_NDS.Complete.English.Romset.P-S.SlipperyJim/Pokemon - Black Version 2 (DSi Enhanced)(Europe) (US) (6149).nds	/mnt/backups/Games/Roms/handheldbackup/miyoomini backup/Roms/NDS/Pokemon - Black Version 2.nds	536870912
/mnt/backups/Games/Roms/Archive/RetroArch/_FAILED_NDS.Complete.English.Romset.P-S.SlipperyJim/Pokemon - White Version 2 (DSi Enhanced)(Europe) (US) (6150).nds	/mnt/backups/Games/Roms/handheldbackup/miyoomini backup/Roms/NDS/Pokemon - White Version 2.nds	536870912
/mnt/backups/Games/Roms/Core_Roms/nds/Dragon Quest Monsters - Joker.nds	/mnt/backups/Games/Roms/handheldbackup/PS Classic/MagnusRCfarewellv2/roms/nds/Dragon Quest Monsters - Joker.nds	134217728
/mnt/backups/Games/Roms/Core_Roms/nds/Dragon Quest Monsters - Joker.nds	/mnt/backups/Games/Roms/handheldbackup/RGBackup/Roms/nds/Dragon Quest Monsters - Joker.nds	134217728
/mnt/backups/Games/Roms/Core_Roms/nds/Dragon Quest Monsters - Joker.nds	/mnt/backups/Games/Roms/handheldbackup/emugames/Roms/nds/Dragon Quest Monsters - Joker.nds	134217728
/mnt/backups/Games/Roms/Core_Roms/nds/Dragon Quest Monsters - Joker.nds	/mnt/backups/Games/Roms/Archive/RetroArch/NDS.Complete.English.Romset.D-H.SlipperyJim/Dragon Quest Monsters - Joker (US) (1628).nds	134217728
/mnt/backups/Games/Roms/Archive/RetroArch/NDS.Complete.English.Romset.D-H.SlipperyJim/Final Fantasy III (US) (0681).nds	/mnt/backups/Games/Roms/Core_Roms/nds/Final Fantasy III.nds	134217728
/mnt/backups/Games/Roms/Archive/RetroArch/NDS.Complete.English.Romset.D-H.SlipperyJim/Final Fantasy III (US) (0681).nds	/mnt/backups/Games/Roms/handheldbackup/PS Classic/MagnusRCfarewellv2/roms/nds/Final Fantasy III.nds	134217728
/mnt/backups/Games/Roms/Archive/RetroArch/NDS.Complete.English.Romset.D-H.SlipperyJim/Final Fantasy III (US) (0681).nds	/mnt/backups/Games/Roms/handheldbackup/RGBackup/Roms/nds/Final Fantasy III.nds	134217728
/mnt/backups/Games/Roms/Archive/RetroArch/NDS.Complete.English.Romset.D-H.SlipperyJim/Final Fantasy III (US) (0681).nds	/mnt/backups/Games/Roms/handheldbackup/emugames/Roms/nds/Final Fantasy III.nds	134217728
/mnt/backups/Games/Roms/Core_Roms/nds/Dragon Quest IV - Chapters of the Chosen.nds	/mnt/backups/Games/Roms/handheldbackup/PS Classic/MagnusRCfarewellv2/roms/nds/Dragon Quest IV - Chapters of the Chosen.nds	134217728
/mnt/backups/Games/Roms/Core_Roms/nds/Dragon Quest IV - Chapters of the Chosen.nds	/mnt/backups/Games/Roms/handheldbackup/RGBackup/Roms/nds/Dragon Quest IV - Chapters of the Chosen.nds	134217728
/mnt/backups/Games/Roms/Core_Roms/nds/Dragon Quest IV - Chapters of the Chosen.nds	/mnt/backups/Games/Roms/handheldbackup/emugames/Roms/nds/Dragon Quest IV - Chapters of the Chosen.nds	134217728
/mnt/backups/Games/Roms/Core_Roms/nds/Dragon Quest IV - Chapters of the Chosen.nds	/mnt/backups/Games/Roms/handheldbackup/miyoomini backup/Roms/NDS/Dragon Quest IV - Chapters of the Chosen.nds	134217728
/mnt/backups/Games/Roms/handheldbackup/RGBackup/Roms/3ds/Legend of Zelda, The - Ocarina of Time 3D (USA) (En,Fr,Es).3ds	/mnt/backups/Games/Roms/handheldbackup/emugames/Roms/3ds/Legend of Zelda, The - Ocarina of Time 3D (USA) (En,Fr,Es).3ds	536870912
/mnt/backups/Games/Roms/handheldbackup/miyoomini backup/Roms/PS/Twisted Metal (USA).chd	/mnt/backups/Games/Roms/Core_Roms/psx/Twisted Metal (USA).chd	178220447
/mnt/backups/Games/Roms/handheldbackup/miyoomini backup/Roms/PS/Twisted Metal (USA).chd	/mnt/backups/Games/Roms/handheldbackup/RGBackup/Roms/psx/Twisted Metal (USA).chd	178220447
/mnt/backups/Games/Roms/handheldbackup/miyoomini backup/Roms/PS/Twisted Metal (USA).chd	/mnt/backups/Games/Roms/handheldbackup/emugames/Roms/psx/Twisted Metal (USA).chd	178220447
/mnt/backups/Games/Roms/handheldbackup/miyoomini backup/Roms/PS/Bugs Bunny - Lost in Time (USA).chd	/mnt/backups/Games/Roms/handheldbackup/rg34xxsp_backup/Roms/PS/Bugs Bunny - Lost in Time (USA).chd	267232632
/mnt/backups/Games/Roms/handheldbackup/miyoomini backup/Roms/PS/Bugs Bunny - Lost in Time (USA).chd	/mnt/backups/Games/Roms/Core_Roms/psx/Bugs Bunny - Lost in Time (USA) (En,Fr,Es).chd	267232632
/mnt/backups/Games/Roms/Core_Roms/psx/Star Wars - Masters of Teras Kasi (USA).chd	/mnt/backups/Games/Roms/handheldbackup/RGBackup/Roms/psx/Star Wars - Masters of Teras Kasi (USA).chd	266469830
/mnt/backups/Games/Roms/Core_Roms/psx/Star Wars - Masters of Teras Kasi (USA).chd	/mnt/backups/Games/Roms/handheldbackup/emugames/Roms/psx/Star Wars - Masters of Teras Kasi (USA).chd	266469830
/mnt/backups/Games/Roms/handheldbackup/miyoomini backup/Roms/PS/R-C Stunt Copter (USA).chd	/mnt/backups/Games/Roms/handheldbackup/rg34xxsp_backup/Roms/PS/R-C Stunt Copter (USA).chd	266133871
/mnt/backups/Games/Roms/handheldbackup/miyoomini backup/Roms/PS/R-C Stunt Copter (USA).chd	/mnt/backups/Games/Roms/Core_Roms/psx/R-C Stunt Copter (USA).chd	266133871
/mnt/backups/Games/Roms/Region_Sorted/saturn/Japan/Zenkoku Seifuku Bishoujo Grand Prix - Find Love (Japan).zip	/mnt/backups/Games/Roms/handheldbackup/RGBackup/Roms/saturn/Zenkoku Seifuku Bishoujo Grand Prix - Find Love (Japan).zip	264716006
/mnt/backups/Games/Roms/Region_Sorted/saturn/Japan/Zenkoku Seifuku Bishoujo Grand Prix - Find Love (Japan).zip	/mnt/backups/Games/Roms/handheldbackup/emugames/Roms/saturn/Zenkoku Seifuku Bishoujo Grand Prix - Find Love (Japan).zip	264716006
/mnt/backups/Games/Roms/Core_Roms/pcenginecd/Might and Magic III - Isles of Terra [U][SCD][TGXCD1047][New World Computing][1993][PCE][thx-1138-darkwater].chd	/mnt/backups/Games/Roms/Core_Roms/tg-cd/Might and Magic III - Isles of Terra [U][SCD][TGXCD1047][New World Computing][1993][PCE][thx-1138-darkwater].chd	132071248
/mnt/backups/Games/Roms/Core_Roms/pcenginecd/Might and Magic III - Isles of Terra [U][SCD][TGXCD1047][New World Computing][1993][PCE][thx-1138-darkwater].chd	/mnt/backups/Games/Roms/handheldbackup/PS Classic/MagnusRCfarewellv2/roms/tg-cd/Might and Magic III - Isles of Terra [U][SCD][TGXCD1047][New World Computing][1993][PCE][thx-1138-darkwater].chd	132071248
/mnt/backups/Games/Roms/Core_Roms/pcenginecd/Might and Magic III - Isles of Terra [U][SCD][TGXCD1047][New World Computing][1993][PCE][thx-1138-darkwater].chd	/mnt/backups/Games/Roms/handheldbackup/RGBackup/Roms/pcenginecd/Might and Magic III - Isles of Terra [U][SCD][TGXCD1047][New World Computing][1993][PCE][thx-1138-darkwater].chd	132071248
/mnt/backups/Games/Roms/Core_Roms/pcenginecd/Might and Magic III - Isles of Terra [U][SCD][TGXCD1047][New World Computing][1993][PCE][thx-1138-darkwater].chd	/mnt/backups/Games/Roms/handheldbackup/emugames/Roms/pcenginecd/Might and Magic III - Isles of Terra [U][SCD][TGXCD1047][New World Computing][1993][PCE][thx-1138-darkwater].chd	132071248
/mnt/backups/Games/Roms/Core_Roms/pcenginecd/Loom [U][SCD][TGXCD1017][LucasArts][1992][PCE].chd	/mnt/backups/Games/Roms/Core_Roms/tg-cd/Loom [U][SCD][TGXCD1017][LucasArts][1992][PCE].chd	131835263
/mnt/backups/Games/Roms/Core_Roms/pcenginecd/Loom [U][SCD][TGXCD1017][LucasArts][1992][PCE].chd	/mnt/backups/Games/Roms/handheldbackup/PS Classic/MagnusRCfarewellv2/roms/tg-cd/Loom [U][SCD][TGXCD1017][LucasArts][1992][PCE].chd	131835263
/mnt/backups/Games/Roms/Core_Roms/pcenginecd/Loom [U][SCD][TGXCD1017][LucasArts][1992][PCE].chd	/mnt/backups/Games/Roms/handheldbackup/RGBackup/Roms/pcenginecd/Loom [U][SCD][TGXCD1017][LucasArts][1992][PCE].chd	131835263
/mnt/backups/Games/Roms/Core_Roms/pcenginecd/Loom [U][SCD][TGXCD1017][LucasArts][1992][PCE].chd	/mnt/backups/Games/Roms/handheldbackup/emugames/Roms/pcenginecd/Loom [U][SCD][TGXCD1017][LucasArts][1992][PCE].chd	131835263
/mnt/backups/Games/Roms/handheldbackup/miyoomini backup/Roms/PS/_hidden/multi-disc/Policenauts (Japan) (Disc 1) [T-En by JunkerHQ v1.01].chd	/mnt/backups/Games/Roms/handheldbackup/rg34xxsp_backup/Roms/PS/_hidden/multi-disc/Policenauts (Japan) (Disc 1) [T-En by JunkerHQ v1.01].chd	525682364
/mnt/backups/Games/Roms/Core_Roms/neogeocd/Burning Fight.chd	/mnt/backups/Games/Roms/handheldbackup/PS Classic/MagnusRCfarewellv2/roms/neogeocd/Burning Fight.chd	174912287
/mnt/backups/Games/Roms/Core_Roms/neogeocd/Burning Fight.chd	/mnt/backups/Games/Roms/handheldbackup/RGBackup/Roms/neogeocd/Burning Fight.chd	174912287
/mnt/backups/Games/Roms/Core_Roms/neogeocd/Burning Fight.chd	/mnt/backups/Games/Roms/handheldbackup/emugames/Roms/neogeocd/Burning Fight.chd	174912287
/mnt/backups/Games/Roms/Core_Roms/dreamcast/Sega Bass Fishing 2 (USA).chd	/mnt/backups/Games/Roms/handheldbackup/RGBackup/Roms/dreamcast/Sega Bass Fishing 2 (USA).chd	261987561
/mnt/backups/Games/Roms/Core_Roms/dreamcast/Sega Bass Fishing 2 (USA).chd	/mnt/backups/Games/Roms/handheldbackup/emugames/Roms/dreamcast/Sega Bass Fishing 2 (USA).chd	261987561
/mnt/backups/Games/Roms/Core_Roms/neogeocd/Treasure of The Caribbean.chd	/mnt/backups/Games/Roms/handheldbackup/PS Classic/MagnusRCfarewellv2/roms/neogeocd/Treasure of The Caribbean.chd	174027977
/mnt/backups/Games/Roms/Core_Roms/neogeocd/Treasure of The Caribbean.chd	/mnt/backups/Games/Roms/handheldbackup/RGBackup/Roms/neogeocd/Treasure of The Caribbean.chd	174027977
/mnt/backups/Games/Roms/Core_Roms/neogeocd/Treasure of The Caribbean.chd	/mnt/backups/Games/Roms/handheldbackup/emugames/Roms/neogeocd/Treasure of The Caribbean.chd	174027977
/mnt/backups/Games/Roms/handheldbackup/RGBackup/PCECD/R-Type Complete CD (Japan).chd	/mnt/backups/Games/Roms/handheldbackup/rg34xxsp_backup/Roms/PCECD/R-Type Complete CD (Japan).chd	260272153
/mnt/backups/Games/Roms/handheldbackup/RGBackup/PCECD/R-Type Complete CD (Japan).chd	/mnt/backups/Games/Roms/handheldbackup/miyoomini backup/Roms/PCECD/R-Type Complete CD (Japan).chd	260272153
/mnt/backups/Games/Roms/handheldbackup/miyoomini backup/Roms/PS/Bust A Groove 2 (USA).chd	/mnt/backups/Games/Roms/handheldbackup/rg34xxsp_backup/Roms/PS/Bust A Groove 2 (USA).chd	260272067
/mnt/backups/Games/Roms/handheldbackup/miyoomini backup/Roms/PS/Bust A Groove 2 (USA).chd	/mnt/backups/Games/Roms/Archive/PS1/PS1USA/Bust A Groove 2 (USA).chd	260272067
/mnt/backups/Games/Roms/Core_Roms/dreamcast/World Series Baseball 2K1 (USA).chd	/mnt/backups/Games/Roms/handheldbackup/RGBackup/Roms/dreamcast/World Series Baseball 2K1 (USA).chd	259368323
/mnt/backups/Games/Roms/Core_Roms/dreamcast/World Series Baseball 2K1 (USA).chd	/mnt/backups/Games/Roms/handheldbackup/emugames/Roms/dreamcast/World Series Baseball 2K1 (USA).chd	259368323
/mnt/backups/Games/Roms/handheldbackup/PS Classic/MagnusRCfarewellv2/retroarch/apps/devilutionx/diabdat.mpq	/mnt/backups/Games/Roms/handheldbackup/miyoomini backup/Roms/PORTS/Games/Diablo (devilutionX)/DIABDAT.MPQ	517501242
/mnt/backups/Games/U+MePLUS/Danchi2018/GRAPHICS.PK	/mnt/backups/Games/strategy games/AHouseInTheRift-0.7.20r2-pc/Lust_of_the_Apartment_Wives_game/GRAPHICS.PK	516851192
/mnt/backups/Games/Roms/handheldbackup/miyoomini backup/Roms/PS/Rogue Trip - Vacation 2012 (USA).chd	/mnt/backups/Games/Roms/Core_Roms/psx/Rogue Trip - Vacation 2012 (USA).chd	516184687
/mnt/backups/BlurrBackup/20250813_backup/linux/git/qa-infra2/tofu/aws/modules/airgap/.terraform/providers/registry.opentofu.org/hashicorp/aws/3.76.1/linux_amd64/terraform-provider-aws	/mnt/backups/BlurrBackup/20250813_backup/linux/git/qa-infra-update/tofu/aws/modules/airgap/.terraform/providers/registry.opentofu.org/hashicorp/aws/3.76.1/linux_amd64/terraform-provider-aws	257085440
/mnt/backups/BlurrBackup/20250813_backup/linux/git/qa-infra2/tofu/aws/modules/airgap/.terraform/providers/registry.opentofu.org/hashicorp/aws/3.76.1/linux_amd64/terraform-provider-aws	/mnt/backups/BlurrBackup/20250813_backup/linux/git/qa-infra-automation/tofu/aws/modules/airgap/.terraform/providers/registry.opentofu.org/hashicorp/aws/3.76.1/linux_amd64/terraform-provider-aws	257085440
/mnt/backups/Games/brickprobackup/Roms/PS/RayCrisis (Japan).bin	/mnt/backups/Games/brickprobackup/Roms/PS/RayCrisis [SLUS-01217].bin	513051168
/mnt/backups/Games/Roms/handheldbackup/miyoomini backup/Roms/PS/_hidden/multi-disc/Fear Effect 2 - Retro Helix (USA) (Disc 2).chd	/mnt/backups/Games/Roms/Archive/PS1/PS1USA/Fear Effect 2 - Retro Helix (USA) (Disc 2) (Rev 1).chd	512707900
/mnt/backups/Games/Roms/Core_Roms/psp/Star Trek - Tactical Assault (US).iso	/mnt/backups/Games/Roms/handheldbackup/RGBackup/Roms/psp/Star Trek - Tactical Assault (US).iso	255197184
/mnt/backups/Games/Roms/Core_Roms/psp/Star Trek - Tactical Assault (US).iso	/mnt/backups/Games/Roms/handheldbackup/emugames/Roms/psp/Star Trek - Tactical Assault (US).iso	255197184
/mnt/backups/Games/Roms/Core_Roms/neogeocd/Rally Chase.chd	/mnt/backups/Games/Roms/handheldbackup/PS Classic/MagnusRCfarewellv2/roms/neogeocd/Rally Chase.chd	169289802
/mnt/backups/Games/Roms/Core_Roms/neogeocd/Rally Chase.chd	/mnt/backups/Games/Roms/handheldbackup/RGBackup/Roms/neogeocd/Rally Chase.chd	169289802
/mnt/backups/Games/Roms/Core_Roms/neogeocd/Rally Chase.chd	/mnt/backups/Games/Roms/handheldbackup/emugames/Roms/neogeocd/Rally Chase.chd	169289802
/mnt/backups/Games/ScummVM/Working/Leisure Suit Larry 6 - Shape Up or Slip Out (CD DOS)/AUD/RESOURCE.AUD	/mnt/backups/Games/Roms/handheldbackup/miyoomini backup/Roms/SCUMMVM/Leisure Suit Larry 6 - Shape Up or Slip Out/AUD/RESOURCE.AUD	507859930
/mnt/backups/Games/Roms/Core_Roms/neogeocd/Neo DriftOut.chd	/mnt/backups/Games/Roms/handheldbackup/PS Classic/MagnusRCfarewellv2/roms/neogeocd/Neo DriftOut.chd	168824156
/mnt/backups/Games/Roms/Core_Roms/neogeocd/Neo DriftOut.chd	/mnt/backups/Games/Roms/handheldbackup/RGBackup/Roms/neogeocd/Neo DriftOut.chd	168824156
/mnt/backups/Games/Roms/Core_Roms/neogeocd/Neo DriftOut.chd	/mnt/backups/Games/Roms/handheldbackup/emugames/Roms/neogeocd/Neo DriftOut.chd	168824156
/mnt/backups/Games/Roms/Region_Sorted/saturn/Europe/Z (Europe).zip	/mnt/backups/Games/Roms/handheldbackup/RGBackup/Roms/saturn/Z (Europe).zip	252364679
/mnt/backups/Games/Roms/Region_Sorted/saturn/Europe/Z (Europe).zip	/mnt/backups/Games/Roms/handheldbackup/emugames/Roms/saturn/Z (Europe).zip	252364679
/mnt/backups/Games/Roms/Core_Roms/dreamcast/Mars Matrix (USA).chd	/mnt/backups/Games/Roms/handheldbackup/RGBackup/Roms/dreamcast/Mars Matrix (USA).chd	249535206
/mnt/backups/Games/Roms/Core_Roms/dreamcast/Mars Matrix (USA).chd	/mnt/backups/Games/Roms/handheldbackup/emugames/Roms/dreamcast/Mars Matrix (USA).chd	249535206
/mnt/backups/Games/Roms/handheldbackup/miyoomini backup/Roms/PS/_hidden/multi-disc/Fear Effect 2 - Retro Helix (USA) (Disc 4).chd	/mnt/backups/Games/Roms/Archive/PS1/PS1USA/Fear Effect 2 - Retro Helix (USA) (Disc 4) (Rev 1).chd	498726348
/mnt/backups/Games/Roms/handheldbackup/miyoomini backup/Roms/PS/Rage Racer (USA).chd	/mnt/backups/Games/Roms/Core_Roms/psx/Rage Racer (USA).chd	495696212
/mnt/backups/Games/Roms/handheldbackup/miyoomini backup/Roms/PS/Dino Crisis (USA).chd	/mnt/backups/Games/Roms/Core_Roms/psx/Dino Crisis (USA).chd	247794295
/mnt/backups/Games/Roms/handheldbackup/miyoomini backup/Roms/PS/Dino Crisis (USA).chd	/mnt/backups/Games/Roms/handheldbackup/miyoomini backup/Roms/PS/Dino Crisis (USA) (Rev 1).chd	247794295
/mnt/backups/Games/Roms/handheldbackup/miyoomini backup/Roms/PS/_hidden/multi-disc/Riven - The Sequel to Myst (USA) (Disc 2).chd	/mnt/backups/Games/Roms/Archive/PS1/PS1USA/Riven - The Sequel to Myst (USA) (Disc 2).chd	494430788
/mnt/backups/Games/Roms/handheldbackup/miyoomini backup/Roms/PS/Vigilante 8 - 2nd Offense (USA).chd	/mnt/backups/Games/Roms/Core_Roms/psx/Vigilante 8 - 2nd Offense (USA).chd	493436669
/mnt/backups/Games/Roms/Core_Roms/neogeocd/Top Players Golf.chd	/mnt/backups/Games/Roms/handheldbackup/PS Classic/MagnusRCfarewellv2/roms/neogeocd/Top Players Golf.chd	164109497
/mnt/backups/Games/Roms/Core_Roms/neogeocd/Top Players Golf.chd	/mnt/backups/Games/Roms/handheldbackup/RGBackup/Roms/neogeocd/Top Players Golf.chd	164109497
/mnt/backups/Games/Roms/Core_Roms/neogeocd/Top Players Golf.chd	/mnt/backups/Games/Roms/handheldbackup/emugames/Roms/neogeocd/Top Players Golf.chd	164109497
/mnt/backups/Games/Roms/handheldbackup/miyoomini backup/Roms/PS/Command & Conquer - Red Alert (USA).chd	/mnt/backups/Games/Roms/Core_Roms/psx/multi-disc/Command & Conquer - Red Alert (USA) (Disc 1) (Allies).chd	492244628
/mnt/backups/Games/Roms/handheldbackup/miyoomini backup/Roms/PS/Warhammer - Shadow of the Horned Rat (USA).chd	/mnt/backups/Games/Roms/Archive/PS1/PS1USA/Warhammer - Shadow of the Horned Rat (USA).chd	492138078
/mnt/backups/Games/Roms/handheldbackup/miyoomini backup/Roms/PS/_hidden/multi-disc/Final Fantasy VIII (USA) (Disc 1).chd	/mnt/backups/Games/Roms/Core_Roms/psx/multi-disc/Final Fantasy VIII (Disc 1).chd	491235152
/mnt/backups/Games/Roms/handheldbackup/miyoomini backup/Roms/PS/World Cup 98 (USA).chd	/mnt/backups/Games/Roms/Archive/PS1/PS1USA/World Cup 98 (USA).chd	490855081
/mnt/backups/Games/Roms/Core_Roms/dreamcast/Test Drive Le Mans (USA) (En,Fr,Es).chd	/mnt/backups/Games/Roms/handheldbackup/RGBackup/Roms/dreamcast/Test Drive Le Mans (USA) (En,Fr,Es).chd	243274750
/mnt/backups/Games/Roms/Core_Roms/dreamcast/Test Drive Le Mans (USA) (En,Fr,Es).chd	/mnt/backups/Games/Roms/handheldbackup/emugames/Roms/dreamcast/Test Drive Le Mans (USA) (En,Fr,Es).chd	243274750
/mnt/backups/Games/Roms/handheldbackup/miyoomini backup/Roms/PS/_hidden/multi-disc/Shockwave Assault (USA) (Disc 1) (Shockwave - Invasion Earth).chd	/mnt/backups/Games/Roms/Archive/PS1/PS1USA/Shockwave Assault (USA) (Disc 1) (Shockwave - Invasion Earth).chd	484965008
/mnt/backups/Games/Roms/handheldbackup/miyoomini backup/Roms/PS/Duke Nukem - Total Meltdown (USA).chd	/mnt/backups/Games/Roms/Archive/PS1/PS1USA/Duke Nukem - Total Meltdown (USA).chd	484287577
/mnt/backups/Games/Roms/handheldbackup/miyoomini backup/Roms/PS/_hidden/multi-disc/Valkyrie Profile (USA) (Disc 2).chd	/mnt/backups/Games/Roms/Core_Roms/psx/multi-disc/Valkyrie Profile (Disc 2).chd	483950775
/mnt/backups/Games/Roms/handheldbackup/PS Classic/MagnusRCfarewellv2/roms/pcenginecd/Fighting Street (USA).chd	/mnt/backups/Games/Roms/handheldbackup/RGBackup/Roms/pcenginecd/Fighting Street (USA).chd	241922479
/mnt/backups/Games/Roms/handheldbackup/PS Classic/MagnusRCfarewellv2/roms/pcenginecd/Fighting Street (USA).chd	/mnt/backups/Games/Roms/handheldbackup/emugames/Roms/pcenginecd/Fighting Street (USA).chd	241922479
/mnt/backups/Games/Roms/handheldbackup/miyoomini backup/Roms/PS/_hidden/multi-disc/Final Fantasy VII (USA) (Disc 1).chd	/mnt/backups/Games/Roms/Core_Roms/psx/multi-disc/Final Fantasy VII (Disc 1).chd	482492749
/mnt/backups/Games/Roms/handheldbackup/miyoomini backup/Roms/PS/_hidden/multi-disc/Riven - The Sequel to Myst (USA) (Disc 4).chd	/mnt/backups/Games/Roms/Archive/PS1/PS1USA/Riven - The Sequel to Myst (USA) (Disc 4).chd	482285146
/mnt/backups/Games/Roms/handheldbackup/PS Classic/MagnusRCfarewellv2/roms/pcenginecd/Faussete Amour (Japan).chd	/mnt/backups/Games/Roms/handheldbackup/RGBackup/Roms/pcenginecd/Faussete Amour (Japan).chd	241004124
/mnt/backups/Games/Roms/handheldbackup/PS Classic/MagnusRCfarewellv2/roms/pcenginecd/Faussete Amour (Japan).chd	/mnt/backups/Games/Roms/handheldbackup/emugames/Roms/pcenginecd/Faussete Amour (Japan).chd	241004124
/mnt/backups/Games/Roms/Core_Roms/openbor/Maximun Carnage Returns/Paks/Maximun Carnage Returns.pak	/mnt/backups/Games/Roms/handheldbackup/PS Classic/MagnusRCfarewellv2/roms/OpenBOR/Maximun Carnage Returns/Paks/Maximun Carnage Returns.pak	160627763
/mnt/backups/Games/Roms/Core_Roms/openbor/Maximun Carnage Returns/Paks/Maximun Carnage Returns.pak	/mnt/backups/Games/Roms/handheldbackup/RGBackup/Roms/openbor/Maximun Carnage Returns/Paks/Maximun Carnage Returns.pak	160627763
/mnt/backups/Games/Roms/Core_Roms/openbor/Maximun Carnage Returns/Paks/Maximun Carnage Returns.pak	/mnt/backups/Games/Roms/handheldbackup/emugames/Roms/openbor/Maximun Carnage Returns/Paks/Maximun Carnage Returns.pak	160627763
/mnt/backups/Games/Roms/handheldbackup/miyoomini backup/Roms/PS/_hidden/multi-disc/Star Ocean - The Second Story (USA) (Disc 2).chd	/mnt/backups/Games/Roms/Core_Roms/psx/multi-disc/Star Ocean - The Second Story (Disc 2).chd	481554635
/mnt/backups/Games/Roms/Core_Roms/pcenginecd/Magical Dinosaur Tour [U][CD][TGXCD1005][Yazawa Science Office][1990][PCE][sideshow].chd	/mnt/backups/Games/Roms/Core_Roms/tg-cd/Magical Dinosaur Tour [U][CD][TGXCD1005][Yazawa Science Office][1990][PCE][sideshow].chd	120339204
/mnt/backups/Games/Roms/Core_Roms/pcenginecd/Magical Dinosaur Tour [U][CD][TGXCD1005][Yazawa Science Office][1990][PCE][sideshow].chd	/mnt/backups/Games/Roms/handheldbackup/PS Classic/MagnusRCfarewellv2/roms/tg-cd/Magical Dinosaur Tour [U][CD][TGXCD1005][Yazawa Science Office][1990][PCE][sideshow].chd	120339204
/mnt/backups/Games/Roms/Core_Roms/pcenginecd/Magical Dinosaur Tour [U][CD][TGXCD1005][Yazawa Science Office][1990][PCE][sideshow].chd	/mnt/backups/Games/Roms/handheldbackup/RGBackup/Roms/pcenginecd/Magical Dinosaur Tour [U][CD][TGXCD1005][Yazawa Science Office][1990][PCE][sideshow].chd	120339204
/mnt/backups/Games/Roms/Core_Roms/pcenginecd/Magical Dinosaur Tour [U][CD][TGXCD1005][Yazawa Science Office][1990][PCE][sideshow].chd	/mnt/backups/Games/Roms/handheldbackup/emugames/Roms/pcenginecd/Magical Dinosaur Tour [U][CD][TGXCD1005][Yazawa Science Office][1990][PCE][sideshow].chd	120339204
/mnt/backups/Games/Roms/handheldbackup/miyoomini backup/Roms/PS/Disney-Pixar A Bug's Life (USA) (v1.1).chd	/mnt/backups/Games/Roms/Archive/PS1/PS1USA/Disney-Pixar A Bug's Life (USA) (Rerelease).chd	480451065
/mnt/backups/Games/Roms/handheldbackup/miyoomini backup/Roms/PS/Sled Storm (USA).chd	/mnt/backups/Games/Roms/Archive/PS1/PS1USA/Sled Storm (USA).chd	477404467
/mnt/backups/Games/Roms/handheldbackup/miyoomini backup/Roms/PS/Gran Turismo 2 (USA) (Simulation Mode) (Rev 2).chd	/mnt/backups/Games/Roms/Archive/PS1/PS1USA/Gran Turismo 2 (USA) (Simulation Mode) (Rev 2).chd	476827364
/mnt/backups/Games/brickprobackup/Roms/PS/Dragonball GT.bin	/mnt/backups/Games/brickprobackup/Roms/PS/Dragon Ball GT - Final Bout.bin	158811744
/mnt/backups/Games/brickprobackup/Roms/PS/Dragonball GT.bin	/mnt/backups/Games/brickprobackup/Roms/PS/Dragon Ball GT Final Bout (USA).bin	158811744
/mnt/backups/Games/brickprobackup/Roms/PS/Dragonball GT.bin	/mnt/backups/Games/brickprobackup/Roms/PS/Dragonball GT-Final Bout.bin	158811744
/mnt/backups/Games/Roms/Region_Sorted/saturn/Japan/Yuukyuu no Kobako Official Collection (Japan) (1M).zip	/mnt/backups/Games/Roms/handheldbackup/RGBackup/Roms/saturn/Yuukyuu no Kobako Official Collection (Japan) (1M).zip	238153924
/mnt/backups/Games/Roms/Region_Sorted/saturn/Japan/Yuukyuu no Kobako Official Collection (Japan) (1M).zip	/mnt/backups/Games/Roms/handheldbackup/emugames/Roms/saturn/Yuukyuu no Kobako Official Collection (Japan) (1M).zip	238153924
/mnt/backups/Games/Roms/handheldbackup/miyoomini backup/Roms/PS/_hidden/multi-disc/Lunar - Silver Star Story Complete (USA) (Disc 2).chd	/mnt/backups/Games/Roms/Core_Roms/psx/multi-disc/Lunar - Silver Star Story Complete (Disc 2).chd	476065710
/mnt/backups/Games/Roms/handheldbackup/miyoomini backup/Roms/PS/_hidden/multi-disc/Syphon Filter 2 (USA) (Disc 2).chd	/mnt/backups/Games/Roms/Core_Roms/psx/multi-disc/Syphon Filter 2 (Disc 2).chd	475261511
/mnt/backups/Games/Roms/Core_Roms/psx/Gran Turismo 2 (USA) (Arcade Mode).chd	/mnt/backups/Games/Roms/handheldbackup/miyoomini backup/Roms/PS/Gran Turismo 2 (USA) (Arcade Mode) (Rev 1).chd	474936146
/mnt/backups/Games/Roms/handheldbackup/miyoomini backup/Roms/PS/_hidden/multi-disc/Valkyrie Profile (USA) (Disc 1).chd	/mnt/backups/Games/Roms/Core_Roms/psx/multi-disc/Valkyrie Profile (Disc 1).chd	474932565
/mnt/backups/Games/Roms/handheldbackup/miyoomini backup/Roms/PS/_hidden/multi-disc/Dragon Warrior VII (USA) (Disc 1).chd	/mnt/backups/Games/Roms/Core_Roms/psx/multi-disc/Dragon Warrior VII (Disc 1).chd	473974629
/mnt/backups/Games/Roms/handheldbackup/miyoomini backup/Roms/PS/_hidden/multi-disc/Dragon Warrior VII (USA) (Disc 2).chd	/mnt/backups/Games/Roms/Core_Roms/psx/multi-disc/Dragon Warrior VII (Disc 2).chd	473771400
/mnt/backups/Games/Roms/handheldbackup/miyoomini backup/Roms/PS/Final Fantasy Chronicles - Final Fantasy IV (USA) (Rev 1).chd	/mnt/backups/Games/Roms/handheldbackup/rg34xxsp_backup/Roms/PS/Final Fantasy Chronicles - Final Fantasy IV (USA) (Rev 1).chd	236015165
/mnt/backups/Games/Roms/handheldbackup/miyoomini backup/Roms/PS/Final Fantasy Chronicles - Final Fantasy IV (USA) (Rev 1).chd	/mnt/backups/Games/Roms/Core_Roms/psx/Final Fantasy Chronicles - Final Fantasy IV.chd	236015165
/mnt/backups/Games/Roms/handheldbackup/RGBackup/PSP/Mega Man - Maverick Hunter X (EU).iso	/mnt/backups/Games/Roms/handheldbackup/RGCubeBackup/Roms/PSP/Mega Man - Maverick Hunter X (EU).iso	470515712
/mnt/backups/Games/Roms/Core_Roms/naomi/cvs2/gdl-0008.chd	/mnt/backups/Games/Roms/handheldbackup/PS Classic/MagnusRCfarewellv2/roms/naomi/cvs2/gdl-0008.chd	156736120
/mnt/backups/Games/Roms/Core_Roms/naomi/cvs2/gdl-0008.chd	/mnt/backups/Games/Roms/handheldbackup/RGBackup/Roms/naomi/cvs2/gdl-0008.chd	156736120
/mnt/backups/Games/Roms/Core_Roms/naomi/cvs2/gdl-0008.chd	/mnt/backups/Games/Roms/handheldbackup/emugames/Roms/naomi/cvs2/gdl-0008.chd	156736120
/mnt/backups/Games/Roms/handheldbackup/miyoomini backup/Roms/PS/Red Asphalt (USA).chd	/mnt/backups/Games/Roms/Archive/PS1/PS1USA/Red Asphalt (USA).chd	468687231
/mnt/backups/Games/Roms/Core_Roms/dreamcast/Seventh Cross Evolution (USA).chd	/mnt/backups/Games/Roms/handheldbackup/RGBackup/Roms/dreamcast/Seventh Cross Evolution (USA).chd	234111598
/mnt/backups/Games/Roms/Core_Roms/dreamcast/Seventh Cross Evolution (USA).chd	/mnt/backups/Games/Roms/handheldbackup/emugames/Roms/dreamcast/Seventh Cross Evolution (USA).chd	234111598
/mnt/backups/Games/Roms/handheldbackup/miyoomini backup/Roms/PS/_hidden/multi-disc/Final Fantasy VIII (USA) (Disc 3).chd	/mnt/backups/Games/Roms/Core_Roms/psx/multi-disc/Final Fantasy VIII (Disc 3).chd	467940327
/mnt/backups/Games/Roms/Core_Roms/neogeocd/Football Frenzy.chd	/mnt/backups/Games/Roms/handheldbackup/PS Classic/MagnusRCfarewellv2/roms/neogeocd/Football Frenzy.chd	155793062
/mnt/backups/Games/Roms/Core_Roms/neogeocd/Football Frenzy.chd	/mnt/backups/Games/Roms/handheldbackup/RGBackup/Roms/neogeocd/Football Frenzy.chd	155793062
/mnt/backups/Games/Roms/Core_Roms/neogeocd/Football Frenzy.chd	/mnt/backups/Games/Roms/handheldbackup/emugames/Roms/neogeocd/Football Frenzy.chd	155793062
/mnt/backups/Games/Roms/handheldbackup/miyoomini backup/Roms/PS/Medal of Honor (USA).chd	/mnt/backups/Games/Roms/Core_Roms/psx/Medal of Honor.chd	466716190
/mnt/backups/Games/Roms/Core_Roms/psx/Driver - You Are the Wheelman (USA).chd	/mnt/backups/Games/Roms/handheldbackup/miyoomini backup/Roms/PS/Driver - You Are the Wheelman (USA) (Rev 1).chd	465566193
/mnt/backups/Games/Roms/handheldbackup/miyoomini backup/Roms/PS/_hidden/multi-disc/Final Fantasy VII (USA) (Disc 2).chd	/mnt/backups/Games/Roms/Core_Roms/psx/multi-disc/Final Fantasy VII (Disc 2).chd	465431282
/mnt/backups/Games/Roms/handheldbackup/miyoomini backup/Roms/PS/_hidden/multi-disc/Dracula - The Last Sanctuary (USA) (Disc 1).chd	/mnt/backups/Games/Roms/Archive/PS1/PS1USA/Dracula - The Last Sanctuary (USA) (Disc 1).chd	464269191
/mnt/backups/Games/Roms/handheldbackup/miyoomini backup/Roms/PS/Destruction Derby Raw (USA).chd	/mnt/backups/Games/Roms/Core_Roms/psx/Destruction Derby Raw.chd	463624760
/mnt/backups/Games/Roms/handheldbackup/miyoomini backup/Roms/PS/Tony Hawk's Pro Skater 2 (USA).chd	/mnt/backups/Games/Roms/Archive/PS1/PS1USA/Tony Hawk's Pro Skater 2 (USA).chd	463106734
/mnt/backups/Games/Roms/handheldbackup/miyoomini backup/Roms/PS/Formula 1 Championship Edition (USA) (En,Fr,De,Es,It).chd	/mnt/backups/Games/Roms/Archive/PS1/PS1USA/Formula 1 Championship Edition (USA) (En,Fr,De,Es,It).chd	461979159
/mnt/backups/Games/Roms/handheldbackup/miyoomini backup/Roms/PS/Armored Core (USA).chd	/mnt/backups/Games/Roms/handheldbackup/rg34xxsp_backup/Roms/PS/Armored Core (USA).chd	230967696
/mnt/backups/Games/Roms/handheldbackup/miyoomini backup/Roms/PS/Armored Core (USA).chd	/mnt/backups/Games/Roms/Archive/PS1/PS1USA/Armored Core (USA) (Reprint).chd	230967696
/mnt/backups/Games/Roms/handheldbackup/miyoomini backup/Roms/PS/_hidden/multi-disc/Covert Ops - Nuclear Dawn (USA) (Disc 2).chd	/mnt/backups/Games/Roms/Archive/PS1/PS1USA/Covert Ops - Nuclear Dawn (USA) (Disc 2).chd	459608267
/mnt/backups/Misc Apps/Rosetta.Stone.V.3.3.5.Plus.Language.Packs-RosettaStone/Portuguese (Brazil) V3 Level 1.iso	/mnt/backups/Misc Apps/Rosetta.Stone.V.3.3.5.Plus.Language.Packs-RosettaStone/Portuguese V3 Level 1.iso	458999808
/mnt/backups/Games/Roms/Core_Roms/megadrive-msu/soundPack_Tatsujin-Truxton_Arcade.bin	/mnt/backups/Games/Roms/handheldbackup/PS Classic/MagnusRCfarewellv2/roms/msu-md/soundPack_Tatsujin-Truxton_Arcade.bin	152809440
/mnt/backups/Games/Roms/Core_Roms/megadrive-msu/soundPack_Tatsujin-Truxton_Arcade.bin	/mnt/backups/Games/Roms/handheldbackup/RGBackup/Roms/msu-md/soundPack_Tatsujin-Truxton_Arcade.bin	152809440
/mnt/backups/Games/Roms/Core_Roms/megadrive-msu/soundPack_Tatsujin-Truxton_Arcade.bin	/mnt/backups/Games/Roms/handheldbackup/emugames/Roms/msu-md/soundPack_Tatsujin-Truxton_Arcade.bin	152809440
/mnt/backups/Games/Roms/handheldbackup/miyoomini backup/Roms/PS/Evil Zone (USA).chd	/mnt/backups/Games/Roms/Core_Roms/psx/Evil Zone (USA).chd	457372438
/mnt/backups/BlurrBackup/20250813_backup/Downloads/ISOs/clonezilla-live-3.2.0-5-amd64.iso	/mnt/backups/ISOs/clonezilla-live-3.2.0-5-amd64.iso	457179136
/mnt/backups/Games/Roms/handheldbackup/miyoomini backup/Roms/PS/Oddworld - Abe's Oddysee (USA) (Rev 2).chd	/mnt/backups/Games/Roms/Core_Roms/psx/Oddworld - Abe's Oddysee.chd	456586937
/mnt/backups/Games/Roms/handheldbackup/RGBackup/PS/Gran Turismo.PBP	/mnt/backups/Games/Roms/handheldbackup/RGCubeBackup/Roms/PS/Gran Turismo.PBP	454164665
/mnt/backups/Games/Roms/handheldbackup/miyoomini backup/Roms/PS/Bust-A-Move '99 (USA).chd	/mnt/backups/Games/Roms/handheldbackup/rg34xxsp_backup/Roms/PS/Bust-A-Move '99 (USA).chd	226474393
/mnt/backups/Games/Roms/handheldbackup/miyoomini backup/Roms/PS/Bust-A-Move '99 (USA).chd	/mnt/backups/Games/Roms/Archive/PS1/PS1USA/Bust-A-Move '99 (USA).chd	226474393
/mnt/backups/Games/Roms/handheldbackup/miyoomini backup/Roms/PS/_hidden/multi-disc/Final Fantasy VIII (USA) (Disc 2).chd	/mnt/backups/Games/Roms/Core_Roms/psx/multi-disc/Final Fantasy VIII (Disc 2).chd	452662497
/mnt/backups/Games/Roms/handheldbackup/miyoomini backup/Roms/PS/_hidden/multi-disc/Riven - The Sequel to Myst (USA) (Disc 1).chd	/mnt/backups/Games/Roms/Archive/PS1/PS1USA/Riven - The Sequel to Myst (USA) (Disc 1).chd	452082943
/mnt/backups/Games/Roms/handheldbackup/miyoomini backup/Roms/PS/Tiny Tank (USA).chd	/mnt/backups/Games/Roms/Archive/PS1/PS1USA/Tiny Tank (USA).chd	451958030
/mnt/backups/Games/Roms/handheldbackup/miyoomini backup/Roms/PS/_hidden/multi-disc/Fear Effect 2 - Retro Helix (USA) (Disc 3).chd	/mnt/backups/Games/Roms/Archive/PS1/PS1USA/Fear Effect 2 - Retro Helix (USA) (Disc 3) (Rev 1).chd	451933698
/mnt/backups/Games/brickprobackup/Roms/PS/Resident Evil 2 (USA).PBP	/mnt/backups/Games/brickprobackup/Roms/PS/Resident Evil 2.PBP	451788524
/mnt/backups/Games/Roms/handheldbackup/miyoomini backup/Roms/PS/Klonoa - Door to Phantomile (USA).chd	/mnt/backups/Games/Roms/Core_Roms/psx/Klonoa - Door to Phantomile.chd	450316577
/mnt/backups/Games/Roms/handheldbackup/miyoomini backup/Roms/PS/Mat Hoffman's Pro BMX (USA).chd	/mnt/backups/Games/Roms/Archive/PS1/PS1USA/Mat Hoffman's Pro BMX (USA).chd	449925066
/mnt/backups/Games/Roms/Archive/mame/MAME 0.145 CHDS/hotd3/gdx-0001.chd	/mnt/backups/Games/Roms/Archive/mame/MAME.0.145.Full.Roms.Set.Collection.Including.Extras.and.CHD.Roms.DVD.29.of.65-oNePiEcE/MAME 0.145 CHDS/hotd3/gdx-0001.chd	449018731
/mnt/backups/Games/Roms/Core_Roms/psx/Persona 2 - Eternal Punishment (USA) (Bonus Disc).chd	/mnt/backups/Games/Roms/handheldbackup/RGBackup/Roms/psx/Persona 2 - Eternal Punishment (USA) (Bonus Disc).chd	224230587
/mnt/backups/Games/Roms/Core_Roms/psx/Persona 2 - Eternal Punishment (USA) (Bonus Disc).chd	/mnt/backups/Games/Roms/handheldbackup/emugames/Roms/psx/Persona 2 - Eternal Punishment (USA) (Bonus Disc).chd	224230587
/mnt/backups/Games/Roms/handheldbackup/miyoomini backup/Roms/PS/_hidden/multi-disc/Lunar 2 - Eternal Blue Complete (USA) (Disc 3).chd	/mnt/backups/Games/Roms/Core_Roms/psx/multi-disc/Lunar 2 - Eternal Blue Complete (Disc 3).chd	447515291
/mnt/backups/Games/Roms/handheldbackup/miyoomini backup/Roms/PS/Tiny Toon Adventures - Toonenstein - Dare to Scare! (USA).chd	/mnt/backups/Games/Roms/Archive/PS1/PS1USA/Tiny Toon Adventures - Toonenstein - Dare to Scare! (USA).chd	447269962
/mnt/backups/Games/Roms/Core_Roms/psx/Tenchu 2 - Birth of the Stealth Assassins (USA).chd	/mnt/backups/Games/Roms/handheldbackup/miyoomini backup/Roms/PS/Tenchu 2 - Birth of the Stealth Assassins (USA).chd	447224322
/mnt/backups/Games/Roms/handheldbackup/miyoomini backup/Roms/PS/WarCraft II - The Dark Saga (USA).chd	/mnt/backups/Games/Roms/Archive/PS1/PS1USA/WarCraft II - The Dark Saga (USA) (En,Fr,De,Es,It).chd	447144669
/mnt/backups/Games/Roms/handheldbackup/miyoomini backup/Roms/PS/_hidden/multi-disc/Covert Ops - Nuclear Dawn (USA) (Disc 1).chd	/mnt/backups/Games/Roms/Archive/PS1/PS1USA/Covert Ops - Nuclear Dawn (USA) (Disc 1).chd	446674143
/mnt/backups/Games/Roms/handheldbackup/miyoomini backup/Roms/PS/Disruptor (USA).chd	/mnt/backups/Games/Roms/Core_Roms/psx/Disruptor.chd	444849952
/mnt/backups/Games/Roms/handheldbackup/miyoomini backup/Roms/PS/_hidden/multi-disc/Final Fantasy VIII (USA) (Disc 4).chd	/mnt/backups/Games/Roms/Core_Roms/psx/multi-disc/Final Fantasy VIII (Disc 4).chd	442834884
/mnt/backups/Games/Roms/handheldbackup/miyoomini backup/Roms/PS/Incredible Crisis (USA).chd	/mnt/backups/Games/Roms/Archive/PS1/PS1USA/Incredible Crisis (USA).chd	442493891
/mnt/backups/Games/Roms/handheldbackup/miyoomini backup/Roms/PS/_hidden/multi-disc/Lunar 2 - Eternal Blue Complete (USA) (Disc 1).chd	/mnt/backups/Games/Roms/Core_Roms/psx/multi-disc/Lunar 2 - Eternal Blue Complete (Disc 1).chd	441707944
/mnt/backups/Misc Apps/Rosetta.Stone.V.3.3.5.Plus.Language.Packs-RosettaStone/Portuguese (Brazil) V3 Level 2.iso	/mnt/backups/Misc Apps/Rosetta.Stone.V.3.3.5.Plus.Language.Packs-RosettaStone/Portuguese V3 Level 2.iso	441403392
/mnt/backups/Games/Roms/handheldbackup/miyoomini backup/Roms/PS/_hidden/multi-disc/Colony Wars (USA) (Disc 2).chd	/mnt/backups/Games/Roms/Archive/PS1/PS1USA/Colony Wars (USA) (Disc 2).chd	440463192
/mnt/backups/Games/Roms/Core_Roms/atomiswave/rumblef2.zip	/mnt/backups/Games/Roms/handheldbackup/PS Classic/MagnusRCfarewellv2/roms/atomiswave/rumblef2.zip	146671055
/mnt/backups/Games/Roms/Core_Roms/atomiswave/rumblef2.zip	/mnt/backups/Games/Roms/handheldbackup/RGBackup/Roms/atomiswave/rumblef2.zip	146671055
/mnt/backups/Games/Roms/Core_Roms/atomiswave/rumblef2.zip	/mnt/backups/Games/Roms/handheldbackup/emugames/Roms/atomiswave/rumblef2.zip	146671055
/mnt/backups/Games/Roms/handheldbackup/RGBackup/PS/Spider-Man.PBP	/mnt/backups/Games/Roms/handheldbackup/RGCubeBackup/Roms/PS/Spider-Man.PBP	439917705
/mnt/backups/Games/Roms/Region_Sorted/psx/Europe/WipEout 3 - Special Edition (Europe).chd	/mnt/backups/Games/Roms/handheldbackup/miyoomini backup/Roms/PS/WipEout 3 - Special Edition (Europe) (En,Fr,De,Es,It).chd	438583314
/mnt/backups/Games/Roms/handheldbackup/miyoomini backup/Roms/PS/Wipeout XL (USA).chd	/mnt/backups/Games/Roms/Archive/PS1/PS1USA/Wipeout XL (USA).chd	438441786
/mnt/backups/Games/Roms/handheldbackup/miyoomini backup/Roms/PS/Final Fantasy Tactics (USA).chd	/mnt/backups/Games/Roms/handheldbackup/rg34xxsp_backup/Roms/PS/Final Fantasy Tactics (USA).chd	219141874
/mnt/backups/Games/Roms/handheldbackup/miyoomini backup/Roms/PS/Final Fantasy Tactics (USA).chd	/mnt/backups/Games/Roms/Core_Roms/psx/Final Fantasy Tactics.chd	219141874
/mnt/backups/Games/Roms/handheldbackup/miyoomini backup/Roms/PS/Mega Man X3 (Europe).chd	/mnt/backups/Games/Roms/Region_Sorted/psx/Europe/Mega Man X3 (Europe).chd	438032337
/mnt/backups/Games/Roms/handheldbackup/miyoomini backup/Roms/PS/_hidden/multi-disc/Riven - The Sequel to Myst (USA) (Disc 3).chd	/mnt/backups/Games/Roms/Archive/PS1/PS1USA/Riven - The Sequel to Myst (USA) (Disc 3).chd	436907273
/mnt/backups/Games/Roms/handheldbackup/miyoomini backup/Roms/PS/_hidden/multi-disc/Syphon Filter 2 (USA) (Disc 1).chd	/mnt/backups/Games/Roms/Core_Roms/psx/multi-disc/Syphon Filter 2 (Disc 1).chd	435919242
/mnt/backups/Games/Roms/handheldbackup/miyoomini backup/Roms/SCUMMVM/Space Quest 6 - The Spinal Frontier/RESOURCE.AUD	/mnt/backups/Games/Space Quest 6/RESOURCE.AUD	435838311
/mnt/backups/Games/Roms/Core_Roms/neogeocd/Baseball Stars 2.chd	/mnt/backups/Games/Roms/handheldbackup/PS Classic/MagnusRCfarewellv2/roms/neogeocd/Baseball Stars 2.chd	144969808
/mnt/backups/Games/Roms/Core_Roms/neogeocd/Baseball Stars 2.chd	/mnt/backups/Games/Roms/handheldbackup/RGBackup/Roms/neogeocd/Baseball Stars 2.chd	144969808
/mnt/backups/Games/Roms/Core_Roms/neogeocd/Baseball Stars 2.chd	/mnt/backups/Games/Roms/handheldbackup/emugames/Roms/neogeocd/Baseball Stars 2.chd	144969808
/mnt/backups/Games/Roms/handheldbackup/miyoomini backup/Roms/DAPHNE/framefile/bega.daphne/bega.m2v	/mnt/backups/Games/Roms/handheldbackup/PS Classic/MagnusRCfarewellv2/retroarch/apps/hypseus_singe/vldp_dl/bega/bega.m2v	434853992
/mnt/backups/Games/Roms/handheldbackup/RGBackup/DREAMCAST/House of the Dead 2, The (USA).chd	/mnt/backups/Games/Roms/handheldbackup/rg34xxsp_backup/Roms/DREAMCAST/House of the Dead 2, The (USA).chd	433707763
/mnt/backups/Games/Roms/handheldbackup/miyoomini backup/Roms/PS/_hidden/multi-disc/Final Fantasy IX (USA) (Disc 1) (Rev 1).chd	/mnt/backups/Games/Roms/Archive/PS1/PS1USA/Final Fantasy IX (USA) (Disc 1) (Rev 1).chd	431515551
/mnt/backups/Games/Roms/handheldbackup/miyoomini backup/Roms/PS/_hidden/multi-disc/G-Police (USA) (Disc 1).chd	/mnt/backups/Games/Roms/Archive/PS1/PS1USA/G-Police (USA) (Disc 1).chd	429871056
/mnt/backups/Games/Roms/handheldbackup/miyoomini backup/Roms/PS/Tomb Raider Chronicles (USA) (Rev 1).chd	/mnt/backups/Games/Roms/Archive/PS1/PS1USA/Tomb Raider Chronicles (USA) (Rev 1).chd	428920695
/mnt/backups/Games/Roms/handheldbackup/miyoomini backup/Roms/PS/Skullmonkeys (USA).chd	/mnt/backups/Games/Roms/Archive/PS1/PS1USA/Skullmonkeys (USA).chd	426345005
/mnt/backups/Games/brickprobackup/Roms/PS/Beast Wars - Transformers (USA).img	/mnt/backups/Games/brickprobackup/Roms/PS/Transformers - Beast Wars - Transmetals [U] [SLUS-01160].img	425568277
/mnt/backups/Games/Roms/handheldbackup/miyoomini backup/Roms/PS/ESPN Extreme Games (USA).chd	/mnt/backups/Games/Roms/Archive/PS1/PS1USA/ESPN Extreme Games (USA).chd	425405350
/mnt/backups/Games/Roms/handheldbackup/miyoomini backup/Roms/PS/Harry Potter and the Chamber of Secrets (USA) (En,Fr,Es).chd	/mnt/backups/Games/Roms/Archive/PS1/PS1USA/Harry Potter and the Chamber of Secrets (USA) (En,Fr,Es).chd	424390395
/mnt/backups/Games/Roms/handheldbackup/RGBackup/PS/Crash Bandicoot N. Sane Trilogy.PBP	/mnt/backups/Games/Roms/handheldbackup/RGCubeBackup/Roms/PS/Crash Bandicoot N. Sane Trilogy.PBP	424170473
/mnt/backups/Games/Roms/handheldbackup/miyoomini backup/Roms/PS/Deception III - Dark Delusion (USA).chd	/mnt/backups/Games/Roms/Archive/PS1/PS1USA/Deception III - Dark Delusion (USA).chd	422218616
/mnt/backups/Games/Roms/Core_Roms/megadrive-msu/Teenage Mutant Ninja Turtles - The Hyperstone Heist (MSU-MD) (US).bin	/mnt/backups/Games/Roms/handheldbackup/PS Classic/MagnusRCfarewellv2/roms/msu-md/Teenage Mutant Ninja Turtles - The Hyperstone Heist (MSU-MD) (US).bin	140607264
/mnt/backups/Games/Roms/Core_Roms/megadrive-msu/Teenage Mutant Ninja Turtles - The Hyperstone Heist (MSU-MD) (US).bin	/mnt/backups/Games/Roms/handheldbackup/RGBackup/Roms/msu-md/Teenage Mutant Ninja Turtles - The Hyperstone Heist (MSU-MD) (US).bin	140607264
/mnt/backups/Games/Roms/Core_Roms/megadrive-msu/Teenage Mutant Ninja Turtles - The Hyperstone Heist (MSU-MD) (US).bin	/mnt/backups/Games/Roms/handheldbackup/emugames/Roms/msu-md/Teenage Mutant Ninja Turtles - The Hyperstone Heist (MSU-MD) (US).bin	140607264
/mnt/backups/Games/Roms/Core_Roms/neogeocd/Mahjong Kyo Retsuden Nishi Nihon Hen.chd	/mnt/backups/Games/Roms/handheldbackup/PS Classic/MagnusRCfarewellv2/roms/neogeocd/Mahjong Kyo Retsuden Nishi Nihon Hen.chd	140481452
/mnt/backups/Games/Roms/Core_Roms/neogeocd/Mahjong Kyo Retsuden Nishi Nihon Hen.chd	/mnt/backups/Games/Roms/handheldbackup/RGBackup/Roms/neogeocd/Mahjong Kyo Retsuden Nishi Nihon Hen.chd	140481452
/mnt/backups/Games/Roms/Core_Roms/neogeocd/Mahjong Kyo Retsuden Nishi Nihon Hen.chd	/mnt/backups/Games/Roms/handheldbackup/emugames/Roms/neogeocd/Mahjong Kyo Retsuden Nishi Nihon Hen.chd	140481452
/mnt/backups/Games/Roms/Core_Roms/neogeocd/Idol Mahjong Final Romance 2.chd	/mnt/backups/Games/Roms/handheldbackup/PS Classic/MagnusRCfarewellv2/roms/neogeocd/Idol Mahjong Final Romance 2.chd	140480300
/mnt/backups/Games/Roms/Core_Roms/neogeocd/Idol Mahjong Final Romance 2.chd	/mnt/backups/Games/Roms/handheldbackup/RGBackup/Roms/neogeocd/Idol Mahjong Final Romance 2.chd	140480300
/mnt/backups/Games/Roms/Core_Roms/neogeocd/Idol Mahjong Final Romance 2.chd	/mnt/backups/Games/Roms/handheldbackup/emugames/Roms/neogeocd/Idol Mahjong Final Romance 2.chd	140480300
/mnt/backups/Games/Roms/handheldbackup/miyoomini backup/Roms/PS/_hidden/multi-disc/G-Police (USA) (Disc 2).chd	/mnt/backups/Games/Roms/Archive/PS1/PS1USA/G-Police (USA) (Disc 2).chd	421405205
/mnt/backups/Games/Roms/Core_Roms/dreamcast/4x4 Evo (USA).chd	/mnt/backups/Games/Roms/handheldbackup/RGBackup/Roms/dreamcast/4x4 Evo (USA).chd	210636025
/mnt/backups/Games/Roms/Core_Roms/dreamcast/4x4 Evo (USA).chd	/mnt/backups/Games/Roms/handheldbackup/emugames/Roms/dreamcast/4x4 Evo (USA).chd	210636025
/mnt/backups/Games/Roms/handheldbackup/miyoomini backup/Roms/PS/Brave Fencer Musashi (USA).chd	/mnt/backups/Games/Roms/handheldbackup/rg34xxsp_backup/Roms/PS/Brave Fencer Musashi (USA).chd	210618433
/mnt/backups/Games/Roms/handheldbackup/miyoomini backup/Roms/PS/Brave Fencer Musashi (USA).chd	/mnt/backups/Games/Roms/Core_Roms/psx/Brave Fencer Musashi.chd	210618433
/mnt/backups/Games/Roms/handheldbackup/miyoomini backup/Roms/PS/_hidden/multi-disc/Oddworld - Abe's Exoddus (USA) (Disc 1).chd	/mnt/backups/Games/Roms/Core_Roms/psx/multi-disc/Oddworld - Abe's Exoddus (Disc 1).chd	421002840
/mnt/backups/Games/Roms/handheldbackup/miyoomini backup/Roms/PS/_hidden/multi-disc/Final Fantasy VII (USA) (Disc 3).chd	/mnt/backups/Games/Roms/Core_Roms/psx/multi-disc/Final Fantasy VII (Disc 3).chd	420211722
/mnt/backups/Games/Roms/handheldbackup/miyoomini backup/Roms/PS/Speed Punks (USA).chd	/mnt/backups/Games/Roms/Archive/PS1/PS1USA/Speed Punks (USA).chd	420150401
/mnt/backups/Games/Roms/handheldbackup/miyoomini backup/Roms/PS/Xevious 3D-G+ (USA).chd	/mnt/backups/Games/Roms/Archive/PS1/PS1USA/Xevious 3D-G+ (USA).chd	418422733
/mnt/backups/Games/Roms/handheldbackup/miyoomini backup/Roms/PS/Breath of Fire IV (USA).chd	/mnt/backups/Games/Roms/handheldbackup/rg34xxsp_backup/Roms/PS/Breath of Fire IV (USA).chd	208919551
/mnt/backups/Games/Roms/handheldbackup/miyoomini backup/Roms/PS/Breath of Fire IV (USA).chd	/mnt/backups/Games/Roms/Core_Roms/psx/Breath of Fire IV.chd	208919551
/mnt/backups/Games/Roms/Core_Roms/openbor/Real Bout Pro Wrestling/Paks/Real Bout Pro Wrestling.pak	/mnt/backups/Games/Roms/handheldbackup/PS Classic/MagnusRCfarewellv2/roms/OpenBOR/Real Bout Pro Wrestling/Paks/Real Bout Pro Wrestling.pak	138995541
/mnt/backups/Games/Roms/Core_Roms/openbor/Real Bout Pro Wrestling/Paks/Real Bout Pro Wrestling.pak	/mnt/backups/Games/Roms/handheldbackup/RGBackup/Roms/openbor/Real Bout Pro Wrestling/Paks/Real Bout Pro Wrestling.pak	138995541
/mnt/backups/Games/Roms/Core_Roms/openbor/Real Bout Pro Wrestling/Paks/Real Bout Pro Wrestling.pak	/mnt/backups/Games/Roms/handheldbackup/emugames/Roms/openbor/Real Bout Pro Wrestling/Paks/Real Bout Pro Wrestling.pak	138995541
/mnt/backups/Games/Roms/handheldbackup/miyoomini backup/Roms/PS/Tomb Raider III - Adventures of Lara Croft (USA) (Rev 2).chd	/mnt/backups/Games/Roms/Archive/PS1/PS1USA/Tomb Raider III - Adventures of Lara Croft (USA) (Rev 2).chd	416876864
/mnt/backups/Games/Roms/handheldbackup/miyoomini backup/Roms/PS/Destruction Derby 2 (USA).chd	/mnt/backups/Games/Roms/Archive/PS1/PS1USA/Destruction Derby 2 (USA).chd	416660925
/mnt/backups/Games/Roms/handheldbackup/miyoomini backup/Roms/PS/Crash Bandicoot - Warped (USA).chd	/mnt/backups/Games/Roms/Core_Roms/psx/Crash Bandicoot - Warped (USA).chd	104137161
/mnt/backups/Games/Roms/handheldbackup/miyoomini backup/Roms/PS/Crash Bandicoot - Warped (USA).chd	/mnt/backups/Games/Roms/handheldbackup/PS Classic/MagnusRCfarewellv2/roms/psx/Crash Bandicoot - Warped (USA).chd	104137161
/mnt/backups/Games/Roms/handheldbackup/miyoomini backup/Roms/PS/Crash Bandicoot - Warped (USA).chd	/mnt/backups/Games/Roms/handheldbackup/RGBackup/Roms/psx/Crash Bandicoot - Warped (USA).chd	104137161
/mnt/backups/Games/Roms/handheldbackup/miyoomini backup/Roms/PS/Crash Bandicoot - Warped (USA).chd	/mnt/backups/Games/Roms/handheldbackup/emugames/Roms/psx/Crash Bandicoot - Warped (USA).chd	104137161
/mnt/backups/Games/Roms/handheldbackup/miyoomini backup/Roms/PS/Bust-A-Move 2 - Arcade Edition (USA).chd	/mnt/backups/Games/Roms/handheldbackup/rg34xxsp_backup/Roms/PS/Bust-A-Move 2 - Arcade Edition (USA).chd	207395374
/mnt/backups/Games/Roms/handheldbackup/miyoomini backup/Roms/PS/Bust-A-Move 2 - Arcade Edition (USA).chd	/mnt/backups/Games/Roms/Archive/PS1/PS1USA/Bust-A-Move 2 - Arcade Edition (USA).chd	207395374
/mnt/backups/Games/Roms/handheldbackup/miyoomini backup/Roms/PS/Ghost in the Shell (USA).chd	/mnt/backups/Games/Roms/Core_Roms/psx/Ghost in the Shell.chd	414109326
/mnt/backups/Games/brickprobackup/Roms/PSP/1961 - Undead Knights (JP).iso	/mnt/backups/Games/brickprobackup/Roms/PSP/Undead Knights (Japan).iso	413859840
/mnt/backups/Games/Roms/handheldbackup/miyoomini backup/Roms/PS/_hidden/multi-disc/In Cold Blood (USA) (Disc 2).chd	/mnt/backups/Games/Roms/Archive/PS1/PS1USA/In Cold Blood (USA) (Disc 2).chd	412649170
/mnt/backups/Games/Roms/handheldbackup/miyoomini backup/Roms/PS/Disney-Pixar's Toy Story 2 - Buzz Lightyear to the Rescue! (USA).chd	/mnt/backups/Games/Roms/Archive/PS1/PS1USA/Disney-Pixar Toy Story 2 - Buzz Lightyear to the Rescue! (USA).chd	412399424
/mnt/backups/Games/Roms/handheldbackup/RGBackup/Bios/PS3UPDAT.PUP	/mnt/backups/Games/Roms/handheldbackup/emugames/Bios/PS3UPDAT.PUP	206126236
/mnt/backups/Games/Roms/handheldbackup/RGBackup/Bios/PS3UPDAT.PUP	/mnt/backups/Games/Roms/Bios/retrobat/bios/PS3UPDAT.PUP	206126236
/mnt/backups/Games/Roms/handheldbackup/miyoomini backup/Roms/PS/_hidden/multi-disc/Tales of Destiny II (USA) (Disc 3).chd	/mnt/backups/Games/Roms/Archive/PS1/PS1USA/Tales of Destiny II (USA) (Disc 3).chd	411860649
/mnt/backups/Games/Roms/Core_Roms/psx/Trap Gunner (USA).chd	/mnt/backups/Games/Roms/handheldbackup/miyoomini backup/Roms/PS/Trap Gunner (USA).chd	411849977
/mnt/backups/Games/Roms/Region_Sorted/neogeocd/Japan/Samurai Shodown RPG (JP) (FR).chd	/mnt/backups/Games/Roms/handheldbackup/PS Classic/MagnusRCfarewellv2/roms/neogeocd/Samurai Shodown RPG (JP) (FR).chd	136950900
/mnt/backups/Games/Roms/Region_Sorted/neogeocd/Japan/Samurai Shodown RPG (JP) (FR).chd	/mnt/backups/Games/Roms/handheldbackup/RGBackup/Roms/neogeocd/Samurai Shodown RPG (JP) (FR).chd	136950900
/mnt/backups/Games/Roms/Region_Sorted/neogeocd/Japan/Samurai Shodown RPG (JP) (FR).chd	/mnt/backups/Games/Roms/handheldbackup/emugames/Roms/neogeocd/Samurai Shodown RPG (JP) (FR).chd	136950900
/mnt/backups/Games/Roms/Core_Roms/psx/Gran Turismo (USA).chd	/mnt/backups/Games/Roms/handheldbackup/miyoomini backup/Roms/PS/Gran Turismo (USA) (Rev 1).chd	410251522
/mnt/backups/Games/Roms/handheldbackup/miyoomini backup/Roms/PS/_hidden/multi-disc/Policenauts (Japan) (Disc 2) [T-En by JunkerHQ v1.01].chd	/mnt/backups/Games/Roms/handheldbackup/rg34xxsp_backup/Roms/PS/_hidden/multi-disc/Policenauts (Japan) (Disc 2) [T-En by JunkerHQ v1.01].chd	408307614
/mnt/backups/Games/Roms/Core_Roms/tg-cd/Buster Bros. (USA).chd	/mnt/backups/Games/Roms/handheldbackup/PS Classic/MagnusRCfarewellv2/roms/tg-cd/Buster Bros. (USA).chd	136037557
/mnt/backups/Games/Roms/Core_Roms/tg-cd/Buster Bros. (USA).chd	/mnt/backups/Games/Roms/handheldbackup/RGBackup/Roms/pcenginecd/Buster Bros. (USA).chd	136037557
/mnt/backups/Games/Roms/Core_Roms/tg-cd/Buster Bros. (USA).chd	/mnt/backups/Games/Roms/handheldbackup/emugames/Roms/pcenginecd/Buster Bros. (USA).chd	136037557
/mnt/backups/Games/Roms/handheldbackup/miyoomini backup/Roms/PS/LEGO Rock Raiders (USA).chd	/mnt/backups/Games/Roms/Archive/PS1/PS1USA/LEGO Rock Raiders (USA).chd	407494424
/mnt/backups/Games/Roms/handheldbackup/RGBackup/PS/Broken Sword Shadow of the Templars The Directo.PBP	/mnt/backups/Games/Roms/handheldbackup/RGCubeBackup/Roms/PS/Broken Sword Shadow of the Templars The Directo.PBP	406629257
/mnt/backups/Games/Roms/handheldbackup/miyoomini backup/Roms/PS/Spyro - Year of the Dragon (USA) (Rev 1).chd	/mnt/backups/Games/Roms/Archive/PS1/PS1USA/Spyro - Year of the Dragon (USA) (Rev 1).chd	405657729
/mnt/backups/Games/Roms/handheldbackup/miyoomini backup/Roms/PS/_hidden/multi-disc/Lunar 2 - Eternal Blue Complete (USA) (Disc 2).chd	/mnt/backups/Games/Roms/Core_Roms/psx/multi-disc/Lunar 2 - Eternal Blue Complete (Disc 2).chd	405632956
/mnt/backups/Games/Roms/handheldbackup/RGBackup/DREAMCAST/Gauntlet Legends (USA).chd	/mnt/backups/Games/Roms/handheldbackup/rg34xxsp_backup/Roms/DREAMCAST/Gauntlet Legends (USA).chd	405424780
/mnt/backups/Games/brickprobackup/Roms/PSP/Heatseeker.iso	/mnt/backups/Games/Roms/Archive/PSP_US_Arquivista/Heatseeker (US).iso	404520960
/mnt/backups/Games/Roms/Core_Roms/neogeocd/Soccer Brawl.chd	/mnt/backups/Games/Roms/handheldbackup/PS Classic/MagnusRCfarewellv2/roms/neogeocd/Soccer Brawl.chd	134595069
/mnt/backups/Games/Roms/Core_Roms/neogeocd/Soccer Brawl.chd	/mnt/backups/Games/Roms/handheldbackup/RGBackup/Roms/neogeocd/Soccer Brawl.chd	134595069
/mnt/backups/Games/Roms/Core_Roms/neogeocd/Soccer Brawl.chd	/mnt/backups/Games/Roms/handheldbackup/emugames/Roms/neogeocd/Soccer Brawl.chd	134595069
/mnt/backups/Games/Roms/handheldbackup/miyoomini backup/Roms/PS/Starblade Alpha (USA).chd	/mnt/backups/Games/Roms/Archive/PS1/PS1USA/Starblade Alpha (USA).chd	403609205
/mnt/backups/Games/Roms/handheldbackup/miyoomini backup/Roms/PS/_hidden/multi-disc/Alone in the Dark - The New Nightmare (USA) (Disc 2).chd	/mnt/backups/Games/Roms/Core_Roms/psx/multi-disc/Alone in the Dark - The New Nightmare (Disc 2).chd	403382529
/mnt/backups/Games/Roms/handheldbackup/miyoomini backup/Roms/PS/_hidden/multi-disc/Driver 2 (USA) (Disc 1).chd	/mnt/backups/Games/Roms/Core_Roms/psx/multi-disc/Driver 2 (USA) (Disc 1) (Rev 1).chd	403360596
/mnt/backups/Games/Roms/handheldbackup/miyoomini backup/Roms/PS/_hidden/multi-disc/Chrono Cross (USA) (Disc 1).chd	/mnt/backups/Games/Roms/Core_Roms/psx/multi-disc/Chrono Cross (Disc 1).chd	403357279
/mnt/backups/Games/Roms/handheldbackup/miyoomini backup/Roms/PS/G-Police - Weapons of Justice (USA).chd	/mnt/backups/Games/Roms/Archive/PS1/PS1USA/G-Police - Weapons of Justice (USA).chd	403167671
/mnt/backups/Games/Roms/Core_Roms/nds/Bleach - Dark Souls.nds	/mnt/backups/Games/Roms/handheldbackup/PS Classic/MagnusRCfarewellv2/roms/nds/Bleach - Dark Souls.nds	134217728
/mnt/backups/Games/Roms/Core_Roms/nds/Bleach - Dark Souls.nds	/mnt/backups/Games/Roms/handheldbackup/RGBackup/Roms/nds/Bleach - Dark Souls.nds	134217728
/mnt/backups/Games/Roms/Core_Roms/nds/Bleach - Dark Souls.nds	/mnt/backups/Games/Roms/handheldbackup/emugames/Roms/nds/Bleach - Dark Souls.nds	134217728
/mnt/backups/Games/Roms/Core_Roms/nds/Bleach - The Blade of Fate.nds	/mnt/backups/Games/Roms/handheldbackup/PS Classic/MagnusRCfarewellv2/roms/nds/Bleach - The Blade of Fate.nds	134217728
/mnt/backups/Games/Roms/Core_Roms/nds/Bleach - The Blade of Fate.nds	/mnt/backups/Games/Roms/handheldbackup/RGBackup/Roms/nds/Bleach - The Blade of Fate.nds	134217728
/mnt/backups/Games/Roms/Core_Roms/nds/Bleach - The Blade of Fate.nds	/mnt/backups/Games/Roms/handheldbackup/emugames/Roms/nds/Bleach - The Blade of Fate.nds	134217728
/mnt/backups/Games/Roms/Core_Roms/nds/Bleach - The 3rd Phantom.nds	/mnt/backups/Games/Roms/handheldbackup/PS Classic/MagnusRCfarewellv2/roms/nds/Bleach - The 3rd Phantom.nds	134217728
/mnt/backups/Games/Roms/Core_Roms/nds/Bleach - The 3rd Phantom.nds	/mnt/backups/Games/Roms/handheldbackup/RGBackup/Roms/nds/Bleach - The 3rd Phantom.nds	134217728
/mnt/backups/Games/Roms/Core_Roms/nds/Bleach - The 3rd Phantom.nds	/mnt/backups/Games/Roms/handheldbackup/emugames/Roms/nds/Bleach - The 3rd Phantom.nds	134217728
/mnt/backups/Games/Roms/Core_Roms/nds/Chrono Trigger.nds	/mnt/backups/Games/Roms/handheldbackup/PS Classic/MagnusRCfarewellv2/roms/nds/Chrono Trigger.nds	134217728
/mnt/backups/Games/Roms/Core_Roms/nds/Chrono Trigger.nds	/mnt/backups/Games/Roms/handheldbackup/RGBackup/Roms/nds/Chrono Trigger.nds	134217728
/mnt/backups/Games/Roms/Core_Roms/nds/Chrono Trigger.nds	/mnt/backups/Games/Roms/handheldbackup/emugames/Roms/nds/Chrono Trigger.nds	134217728
/mnt/backups/Games/Roms/Core_Roms/nds/Dragon Quest Monsters - Joker 2.nds	/mnt/backups/Games/Roms/handheldbackup/PS Classic/MagnusRCfarewellv2/roms/nds/Dragon Quest Monsters - Joker 2.nds	134217728
/mnt/backups/Games/Roms/Core_Roms/nds/Dragon Quest Monsters - Joker 2.nds	/mnt/backups/Games/Roms/handheldbackup/RGBackup/Roms/nds/Dragon Quest Monsters - Joker 2.nds	134217728
/mnt/backups/Games/Roms/Core_Roms/nds/Dragon Quest Monsters - Joker 2.nds	/mnt/backups/Games/Roms/handheldbackup/emugames/Roms/nds/Dragon Quest Monsters - Joker 2.nds	134217728
/mnt/backups/Games/Roms/Core_Roms/nds/Final Fantasy Crystal Chronicles - Echoes of Time.nds	/mnt/backups/Games/Roms/handheldbackup/PS Classic/MagnusRCfarewellv2/roms/nds/Final Fantasy Crystal Chronicles - Echoes of Time.nds	134217728
/mnt/backups/Games/Roms/Core_Roms/nds/Final Fantasy Crystal Chronicles - Echoes of Time.nds	/mnt/backups/Games/Roms/handheldbackup/RGBackup/Roms/nds/Final Fantasy Crystal Chronicles - Echoes of Time.nds	134217728
/mnt/backups/Games/Roms/Core_Roms/nds/Final Fantasy Crystal Chronicles - Echoes of Time.nds	/mnt/backups/Games/Roms/handheldbackup/emugames/Roms/nds/Final Fantasy Crystal Chronicles - Echoes of Time.nds	134217728
/mnt/backups/Games/Roms/Core_Roms/nds/Final Fantasy Crystal Chronicles - Ring of Fates.nds	/mnt/backups/Games/Roms/handheldbackup/PS Classic/MagnusRCfarewellv2/roms/nds/Final Fantasy Crystal Chronicles - Ring of Fates.nds	134217728
/mnt/backups/Games/Roms/Core_Roms/nds/Final Fantasy Crystal Chronicles - Ring of Fates.nds	/mnt/backups/Games/Roms/handheldbackup/RGBackup/Roms/nds/Final Fantasy Crystal Chronicles - Ring of Fates.nds	134217728
/mnt/backups/Games/Roms/Core_Roms/nds/Final Fantasy Crystal Chronicles - Ring of Fates.nds	/mnt/backups/Games/Roms/handheldbackup/emugames/Roms/nds/Final Fantasy Crystal Chronicles - Ring of Fates.nds	134217728
/mnt/backups/Games/Roms/Core_Roms/nds/Final Fantasy IV.nds	/mnt/backups/Games/Roms/handheldbackup/PS Classic/MagnusRCfarewellv2/roms/nds/Final Fantasy IV.nds	134217728
/mnt/backups/Games/Roms/Core_Roms/nds/Final Fantasy IV.nds	/mnt/backups/Games/Roms/handheldbackup/RGBackup/Roms/nds/Final Fantasy IV.nds	134217728
/mnt/backups/Games/Roms/Core_Roms/nds/Final Fantasy IV.nds	/mnt/backups/Games/Roms/handheldbackup/emugames/Roms/nds/Final Fantasy IV.nds	134217728
/mnt/backups/Games/Roms/Core_Roms/nds/Dragon Quest VI - Realms of Revelation.nds	/mnt/backups/Games/Roms/handheldbackup/PS Classic/MagnusRCfarewellv2/roms/nds/Dragon Quest VI - Realms of Revelation.nds	134217728
/mnt/backups/Games/Roms/Core_Roms/nds/Dragon Quest VI - Realms of Revelation.nds	/mnt/backups/Games/Roms/handheldbackup/RGBackup/Roms/nds/Dragon Quest VI - Realms of Revelation.nds	134217728
/mnt/backups/Games/Roms/Core_Roms/nds/Dragon Quest VI - Realms of Revelation.nds	/mnt/backups/Games/Roms/handheldbackup/emugames/Roms/nds/Dragon Quest VI - Realms of Revelation.nds	134217728
/mnt/backups/Games/Roms/Core_Roms/nds/Final Fantasy Tactics A2 - Grimoire of the Rift.nds	/mnt/backups/Games/Roms/handheldbackup/PS Classic/MagnusRCfarewellv2/roms/nds/Final Fantasy Tactics A2 - Grimoire of the Rift.nds	134217728
/mnt/backups/Games/Roms/Core_Roms/nds/Final Fantasy Tactics A2 - Grimoire of the Rift.nds	/mnt/backups/Games/Roms/handheldbackup/RGBackup/Roms/nds/Final Fantasy Tactics A2 - Grimoire of the Rift.nds	134217728
/mnt/backups/Games/Roms/Core_Roms/nds/Final Fantasy Tactics A2 - Grimoire of the Rift.nds	/mnt/backups/Games/Roms/handheldbackup/emugames/Roms/nds/Final Fantasy Tactics A2 - Grimoire of the Rift.nds	134217728
/mnt/backups/Games/Roms/Core_Roms/nds/Dragon Quest V - Hand of the Heavenly Bride.nds	/mnt/backups/Games/Roms/handheldbackup/PS Classic/MagnusRCfarewellv2/roms/nds/Dragon Quest V - Hand of the Heavenly Bride.nds	134217728
/mnt/backups/Games/Roms/Core_Roms/nds/Dragon Quest V - Hand of the Heavenly Bride.nds	/mnt/backups/Games/Roms/handheldbackup/RGBackup/Roms/nds/Dragon Quest V - Hand of the Heavenly Bride.nds	134217728
/mnt/backups/Games/Roms/Core_Roms/nds/Dragon Quest V - Hand of the Heavenly Bride.nds	/mnt/backups/Games/Roms/handheldbackup/emugames/Roms/nds/Dragon Quest V - Hand of the Heavenly Bride.nds	134217728
/mnt/backups/Games/Roms/Core_Roms/nds/Final Fantasy XII - Revenant Wings.nds	/mnt/backups/Games/Roms/handheldbackup/PS Classic/MagnusRCfarewellv2/roms/nds/Final Fantasy XII - Revenant Wings.nds	134217728
/mnt/backups/Games/Roms/Core_Roms/nds/Final Fantasy XII - Revenant Wings.nds	/mnt/backups/Games/Roms/handheldbackup/RGBackup/Roms/nds/Final Fantasy XII - Revenant Wings.nds	134217728
/mnt/backups/Games/Roms/Core_Roms/nds/Final Fantasy XII - Revenant Wings.nds	/mnt/backups/Games/Roms/handheldbackup/emugames/Roms/nds/Final Fantasy XII - Revenant Wings.nds	134217728
/mnt/backups/Games/Roms/Core_Roms/nds/Kirby - Mass Attack.nds	/mnt/backups/Games/Roms/handheldbackup/PS Classic/MagnusRCfarewellv2/roms/nds/Kirby - Mass Attack.nds	134217728
/mnt/backups/Games/Roms/Core_Roms/nds/Kirby - Mass Attack.nds	/mnt/backups/Games/Roms/handheldbackup/RGBackup/Roms/nds/Kirby - Mass Attack.nds	134217728
/mnt/backups/Games/Roms/Core_Roms/nds/Kirby - Mass Attack.nds	/mnt/backups/Games/Roms/handheldbackup/emugames/Roms/nds/Kirby - Mass Attack.nds	134217728
/mnt/backups/Games/Roms/Core_Roms/nds/Kirby - Super Star Ultra.nds	/mnt/backups/Games/Roms/handheldbackup/PS Classic/MagnusRCfarewellv2/roms/nds/Kirby - Super Star Ultra.nds	134217728
/mnt/backups/Games/Roms/Core_Roms/nds/Kirby - Super Star Ultra.nds	/mnt/backups/Games/Roms/handheldbackup/RGBackup/Roms/nds/Kirby - Super Star Ultra.nds	134217728
/mnt/backups/Games/Roms/Core_Roms/nds/Kirby - Super Star Ultra.nds	/mnt/backups/Games/Roms/handheldbackup/emugames/Roms/nds/Kirby - Super Star Ultra.nds	134217728
/mnt/backups/Games/Roms/Core_Roms/nds/Legacy of Ys - Books I & II.nds	/mnt/backups/Games/Roms/handheldbackup/PS Classic/MagnusRCfarewellv2/roms/nds/Legacy of Ys - Books I & II.nds	134217728
/mnt/backups/Games/Roms/Core_Roms/nds/Legacy of Ys - Books I & II.nds	/mnt/backups/Games/Roms/handheldbackup/RGBackup/Roms/nds/Legacy of Ys - Books I & II.nds	134217728
/mnt/backups/Games/Roms/Core_Roms/nds/Legacy of Ys - Books I & II.nds	/mnt/backups/Games/Roms/handheldbackup/emugames/Roms/nds/Legacy of Ys - Books I & II.nds	134217728
/mnt/backups/Games/Roms/Core_Roms/nds/Legend of Spyro - Dawn of the Dragon.nds	/mnt/backups/Games/Roms/handheldbackup/PS Classic/MagnusRCfarewellv2/roms/nds/Legend of Spyro - Dawn of the Dragon.nds	134217728
/mnt/backups/Games/Roms/Core_Roms/nds/Legend of Spyro - Dawn of the Dragon.nds	/mnt/backups/Games/Roms/handheldbackup/RGBackup/Roms/nds/Legend of Spyro - Dawn of the Dragon.nds	134217728
/mnt/backups/Games/Roms/Core_Roms/nds/Legend of Spyro - Dawn of the Dragon.nds	/mnt/backups/Games/Roms/handheldbackup/emugames/Roms/nds/Legend of Spyro - Dawn of the Dragon.nds	134217728
/mnt/backups/Games/Roms/Core_Roms/nds/Mario & Luigi - Bowser's Inside Story.nds	/mnt/backups/Games/Roms/handheldbackup/PS Classic/MagnusRCfarewellv2/roms/nds/Mario & Luigi - Bowser's Inside Story.nds	134217728
/mnt/backups/Games/Roms/Core_Roms/nds/Mario & Luigi - Bowser's Inside Story.nds	/mnt/backups/Games/Roms/handheldbackup/RGBackup/Roms/nds/Mario & Luigi - Bowser's Inside Story.nds	134217728
/mnt/backups/Games/Roms/Core_Roms/nds/Mario & Luigi - Bowser's Inside Story.nds	/mnt/backups/Games/Roms/handheldbackup/emugames/Roms/nds/Mario & Luigi - Bowser's Inside Story.nds	134217728
/mnt/backups/Games/Roms/Core_Roms/nds/WarioWare - D.I.Y..nds	/mnt/backups/Games/Roms/handheldbackup/PS Classic/MagnusRCfarewellv2/roms/nds/WarioWare - D.I.Y..nds	134217728
/mnt/backups/Games/Roms/Core_Roms/nds/WarioWare - D.I.Y..nds	/mnt/backups/Games/Roms/handheldbackup/RGBackup/Roms/nds/WarioWare - D.I.Y..nds	134217728
/mnt/backups/Games/Roms/Core_Roms/nds/WarioWare - D.I.Y..nds	/mnt/backups/Games/Roms/handheldbackup/emugames/Roms/nds/WarioWare - D.I.Y..nds	134217728
/mnt/backups/Games/Roms/Core_Roms/nds/Zelda - Spirit Tracks.nds	/mnt/backups/Games/Roms/handheldbackup/PS Classic/MagnusRCfarewellv2/roms/nds/Zelda - Spirit Tracks.nds	134217728
/mnt/backups/Games/Roms/Core_Roms/nds/Zelda - Spirit Tracks.nds	/mnt/backups/Games/Roms/handheldbackup/RGBackup/Roms/nds/Zelda - Spirit Tracks.nds	134217728
/mnt/backups/Games/Roms/Core_Roms/nds/Zelda - Spirit Tracks.nds	/mnt/backups/Games/Roms/handheldbackup/emugames/Roms/nds/Zelda - Spirit Tracks.nds	134217728
/mnt/backups/Games/Roms/handheldbackup/miyoomini backup/Roms/PS/_hidden/multi-disc/Heart of Darkness (USA) (Disc 2).chd	/mnt/backups/Games/Roms/Core_Roms/psx/multi-disc/Heart of Darkness (Disc 2).chd	401649035
/mnt/backups/Games/Roms/handheldbackup/miyoomini backup/Roms/PS/Rayman 2 - The Great Escape (USA) (En,Fr,Es).chd	/mnt/backups/Games/Roms/Archive/PS1/PS1USA/Rayman 2 - The Great Escape (USA) (En,Fr,Es).chd	400269425
/mnt/backups/Games/Roms/handheldbackup/miyoomini backup/Roms/PS/Shipwreckers! (USA).chd	/mnt/backups/Games/Roms/Core_Roms/psx/Shipwreckers! (USA).chd	400088082
/mnt/backups/Games/Roms/handheldbackup/miyoomini backup/Roms/PS/Gauntlet Legends (USA).chd	/mnt/backups/Games/Roms/Archive/PS1/PS1USA/Gauntlet Legends (USA).chd	399643948
/mnt/backups/Games/Roms/handheldbackup/miyoomini backup/Roms/PS/Harry Potter and the Sorcerer's Stone (USA).chd	/mnt/backups/Games/Roms/Core_Roms/psx/Harry Potter and the Sorcerer's Stone.chd	399405239
/mnt/backups/Games/Roms/Core_Roms/psx/Legacy of Kain - Soul Reaver (USA).chd	/mnt/backups/Games/Roms/handheldbackup/miyoomini backup/Roms/PS/Legacy of Kain - Soul Reaver (USA).chd	399165582
/mnt/backups/Games/Roms/handheldbackup/miyoomini backup/Roms/PS/Disney's Aladdin in Nasira's Revenge (USA).chd	/mnt/backups/Games/Roms/Archive/PS1/PS1USA/Disney's Aladdin in Nasira's Revenge (USA).chd	398656583
/mnt/backups/Games/Roms/handheldbackup/miyoomini backup/Roms/PS/RayStorm (USA).chd	/mnt/backups/Games/Roms/Core_Roms/psx/RayStorm (USA).chd	398485903
/mnt/backups/Games/Roms/handheldbackup/miyoomini backup/Roms/PS/CART World Series (USA).chd	/mnt/backups/Games/Roms/Archive/PS1/PS1USA/CART World Series (USA).chd	397819024
/mnt/backups/Games/Roms/handheldbackup/miyoomini backup/Roms/PS/Gubble (USA).chd	/mnt/backups/Games/Roms/Archive/PS1/PS1USA/Gubble (USA).chd	397140229
/mnt/backups/Games/ScummVM/SVN/Leisure Suit Larry 7 - Love for Sail (CD DOS)/RESOURCE.AUD	/mnt/backups/Games/Roms/handheldbackup/miyoomini backup/Roms/SCUMMVM/Leisure Suit Larry 7 - Love for Sail/RESOURCE.AUD	397103899
/mnt/backups/Games/Roms/handheldbackup/miyoomini backup/Roms/PS/Turbo Prop Racing (USA).chd	/mnt/backups/Games/Roms/Archive/PS1/PS1USA/Turbo Prop Racing (USA).chd	397004174
/mnt/backups/Games/Roms/handheldbackup/miyoomini backup/Roms/PS/_hidden/multi-disc/Final Fantasy IX (USA) (Disc 4) (Rev 1).chd	/mnt/backups/Games/Roms/Archive/PS1/PS1USA/Final Fantasy IX (USA) (Disc 4) (Rev 1).chd	396838588
/mnt/backups/Games/Roms/handheldbackup/PS Classic/MagnusRCfarewellv2/roms/pcenginecd/Down Load 2 (Japan).chd	/mnt/backups/Games/Roms/handheldbackup/RGBackup/Roms/pcenginecd/Down Load 2 (Japan).chd	198257018
/mnt/backups/Games/Roms/handheldbackup/PS Classic/MagnusRCfarewellv2/roms/pcenginecd/Down Load 2 (Japan).chd	/mnt/backups/Games/Roms/handheldbackup/emugames/Roms/pcenginecd/Down Load 2 (Japan).chd	198257018
/mnt/backups/Games/Roms/Core_Roms/psp/Final Fantasy - 20th Anniversary Edition (US).iso	/mnt/backups/Games/Roms/handheldbackup/RGBackup/Roms/psp/Final Fantasy - 20th Anniversary Edition (US).iso	198115328
/mnt/backups/Games/Roms/Core_Roms/psp/Final Fantasy - 20th Anniversary Edition (US).iso	/mnt/backups/Games/Roms/handheldbackup/emugames/Roms/psp/Final Fantasy - 20th Anniversary Edition (US).iso	198115328
/mnt/backups/Games/Roms/Core_Roms/atomiswave/ggisuka.zip	/mnt/backups/Games/Roms/handheldbackup/PS Classic/MagnusRCfarewellv2/roms/atomiswave/ggisuka.zip	132043740
/mnt/backups/Games/Roms/Core_Roms/atomiswave/ggisuka.zip	/mnt/backups/Games/Roms/handheldbackup/RGBackup/Roms/atomiswave/ggisuka.zip	132043740
/mnt/backups/Games/Roms/Core_Roms/atomiswave/ggisuka.zip	/mnt/backups/Games/Roms/handheldbackup/emugames/Roms/atomiswave/ggisuka.zip	132043740
/mnt/backups/Games/Roms/handheldbackup/miyoomini backup/Roms/PS/Spot Goes to Hollywood (USA).chd	/mnt/backups/Games/Roms/Archive/PS1/PS1USA/Spot Goes to Hollywood (USA).chd	395998101
/mnt/backups/Games/Roms/handheldbackup/miyoomini backup/Roms/PS/_hidden/multi-disc/Lunar - Silver Star Story Complete (USA) (Disc 1).chd	/mnt/backups/Games/Roms/Core_Roms/psx/multi-disc/Lunar - Silver Star Story Complete (Disc 1).chd	395598897
/mnt/backups/Games/Roms/Core_Roms/psx/WWF In Your House (USA) (v1.1).chd	/mnt/backups/Games/Roms/handheldbackup/PS Classic/MagnusRCfarewellv2/roms/psx/WWF In Your House (USA) (v1.1).chd	131584702
/mnt/backups/Games/Roms/Core_Roms/psx/WWF In Your House (USA) (v1.1).chd	/mnt/backups/Games/Roms/handheldbackup/RGBackup/Roms/psx/WWF In Your House (USA) (v1.1).chd	131584702
/mnt/backups/Games/Roms/Core_Roms/psx/WWF In Your House (USA) (v1.1).chd	/mnt/backups/Games/Roms/handheldbackup/emugames/Roms/psx/WWF In Your House (USA) (v1.1).chd	131584702
/mnt/backups/Games/Roms/handheldbackup/miyoomini backup/Roms/PS/Crash Bandicoot 2 - Cortex Strikes Back (USA).chd	/mnt/backups/Games/Roms/Core_Roms/psx/Crash Bandicoot 2 - Cortex Strikes Back (USA).chd	98488746
/mnt/backups/Games/Roms/handheldbackup/miyoomini backup/Roms/PS/Crash Bandicoot 2 - Cortex Strikes Back (USA).chd	/mnt/backups/Games/Roms/handheldbackup/PS Classic/MagnusRCfarewellv2/roms/psx/Crash Bandicoot 2 - Cortex Strikes Back (USA).chd	98488746
/mnt/backups/Games/Roms/handheldbackup/miyoomini backup/Roms/PS/Crash Bandicoot 2 - Cortex Strikes Back (USA).chd	/mnt/backups/Games/Roms/handheldbackup/RGBackup/Roms/psx/Crash Bandicoot 2 - Cortex Strikes Back (USA).chd	98488746
/mnt/backups/Games/Roms/handheldbackup/miyoomini backup/Roms/PS/Crash Bandicoot 2 - Cortex Strikes Back (USA).chd	/mnt/backups/Games/Roms/handheldbackup/emugames/Roms/psx/Crash Bandicoot 2 - Cortex Strikes Back (USA).chd	98488746
/mnt/backups/Games/Roms/handheldbackup/miyoomini backup/Roms/PS/Syphon Filter 3 (USA).chd	/mnt/backups/Games/Roms/Archive/PS1/PS1USA/Syphon Filter 3 (USA).chd	393132921
/mnt/backups/Games/Roms/handheldbackup/miyoomini backup/Roms/PS/Darkstone (USA).chd	/mnt/backups/Games/Roms/Archive/PS1/PS1USA/Darkstone (USA).chd	393044462
/mnt/backups/Games/Roms/handheldbackup/miyoomini backup/Roms/PS/Fighting Force (USA) (Rev 2).chd	/mnt/backups/Games/Roms/Archive/PS1/PS1USA/Fighting Force (USA) (Rev 2).chd	392286401
/mnt/backups/Games/Roms/handheldbackup/miyoomini backup/Roms/PS/_hidden/multi-disc/Chrono Cross (USA) (Disc 2).chd	/mnt/backups/Games/Roms/Core_Roms/psx/multi-disc/Chrono Cross (Disc 2).chd	390327286
/mnt/backups/Games/Roms/Core_Roms/neogeocd/Super Sidekicks.chd	/mnt/backups/Games/Roms/handheldbackup/PS Classic/MagnusRCfarewellv2/roms/neogeocd/Super Sidekicks.chd	130098426
/mnt/backups/Games/Roms/Core_Roms/neogeocd/Super Sidekicks.chd	/mnt/backups/Games/Roms/handheldbackup/RGBackup/Roms/neogeocd/Super Sidekicks.chd	130098426
/mnt/backups/Games/Roms/Core_Roms/neogeocd/Super Sidekicks.chd	/mnt/backups/Games/Roms/handheldbackup/emugames/Roms/neogeocd/Super Sidekicks.chd	130098426
/mnt/backups/Games/Roms/Core_Roms/openbor/Double Dragon Reloaded Alternate/Paks/Double Dragon Reloaded Alternate.pak	/mnt/backups/Games/Roms/handheldbackup/PS Classic/MagnusRCfarewellv2/roms/OpenBOR/Double Dragon Reloaded Alternate/Paks/Double Dragon Reloaded Alternate.pak	129266620
/mnt/backups/Games/Roms/Core_Roms/openbor/Double Dragon Reloaded Alternate/Paks/Double Dragon Reloaded Alternate.pak	/mnt/backups/Games/Roms/handheldbackup/RGBackup/Roms/openbor/Double Dragon Reloaded Alternate/Paks/Double Dragon Reloaded Alternate.pak	129266620
/mnt/backups/Games/Roms/Core_Roms/openbor/Double Dragon Reloaded Alternate/Paks/Double Dragon Reloaded Alternate.pak	/mnt/backups/Games/Roms/handheldbackup/emugames/Roms/openbor/Double Dragon Reloaded Alternate/Paks/Double Dragon Reloaded Alternate.pak	129266620
/mnt/backups/Games/Roms/Core_Roms/psx/Twisted Metal - Small Brawl (USA).chd	/mnt/backups/Games/Roms/handheldbackup/RGBackup/Roms/psx/Twisted Metal - Small Brawl (USA).chd	193668755
/mnt/backups/Games/Roms/Core_Roms/psx/Twisted Metal - Small Brawl (USA).chd	/mnt/backups/Games/Roms/handheldbackup/emugames/Roms/psx/Twisted Metal - Small Brawl (USA).chd	193668755
/mnt/backups/Games/Roms/handheldbackup/miyoomini backup/Roms/PS/Rival Schools - United by Fate (USA) (Disc 1) (Arcade Disc).chd	/mnt/backups/Games/Roms/Core_Roms/psx/multi-disc/Rival Schools - United by Fate (Disc 1).chd	386984070
/mnt/backups/Games/brickprobackup/Roms/PS/Rampage 2 - Universal Tour (USA).bin	/mnt/backups/Games/brickprobackup/Roms/PS/Rampage 2 - Universal Tour [U] [SLUS-00742].bin	386892240
/mnt/backups/Games/Roms/Core_Roms/neogeocd/Last Hope.chd	/mnt/backups/Games/Roms/handheldbackup/PS Classic/MagnusRCfarewellv2/roms/neogeocd/Last Hope.chd	128870497
/mnt/backups/Games/Roms/Core_Roms/neogeocd/Last Hope.chd	/mnt/backups/Games/Roms/handheldbackup/RGBackup/Roms/neogeocd/Last Hope.chd	128870497
/mnt/backups/Games/Roms/Core_Roms/neogeocd/Last Hope.chd	/mnt/backups/Games/Roms/handheldbackup/emugames/Roms/neogeocd/Last Hope.chd	128870497
/mnt/backups/Games/Roms/Core_Roms/psp/Dead to Rights - Reckoning (US).iso	/mnt/backups/Games/Roms/handheldbackup/RGBackup/Roms/psp/Dead to Rights - Reckoning (US).iso	193167360
/mnt/backups/Games/Roms/Core_Roms/psp/Dead to Rights - Reckoning (US).iso	/mnt/backups/Games/Roms/handheldbackup/emugames/Roms/psp/Dead to Rights - Reckoning (US).iso	193167360
/mnt/backups/Games/Roms/handheldbackup/RGBackup/PS/R4 Ridge Racer Type 4.PBP	/mnt/backups/Games/Roms/handheldbackup/RGCubeBackup/Roms/PS/R4 Ridge Racer Type 4.PBP	385166585
/mnt/backups/Games/Roms/Core_Roms/psx/Resident Evil 2.chd	/mnt/backups/Games/Roms/Core_Roms/psx/multi-disc/Resident Evil 2 (Disc 1).chd	385142437
/mnt/backups/Games/brickprobackup/Roms/PS/Ridge Racer 1.PBP	/mnt/backups/Games/brickprobackup/Roms/PS/Ridge Racer 4.PBP	385052208
/mnt/backups/Games/Roms/handheldbackup/miyoomini backup/Roms/PS/Spider-Man (USA).chd	/mnt/backups/Games/Roms/Archive/PS1/PS1USA/Spider-Man (USA).chd	384639537
/mnt/backups/Games/Roms/handheldbackup/miyoomini backup/Roms/PS/Colony Wars - Red Sun (USA).chd	/mnt/backups/Games/Roms/Archive/PS1/PS1USA/Colony Wars - Red Sun (USA).chd	383861613
/mnt/backups/Games/Roms/handheldbackup/miyoomini backup/Roms/PS/Time Commando (USA).chd	/mnt/backups/Games/Roms/Archive/PS1/PS1USA/Time Commando (USA).chd	382634866
/mnt/backups/Games/Roms/handheldbackup/RGBackup/PS/Rockman X6.PBP	/mnt/backups/Games/Roms/handheldbackup/RGCubeBackup/Roms/PS/Rockman X6.PBP	381677161
/mnt/backups/Games/Roms/handheldbackup/miyoomini backup/Roms/PS/Mega Man X4 (USA).chd	/mnt/backups/Games/Roms/Core_Roms/psx/Mega Man X4 (USA).chd	380622493
/mnt/backups/Games/Roms/Core_Roms/psx/Tenchu - Stealth Assassins (USA).chd	/mnt/backups/Games/Roms/handheldbackup/miyoomini backup/Roms/PS/Tenchu - Stealth Assassins (USA) (Rev 1).chd	380028434
/mnt/backups/Games/Roms/handheldbackup/miyoomini backup/Roms/PS/_hidden/multi-disc/Xenogears (USA) (Disc 2).chd	/mnt/backups/Games/Roms/Archive/PS1/PS1USA/Xenogears (USA) (Disc 2).chd	380024950
/mnt/backups/Games/Roms/Core_Roms/psx/Grand Theft Auto 2 (USA).chd	/mnt/backups/Games/Roms/handheldbackup/RGCubeBackup/Roms/PS/Grand Theft Auto 2 (USA).chd	379649413
/mnt/backups/Games/Roms/Core_Roms/naomi/monkeyba/gds-0008.chd	/mnt/backups/Games/Roms/handheldbackup/PS Classic/MagnusRCfarewellv2/roms/naomi/monkeyba/gds-0008.chd	126507494
/mnt/backups/Games/Roms/Core_Roms/naomi/monkeyba/gds-0008.chd	/mnt/backups/Games/Roms/handheldbackup/RGBackup/Roms/naomi/monkeyba/gds-0008.chd	126507494
/mnt/backups/Games/Roms/Core_Roms/naomi/monkeyba/gds-0008.chd	/mnt/backups/Games/Roms/handheldbackup/emugames/Roms/naomi/monkeyba/gds-0008.chd	126507494
/mnt/backups/Games/Roms/handheldbackup/miyoomini backup/Roms/PS/KKND Krossfire (Europe).chd	/mnt/backups/Games/Roms/Region_Sorted/psx/Europe/KKND Krossfire (Europe).chd	379516022
/mnt/backups/Games/Roms/Core_Roms/psx/Syphon Filter (USA).chd	/mnt/backups/Games/Roms/handheldbackup/miyoomini backup/Roms/PS/Syphon Filter (USA) (Rev 1).chd	377373186
/mnt/backups/Games/Roms/handheldbackup/miyoomini backup/Roms/PS/_hidden/multi-disc/Star Ocean - The Second Story (USA) (Disc 1).chd	/mnt/backups/Games/Roms/Core_Roms/psx/multi-disc/Star Ocean - The Second Story (Disc 1).chd	377214641
/mnt/backups/Games/Roms/handheldbackup/miyoomini backup/Roms/PS/Disney's The Emperor's New Groove (USA).chd	/mnt/backups/Games/Roms/Archive/PS1/PS1USA/Disney's The Emperor's New Groove (USA).chd	377023242
/mnt/backups/Games/Roms/handheldbackup/PS Classic/MagnusRCfarewellv2/roms/tg-cd/Fantasy Star Soldier [U][SCD][Inter State][prototype][PCE][squaresoft74].chd	/mnt/backups/Games/Roms/handheldbackup/miyoomini backup/Roms/PCECD/Fantasy Star Soldier (Prototype) (Hudson Soft)(U).chd	377003527
/mnt/backups/Games/Roms/handheldbackup/miyoomini backup/Roms/PS/40 Winks (USA).chd	/mnt/backups/Games/Roms/Archive/PS1/PS1USA/40 Winks (USA).chd	376778460
/mnt/backups/Games/Roms/handheldbackup/miyoomini backup/Roms/PS/FIFA - Road to World Cup 98 (USA) (En,Fr,De,Es,Nl,Sv).chd	/mnt/backups/Games/Roms/Core_Roms/psx/FIFA - Road to World Cup 98 (USA) (En,Fr,De,Es,Nl,Sv).chd	376660635
/mnt/backups/Games/Roms/handheldbackup/miyoomini backup/Roms/PS/Warhawk - The Red Mercury Missions (USA).chd	/mnt/backups/Games/Roms/Archive/PS1/PS1USA/Warhawk - The Red Mercury Missions (USA).chd	376610000
/mnt/backups/Games/Roms/handheldbackup/miyoomini backup/Roms/PS/Digimon World 3 (USA).chd	/mnt/backups/Games/Roms/Archive/PS1/PS1USA/Digimon World 3 (USA).chd	376570073
/mnt/backups/Games/Roms/Archive/mame/MAME 0.145 CHDS/hyprdriv/hyprdriv.chd	/mnt/backups/Games/Roms/Archive/mame/MAME.0.145.Full.Roms.Set.Collection.Including.Extras.and.CHD.Roms.DVD.29.of.65-oNePiEcE/MAME 0.145 CHDS/hyprdriv/hyprdriv.chd	376355762
/mnt/backups/Games/Roms/handheldbackup/miyoomini backup/Roms/PS/Formula 1 (USA).chd	/mnt/backups/Games/Roms/Archive/PS1/PS1USA/Formula 1 (USA) (Rev 1).chd	376240942
/mnt/backups/Games/Roms/handheldbackup/miyoomini backup/Roms/PS/Jade Cocoon - Story of the Tamamayu (USA).chd	/mnt/backups/Games/Roms/Archive/PS1/PS1USA/Jade Cocoon - Story of the Tamamayu (USA).chd	376151041
/mnt/backups/Games/Roms/handheldbackup/miyoomini backup/Roms/PS/_hidden/multi-disc/Alone in the Dark - The New Nightmare (USA) (Disc 1).chd	/mnt/backups/Games/Roms/Core_Roms/psx/multi-disc/Alone in the Dark - The New Nightmare (Disc 1).chd	375904839
/mnt/backups/Games/Roms/handheldbackup/miyoomini backup/Roms/PS/_hidden/multi-disc/Dracula - The Last Sanctuary (USA) (Disc 2).chd	/mnt/backups/Games/Roms/Archive/PS1/PS1USA/Dracula - The Last Sanctuary (USA) (Disc 2).chd	375248769
/mnt/backups/Games/Roms/handheldbackup/miyoomini backup/Roms/PS/_hidden/multi-disc/Final Fantasy IX (USA) (Disc 3) (Rev 1).chd	/mnt/backups/Games/Roms/Archive/PS1/PS1USA/Final Fantasy IX (USA) (Disc 3) (Rev 1).chd	375242185
/mnt/backups/Games/Roms/handheldbackup/miyoomini backup/Roms/PS/_hidden/multi-disc/Resident Evil 2 (USA) (Disc 2).chd	/mnt/backups/Games/Roms/Archive/PS1/PS1USA/Resident Evil 2 (USA) (Disc 2).chd	375107924
/mnt/backups/Games/Roms/handheldbackup/miyoomini backup/Roms/PS/Mission - Impossible (USA).chd	/mnt/backups/Games/Roms/Archive/PS1/PS1USA/Mission - Impossible (USA) (En,Fr,Es).chd	374997378
/mnt/backups/Games/Roms/handheldbackup/miyoomini backup/Roms/PS/Triple Play Baseball (USA).chd	/mnt/backups/Games/Roms/Archive/PS1/PS1USA/Triple Play Baseball (USA).chd	374641426
/mnt/backups/Games/Roms/handheldbackup/miyoomini backup/Roms/PS/Rollcage Stage II (USA).chd	/mnt/backups/Games/Roms/Archive/PS1/PS1USA/Rollcage Stage II (USA).chd	374355836
/mnt/backups/Games/Roms/handheldbackup/miyoomini backup/Roms/PS/Vigilante 8 (USA) (v1.1).chd	/mnt/backups/Games/Roms/Archive/PS1/PS1USA/Vigilante 8 (USA) (Rev 1).chd	373330019
/mnt/backups/Games/Roms/handheldbackup/miyoomini backup/Roms/PS/_hidden/multi-disc/Tales of Destiny II (USA) (Disc 2).chd	/mnt/backups/Games/Roms/Archive/PS1/PS1USA/Tales of Destiny II (USA) (Disc 2).chd	372556240
/mnt/backups/Games/Roms/Core_Roms/neogeocd/Baseball Stars Professional.chd	/mnt/backups/Games/Roms/handheldbackup/PS Classic/MagnusRCfarewellv2/roms/neogeocd/Baseball Stars Professional.chd	124071524
/mnt/backups/Games/Roms/Core_Roms/neogeocd/Baseball Stars Professional.chd	/mnt/backups/Games/Roms/handheldbackup/RGBackup/Roms/neogeocd/Baseball Stars Professional.chd	124071524
/mnt/backups/Games/Roms/Core_Roms/neogeocd/Baseball Stars Professional.chd	/mnt/backups/Games/Roms/handheldbackup/emugames/Roms/neogeocd/Baseball Stars Professional.chd	124071524
/mnt/backups/Games/Roms/handheldbackup/miyoomini backup/Roms/PS/Armored Core - Project Phantasma (USA).chd	/mnt/backups/Games/Roms/handheldbackup/rg34xxsp_backup/Roms/PS/Armored Core - Project Phantasma (USA).chd	185937997
/mnt/backups/Games/Roms/handheldbackup/miyoomini backup/Roms/PS/Armored Core - Project Phantasma (USA).chd	/mnt/backups/Games/Roms/Core_Roms/psx/Armored Core - Project Phantasma (USA).chd	185937997
/mnt/backups/Games/Roms/Core_Roms/dreamcast/Tennis 2K2 (USA) (En,Ja,Fr,De,Es) (Rev A).chd	/mnt/backups/Games/Roms/handheldbackup/RGBackup/Roms/dreamcast/Tennis 2K2 (USA) (En,Ja,Fr,De,Es) (Rev A).chd	185425917
/mnt/backups/Games/Roms/Core_Roms/dreamcast/Tennis 2K2 (USA) (En,Ja,Fr,De,Es) (Rev A).chd	/mnt/backups/Games/Roms/handheldbackup/emugames/Roms/dreamcast/Tennis 2K2 (USA) (En,Ja,Fr,De,Es) (Rev A).chd	185425917
/mnt/backups/Games/Roms/handheldbackup/miyoomini backup/Roms/PS/_hidden/multi-disc/Legend of Dragoon, The (USA) (Disc 4).chd	/mnt/backups/Games/Roms/Core_Roms/psx/multi-disc/Legend of Dragoon, The (Disc 4).chd	370586182
/mnt/backups/Games/Roms/handheldbackup/miyoomini backup/Roms/PS/_hidden/multi-disc/Resident Evil 2 (USA) (Disc 1).chd	/mnt/backups/Games/Roms/Archive/PS1/PS1USA/Resident Evil 2 (USA) (Disc 1).chd	370565413
/mnt/backups/Games/Roms/handheldbackup/miyoomini backup/Roms/PS/G. Darius (USA).chd	/mnt/backups/Games/Roms/Core_Roms/psx/G-Darius.chd	370259771
/mnt/backups/Games/Roms/handheldbackup/miyoomini backup/Roms/PS/Jeopardy! (USA).chd	/mnt/backups/Games/Roms/Archive/PS1/PS1USA/Jeopardy! (USA).chd	369590473
/mnt/backups/Games/Roms/handheldbackup/miyoomini backup/Roms/PS/Mega Man X6 (USA) (Rev 1).chd	/mnt/backups/Games/Roms/Archive/PS1/PS1USA/Mega Man X6 (USA) (Rev 1).chd	368634457
/mnt/backups/Games/Roms/handheldbackup/RGBackup/PS/Tales of Destiny.PBP	/mnt/backups/Games/Roms/handheldbackup/RGCubeBackup/Roms/PS/Tales of Destiny.PBP	368523833
/mnt/backups/Games/Roms/handheldbackup/miyoomini backup/Roms/PS/Super Puzzle Fighter II Turbo (USA).chd	/mnt/backups/Games/Roms/Archive/PS1/PS1USA/Super Puzzle Fighter II Turbo (USA).chd	368054595
/mnt/backups/Games/Roms/handheldbackup/RGBackup/PS/Dino Crisis 2.PBP	/mnt/backups/Games/Roms/handheldbackup/RGCubeBackup/Roms/PS/Dino Crisis 2.PBP	367879865
/mnt/backups/Games/Roms/handheldbackup/miyoomini backup/Roms/PS/Alundra 2 - A New Legend Begins (USA).chd	/mnt/backups/Games/Roms/Archive/PS1/PS1USA/Alundra 2 - A New Legend Begins (USA).chd	366800638
/mnt/backups/Games/Roms/Core_Roms/dreamcast/Cannon Spike (USA).chd	/mnt/backups/Games/Roms/handheldbackup/PS Classic/MagnusRCfarewellv2/roms/dreamcast/Cannon Spike (USA).chd	122219997
/mnt/backups/Games/Roms/Core_Roms/dreamcast/Cannon Spike (USA).chd	/mnt/backups/Games/Roms/handheldbackup/RGBackup/Roms/dreamcast/Cannon Spike (USA).chd	122219997
/mnt/backups/Games/Roms/Core_Roms/dreamcast/Cannon Spike (USA).chd	/mnt/backups/Games/Roms/handheldbackup/emugames/Roms/dreamcast/Cannon Spike (USA).chd	122219997
/mnt/backups/Games/Roms/handheldbackup/miyoomini backup/Roms/PS/Codename - Tenka (USA).chd	/mnt/backups/Games/Roms/Archive/PS1/PS1USA/Codename - Tenka (USA) (Rev 1).chd	365350002
/mnt/backups/Games/Roms/handheldbackup/miyoomini backup/Roms/PS/Ultimate 8 Ball (USA).chd	/mnt/backups/Games/Roms/Archive/PS1/PS1USA/Ultimate 8 Ball (USA).chd	364617719
/mnt/backups/Games/Roms/Core_Roms/neogeocd/Windjammers.chd	/mnt/backups/Games/Roms/handheldbackup/PS Classic/MagnusRCfarewellv2/roms/neogeocd/Windjammers.chd	121494536
/mnt/backups/Games/Roms/Core_Roms/neogeocd/Windjammers.chd	/mnt/backups/Games/Roms/handheldbackup/RGBackup/Roms/neogeocd/Windjammers.chd	121494536
/mnt/backups/Games/Roms/Core_Roms/neogeocd/Windjammers.chd	/mnt/backups/Games/Roms/handheldbackup/emugames/Roms/neogeocd/Windjammers.chd	121494536
/mnt/backups/Games/Roms/handheldbackup/miyoomini backup/Roms/PS/N-Gen Racing (USA).chd	/mnt/backups/Games/Roms/Archive/PS1/PS1USA/N-Gen Racing (USA).chd	364447201
/mnt/backups/Games/Roms/handheldbackup/miyoomini backup/Roms/PS/_hidden/multi-disc/Colony Wars (USA) (Disc 1).chd	/mnt/backups/Games/Roms/Archive/PS1/PS1USA/Colony Wars (USA) (Disc 1).chd	363998298
/mnt/backups/Games/Roms/handheldbackup/miyoomini backup/Roms/PS/Z (Europe).chd	/mnt/backups/Games/Roms/Region_Sorted/psx/Europe/Z (Europe).chd	363472493
/mnt/backups/Games/Roms/handheldbackup/miyoomini backup/Roms/PS/Colony Wars - Vengeance (USA).chd	/mnt/backups/Games/Roms/Core_Roms/psx/Colony Wars - Vengeance.chd	362963641
/mnt/backups/Games/Roms/handheldbackup/PS Classic/MagnusRCfarewellv2/retroarch/apps/hypseus_singe/vldp_dl/badlands/badlands-r.m2v	/mnt/backups/Games/Roms/handheldbackup/miyoomini backup/Roms/DAPHNE/framefile/badlands.daphne/badlands-r.m2v	362391652
/mnt/backups/BlurrBackup/20250813_backup/Downloads/ISOs/openSUSE-Tumbleweed-NET-x86_64-Snapshot20250604-Media.iso	/mnt/backups/ISOs/openSUSE-Tumbleweed-NET-x86_64-Snapshot20250604-Media.iso	361758720
/mnt/backups/Games/Roms/handheldbackup/miyoomini backup/Roms/PS/Legend of Mana (USA).chd	/mnt/backups/Games/Roms/Archive/PS1/PS1USA/Legend of Mana (USA).chd	360989972
/mnt/backups/Games/Roms/handheldbackup/miyoomini backup/Roms/PS/Croc - Legend of the Gobbos (USA).chd	/mnt/backups/Games/Roms/Core_Roms/psx/Croc - Legend of the Gobbos.chd	360362838
/mnt/backups/Games/Roms/handheldbackup/miyoomini backup/Roms/PS/Jet Moto 2 - Championship Edition (USA).chd	/mnt/backups/Games/Roms/Archive/PS1/PS1USA/Jet Moto 2 - Championship Edition (USA).chd	359186531
/mnt/backups/Games/Roms/Core_Roms/psx/multi-disc/R4 - Ridge Racer Type 4 (USA) (Disc 1).chd	/mnt/backups/Games/Roms/handheldbackup/miyoomini backup/Roms/PS/R4 - Ridge Racer Type 4 (USA).chd	357680101
/mnt/backups/Games/Roms/handheldbackup/miyoomini backup/Roms/PS/_hidden/multi-disc/Xenogears (USA) (Disc 1).chd	/mnt/backups/Games/Roms/Core_Roms/psx/multi-disc/Xenogears (Disc 1).chd	357651775
/mnt/backups/Games/Roms/handheldbackup/miyoomini backup/Roms/PS/King's Field II (USA).chd	/mnt/backups/Games/Roms/Archive/PS1/PS1USA/King's Field II (USA).chd	355804547
/mnt/backups/Games/Roms/handheldbackup/miyoomini backup/Roms/SCUMMVM/Gabriel Knight Sins Of The Fathers/AUD/RESOURCE.AUD	/mnt/backups/Games/Gabriel Knight/AUD/RESOURCE.AUD	354272859
/mnt/backups/Games/Roms/handheldbackup/miyoomini backup/Roms/PS/Soul Blade (USA).chd	/mnt/backups/Games/Roms/Core_Roms/psx/Soul Blade (USA).chd	354190459
/mnt/backups/Games/Roms/Core_Roms/atomiswave/fotns.zip	/mnt/backups/Games/Roms/handheldbackup/PS Classic/MagnusRCfarewellv2/roms/atomiswave/fotns.zip	117706091
/mnt/backups/Games/Roms/Core_Roms/atomiswave/fotns.zip	/mnt/backups/Games/Roms/handheldbackup/RGBackup/Roms/atomiswave/fotns.zip	117706091
/mnt/backups/Games/Roms/Core_Roms/atomiswave/fotns.zip	/mnt/backups/Games/Roms/handheldbackup/emugames/Roms/atomiswave/fotns.zip	117706091
/mnt/backups/Games/Roms/handheldbackup/miyoomini backup/Roms/PS/MDK (USA).chd	/mnt/backups/Games/Roms/Core_Roms/psx/MDK (USA).chd	352779747
/mnt/backups/Games/Roms/handheldbackup/miyoomini backup/Roms/PS/_hidden/multi-disc/Tales of Destiny II (USA) (Disc 1).chd	/mnt/backups/Games/Roms/Archive/PS1/PS1USA/Tales of Destiny II (USA) (Disc 1).chd	351726148
/mnt/backups/Games/SinistriaDemo/Project Sinistria_Data/resources.assets.resS	/mnt/backups/Games/sinistria/Project Sinistria_Data/resources.assets.resS	351069396
/mnt/backups/Games/Roms/handheldbackup/miyoomini backup/Roms/PS/Tomb Raider II - Starring Lara Croft (USA) (Rev 3).chd	/mnt/backups/Games/Roms/Archive/PS1/PS1USA/Tomb Raider II - Starring Lara Croft (USA) (Rev 3).chd	350330057
/mnt/backups/Games/Roms/handheldbackup/miyoomini backup/Roms/PS/Rally Cross (USA).chd	/mnt/backups/Games/Roms/Archive/PS1/PS1USA/Rally Cross (USA).chd	350231636
/mnt/backups/Games/Roms/handheldbackup/miyoomini backup/Roms/PS/_hidden/multi-disc/Final Fantasy IX (USA) (Disc 2) (Rev 1).chd	/mnt/backups/Games/Roms/Archive/PS1/PS1USA/Final Fantasy IX (USA) (Disc 2) (Rev 1).chd	350224034
/mnt/backups/Games/Roms/Core_Roms/psx/Punky Skunk.chd	/mnt/backups/Games/Roms/handheldbackup/miyoomini backup/Roms/PS/Punky Skunk (USA).chd	349670561
/mnt/backups/Games/Roms/Core_Roms/psp/Namco Museum Battle Collection (US).iso	/mnt/backups/Games/Roms/handheldbackup/RGBackup/Roms/psp/Namco Museum Battle Collection (US).iso	174358528
/mnt/backups/Games/Roms/Core_Roms/psp/Namco Museum Battle Collection (US).iso	/mnt/backups/Games/Roms/handheldbackup/emugames/Roms/psp/Namco Museum Battle Collection (US).iso	174358528
/mnt/backups/Games/Roms/Core_Roms/psp/Nickelodeon SpongeBob SquarePants - The Yellow Avenger (US).iso	/mnt/backups/Games/Roms/handheldbackup/RGBackup/Roms/psp/Nickelodeon SpongeBob SquarePants - The Yellow Avenger (US).iso	174260224
/mnt/backups/Games/Roms/Core_Roms/psp/Nickelodeon SpongeBob SquarePants - The Yellow Avenger (US).iso	/mnt/backups/Games/Roms/handheldbackup/emugames/Roms/psp/Nickelodeon SpongeBob SquarePants - The Yellow Avenger (US).iso	174260224
/mnt/backups/Games/Roms/handheldbackup/miyoomini backup/Roms/PS/X-Men - Children of the Atom (USA).chd	/mnt/backups/Games/Roms/Archive/PS1/PS1USA/X-Men - Children of the Atom (USA).chd	345715228
/mnt/backups/Games/Roms/Core_Roms/dreamcast/Q-bert (USA).chd	/mnt/backups/Games/Roms/handheldbackup/RGBackup/Roms/dreamcast/Q-bert (USA).chd	172532711
/mnt/backups/Games/Roms/Core_Roms/dreamcast/Q-bert (USA).chd	/mnt/backups/Games/Roms/handheldbackup/emugames/Roms/dreamcast/Q-bert (USA).chd	172532711
/mnt/backups/Games/Roms/handheldbackup/miyoomini backup/Roms/PS/Star Wars - Dark Forces (USA).chd	/mnt/backups/Games/Roms/Archive/PS1/PS1USA/Star Wars - Dark Forces (USA).chd	345015418
/mnt/backups/Games/Roms/handheldbackup/miyoomini backup/Roms/PS/Pepsiman - The Running Hero (Japan).chd	/mnt/backups/Games/Roms/Region_Sorted/psx/Japan/Pepsiman (Japan).chd	114964502
/mnt/backups/Games/Roms/handheldbackup/miyoomini backup/Roms/PS/Pepsiman - The Running Hero (Japan).chd	/mnt/backups/Games/Roms/handheldbackup/RGBackup/PS/Pepsiman - The Running Hero (Japan).chd	114964502
/mnt/backups/Games/Roms/handheldbackup/miyoomini backup/Roms/PS/Pepsiman - The Running Hero (Japan).chd	/mnt/backups/Games/Roms/handheldbackup/RGCubeBackup/Roms/PS/Pepsiman - The Running Hero (Japan).chd	114964502
/mnt/backups/Games/Roms/handheldbackup/miyoomini backup/Roms/SEGACD/Road Rash (USA).chd	/mnt/backups/Games/Roms/Core_Roms/segacd/Road Rash.chd	344640154
/mnt/backups/Games/Roms/handheldbackup/miyoomini backup/Roms/PS/Street Fighter Alpha 2 (USA).chd	/mnt/backups/Games/Roms/Archive/PS1/PS1USA/Street Fighter Alpha 2 (USA).chd	344215270
/mnt/backups/Games/Roms/handheldbackup/miyoomini backup/Roms/PS/Mega Man X5 (USA).chd	/mnt/backups/Games/Roms/Core_Roms/psx/Mega Man X5 (USA).chd	343936290
/mnt/backups/Games/Roms/handheldbackup/miyoomini backup/Roms/PS/Tony Hawk's Pro Skater (USA).chd	/mnt/backups/Games/Roms/Archive/PS1/PS1USA/Tony Hawk's Pro Skater (USA).chd	343606536
/mnt/backups/Games/Roms/Core_Roms/psx/Tomb Raider (USA).chd	/mnt/backups/Games/Roms/Core_Roms/psx/Tomb Raider (USA) (Rev 6).chd	342545653
/mnt/backups/Games/Roms/handheldbackup/miyoomini backup/Roms/PS/_hidden/multi-disc/Driver 2 (USA) (Disc 2).chd	/mnt/backups/Games/Roms/Core_Roms/psx/multi-disc/Driver 2 (USA) (Disc 2) (Rev 1).chd	342284032
/mnt/backups/Games/Roms/handheldbackup/miyoomini backup/Roms/PS/Capcom vs. SNK Pro (USA).chd	/mnt/backups/Games/Roms/Core_Roms/psx/Capcom vs. SNK Pro (USA).chd	341746542
/mnt/backups/Games/Roms/Core_Roms/openbor/GIJOE/Paks/GIJOE.pak	/mnt/backups/Games/Roms/handheldbackup/PS Classic/MagnusRCfarewellv2/roms/OpenBOR/GIJOE/Paks/GIJOE.pak	113868574
/mnt/backups/Games/Roms/Core_Roms/openbor/GIJOE/Paks/GIJOE.pak	/mnt/backups/Games/Roms/handheldbackup/RGBackup/Roms/openbor/GIJOE/Paks/GIJOE.pak	113868574
/mnt/backups/Games/Roms/Core_Roms/openbor/GIJOE/Paks/GIJOE.pak	/mnt/backups/Games/Roms/handheldbackup/emugames/Roms/openbor/GIJOE/Paks/GIJOE.pak	113868574
/mnt/backups/Games/brickprobackup/Roms/PSP/Harvest Moon - Boy _ Girl (USA).iso	/mnt/backups/Games/Roms/Archive/PSP_US_Arquivista/Harvest Moon - Boy and Girl (US).iso	341508096
/mnt/backups/Games/Roms/Core_Roms/dreamcast/Midway's Greatest Arcade Hits - Volume 2 (USA).chd	/mnt/backups/Games/Roms/handheldbackup/RGBackup/Roms/dreamcast/Midway's Greatest Arcade Hits - Volume 2 (USA).chd	170669207
/mnt/backups/Games/Roms/Core_Roms/dreamcast/Midway's Greatest Arcade Hits - Volume 2 (USA).chd	/mnt/backups/Games/Roms/handheldbackup/emugames/Roms/dreamcast/Midway's Greatest Arcade Hits - Volume 2 (USA).chd	170669207
/mnt/backups/Games/Roms/Core_Roms/atomiswave/ggx15.zip	/mnt/backups/Games/Roms/handheldbackup/PS Classic/MagnusRCfarewellv2/roms/atomiswave/ggx15.zip	113569804
/mnt/backups/Games/Roms/Core_Roms/atomiswave/ggx15.zip	/mnt/backups/Games/Roms/handheldbackup/RGBackup/Roms/atomiswave/ggx15.zip	113569804
/mnt/backups/Games/Roms/Core_Roms/atomiswave/ggx15.zip	/mnt/backups/Games/Roms/handheldbackup/emugames/Roms/atomiswave/ggx15.zip	113569804
/mnt/backups/Games/Roms/Core_Roms/psx/Castlevania Chronicles (USA).chd	/mnt/backups/Games/Roms/Core_Roms/psx/Castlevania - Chronicles.chd	339902004
/mnt/backups/Games/Roms/Core_Roms/neogeocd/Time Up.chd	/mnt/backups/Games/Roms/handheldbackup/PS Classic/MagnusRCfarewellv2/roms/neogeocd/Time Up.chd	113069954
/mnt/backups/Games/Roms/Core_Roms/neogeocd/Time Up.chd	/mnt/backups/Games/Roms/handheldbackup/RGBackup/Roms/neogeocd/Time Up.chd	113069954
/mnt/backups/Games/Roms/Core_Roms/neogeocd/Time Up.chd	/mnt/backups/Games/Roms/handheldbackup/emugames/Roms/neogeocd/Time Up.chd	113069954
/mnt/backups/Games/Roms/handheldbackup/miyoomini backup/Roms/PS/Jet Moto 3 (USA).chd	/mnt/backups/Games/Roms/Core_Roms/psx/Jet Moto 3.chd	338817465
/mnt/backups/sunstreakerbackup/dnewman/Downloads/backup-10.22.2021_17-32-35_floatingman/homedir/tmp/Cpanel_Form_file.upload.3e820fa8	/mnt/backups/Misc/hostgator/backup-10.22.2021_17-32-35_floatingman/homedir/tmp/Cpanel_Form_file.upload.3e820fa8	338026496
/mnt/backups/Games/Roms/handheldbackup/miyoomini backup/Roms/PS/_hidden/multi-disc/Heart of Darkness (USA) (Disc 1).chd	/mnt/backups/Games/Roms/Core_Roms/psx/multi-disc/Heart of Darkness (Disc 1).chd	336614699
/mnt/backups/Games/Roms/handheldbackup/miyoomini backup/Roms/PS/Ray Tracers (USA).chd	/mnt/backups/Games/Roms/Archive/PS1/PS1USA/Ray Tracers (USA).chd	336105342
/mnt/backups/Games/Roms/handheldbackup/miyoomini backup/Roms/PS/Iron Man & X-O Manowar in Heavy Metal (USA).chd	/mnt/backups/Games/Roms/Archive/PS1/PS1USA/Iron Man & X-O Manowar in Heavy Metal (USA).chd	335622610
/mnt/backups/Games/Roms/handheldbackup/miyoomini backup/Roms/PS/_hidden/multi-disc/Oddworld - Abe's Exoddus (USA) (Disc 2).chd	/mnt/backups/Games/Roms/Core_Roms/psx/multi-disc/Oddworld - Abe's Exoddus (Disc 2).chd	335342436
/mnt/backups/Games/Roms/handheldbackup/miyoomini backup/Roms/PS/Eagle One - Harrier Attack (USA) (En,Fr,Es).chd	/mnt/backups/Games/Roms/Archive/PS1/PS1USA/Eagle One - Harrier Attack (USA) (En,Fr,Es).chd	334972828
/mnt/backups/Games/Roms/Core_Roms/psx/Omega Boost.chd	/mnt/backups/Games/Roms/handheldbackup/miyoomini backup/Roms/PS/Omega Boost (USA).chd	334431574
/mnt/backups/Games/Roms/handheldbackup/miyoomini backup/Roms/PS/Spider-Man 2 - Enter - Electro (USA).chd	/mnt/backups/Games/Roms/Core_Roms/psx/Spider-Man 2 - Enter - Electro (USA) (Rev 1).chd	334261649
/mnt/backups/Games/Roms/Core_Roms/psx/MediEvil (USA).chd	/mnt/backups/Games/Roms/handheldbackup/miyoomini backup/Roms/PS/MediEvil (USA).chd	333962739
/mnt/backups/Games/Roms/handheldbackup/miyoomini backup/Roms/PS/Wild 9 (USA).chd	/mnt/backups/Games/Roms/Core_Roms/psx/Wild 9 (USA).chd	333704271
/mnt/backups/Games/Roms/handheldbackup/miyoomini backup/Roms/PS/Street Fighter Alpha 3 (USA).chd	/mnt/backups/Games/Roms/Archive/PS1/PS1USA/Street Fighter Alpha 3 (USA).chd	332229537
/mnt/backups/Games/Roms/Region_Sorted/saturn/Japan/Yoshimoto Mahjong Club (Japan).zip	/mnt/backups/Games/Roms/handheldbackup/RGBackup/Roms/saturn/Yoshimoto Mahjong Club (Japan).zip	165813059
/mnt/backups/Games/Roms/Region_Sorted/saturn/Japan/Yoshimoto Mahjong Club (Japan).zip	/mnt/backups/Games/Roms/handheldbackup/emugames/Roms/saturn/Yoshimoto Mahjong Club (Japan).zip	165813059
/mnt/backups/Games/Roms/handheldbackup/miyoomini backup/Roms/PS/Einhaender (USA).chd	/mnt/backups/Games/Roms/Core_Roms/psx/Einhander.chd	330883692
/mnt/backups/Games/Roms/handheldbackup/miyoomini backup/Roms/PS/Amazing Virtual Sea-Monkeys, The (USA) (En,Es).chd	/mnt/backups/Games/Roms/handheldbackup/rg34xxsp_backup/Roms/PS/Amazing Virtual Sea-Monkeys, The (USA) (En,Es).chd	165305504
/mnt/backups/Games/Roms/handheldbackup/miyoomini backup/Roms/PS/Amazing Virtual Sea-Monkeys, The (USA) (En,Es).chd	/mnt/backups/Games/Roms/Archive/PS1/PS1USA/Amazing Virtual Sea-Monkeys, The (USA) (En,Es).chd	165305504
/mnt/backups/Games/Roms/handheldbackup/miyoomini backup/Roms/PS/Die Hard Trilogy (USA).chd	/mnt/backups/Games/Roms/Archive/PS1/PS1USA/Die Hard Trilogy (USA).chd	330081466
/mnt/backups/Games/Roms/handheldbackup/miyoomini backup/Roms/PS/Suikoden (USA) (Rev 1).chd	/mnt/backups/Games/Roms/Archive/PS1/PS1USA/Suikoden (USA) (Rev 1).chd	329641633
/mnt/backups/Games/Roms/handheldbackup/miyoomini backup/Roms/PS/Saiyuki - Journey West (USA).chd	/mnt/backups/Games/Roms/Archive/PS1/PS1USA/Saiyuki - Journey West (USA).chd	329542127
/mnt/backups/Games/Roms/Core_Roms/atomiswave/rumblef.zip	/mnt/backups/Games/Roms/handheldbackup/PS Classic/MagnusRCfarewellv2/roms/atomiswave/rumblef.zip	109695015
/mnt/backups/Games/Roms/Core_Roms/atomiswave/rumblef.zip	/mnt/backups/Games/Roms/handheldbackup/RGBackup/Roms/atomiswave/rumblef.zip	109695015
/mnt/backups/Games/Roms/Core_Roms/atomiswave/rumblef.zip	/mnt/backups/Games/Roms/handheldbackup/emugames/Roms/atomiswave/rumblef.zip	109695015
/mnt/backups/Games/Roms/Core_Roms/atomiswave/demofist.zip	/mnt/backups/Games/Roms/handheldbackup/PS Classic/MagnusRCfarewellv2/roms/atomiswave/demofist.zip	109639102
/mnt/backups/Games/Roms/Core_Roms/atomiswave/demofist.zip	/mnt/backups/Games/Roms/handheldbackup/RGBackup/Roms/atomiswave/demofist.zip	109639102
/mnt/backups/Games/Roms/Core_Roms/atomiswave/demofist.zip	/mnt/backups/Games/Roms/handheldbackup/emugames/Roms/atomiswave/demofist.zip	109639102
/mnt/backups/Games/Roms/Core_Roms/atomiswave/kov7sprt.zip	/mnt/backups/Games/Roms/handheldbackup/PS Classic/MagnusRCfarewellv2/roms/atomiswave/kov7sprt.zip	109232529
/mnt/backups/Games/Roms/Core_Roms/atomiswave/kov7sprt.zip	/mnt/backups/Games/Roms/handheldbackup/RGBackup/Roms/atomiswave/kov7sprt.zip	109232529
/mnt/backups/Games/Roms/Core_Roms/atomiswave/kov7sprt.zip	/mnt/backups/Games/Roms/handheldbackup/emugames/Roms/atomiswave/kov7sprt.zip	109232529
/mnt/backups/Games/Roms/Core_Roms/psx/Tail Concerto (USA).chd	/mnt/backups/Games/Roms/handheldbackup/miyoomini backup/Roms/PS/Tail Concerto (USA).chd	327251386
/mnt/backups/Games/Roms/handheldbackup/miyoomini backup/Roms/PS/Kingsley's Adventure (USA).chd	/mnt/backups/Games/Roms/Archive/PS1/PS1USA/Kingsley's Adventure (USA).chd	325671890
/mnt/backups/Books/Serials to Clean/Wood/Big Ideas for Small Workshops 2013 (450)/Big Ideas for Small Workshops 2013 - Wood.pdf	/mnt/backups/Books/Serials to Clean/Wood/Big Ideas for Small Workshops 2013 (450)/Big Ideas for Small Workshops 2013 - Wood.pdf_repaired.pdf	325389031
/mnt/backups/Games/Roms/handheldbackup/miyoomini backup/Roms/PS/Ten Pin Alley (USA).chd	/mnt/backups/Games/Roms/Archive/PS1/PS1USA/Ten Pin Alley (USA).chd	325367246
/mnt/backups/Games/Roms/handheldbackup/miyoomini backup/Roms/PS/S.C.A.R.S. (USA).chd	/mnt/backups/Games/Roms/Archive/PS1/PS1USA/S.C.A.R.S. (USA).chd	324962659
/mnt/backups/Games/Roms/handheldbackup/miyoomini backup/Roms/PS/Front Mission 3 (USA).chd	/mnt/backups/Games/Roms/Core_Roms/psx/Front Mission 3.chd	324719477
/mnt/backups/BlurrBackup/Downloads/Compressed/learn-to-code-rpg-win.zip	/mnt/backups/Games/learn-to-code-rpg-win.zip	324595431
/mnt/backups/Games/Roms/handheldbackup/miyoomini backup/Roms/PS/Rat Attack! (USA).chd	/mnt/backups/Games/Roms/Archive/PS1/PS1USA/Rat Attack! (USA).chd	324094963
/mnt/backups/Games/Roms/handheldbackup/miyoomini backup/Roms/PS/Devil Dice (USA).chd	/mnt/backups/Games/Roms/Archive/PS1/PS1USA/Devil Dice (USA).chd	323440649
/mnt/backups/Games/Roms/handheldbackup/miyoomini backup/Roms/PS/Tobal No. 1 (USA).chd	/mnt/backups/Games/Roms/Archive/PS1/PS1USA/Tobal No. 1 (USA).chd	322989235
/mnt/backups/Games/brickprobackup/Roms/PS/Vandal Hearts II (USA).iso	/mnt/backups/Games/brickprobackup/Roms/PS/Vandal Hearts II [E-F-G].iso	322717920
/mnt/backups/Games/Roms/Core_Roms/psx/Muppet RaceMania.chd	/mnt/backups/Games/Roms/Core_Roms/psx/Muppet RaceMania (USA).chd	322473039
/mnt/backups/Games/Roms/handheldbackup/miyoomini backup/Roms/PS/_hidden/multi-disc/In Cold Blood (USA) (Disc 1).chd	/mnt/backups/Games/Roms/Archive/PS1/PS1USA/In Cold Blood (USA) (Disc 1).chd	320314139
/mnt/backups/Games/Roms/handheldbackup/miyoomini backup/Roms/PS/Disney's Treasure Planet (USA).chd	/mnt/backups/Games/Roms/Archive/PS1/PS1USA/Disney's Treasure Planet (USA).chd	320209407
/mnt/backups/Games/Roms/Core_Roms/psx/Dino Crisis 2 (USA).chd	/mnt/backups/Games/Roms/handheldbackup/miyoomini backup/Roms/PS/Dino Crisis 2 (USA).chd	318433303
/mnt/backups/BlurrBackup/20250813_backup/Downloads/Archives/GirlfriendSteak.7z	/mnt/backups/Games/GirlfriendSteak.7z	316994934
/mnt/backups/Games/Roms/handheldbackup/miyoomini backup/Roms/PS/CyberSled (USA).chd	/mnt/backups/Games/Roms/Archive/PS1/PS1USA/CyberSled (USA).chd	315636742
/mnt/backups/Games/Roms/handheldbackup/miyoomini backup/Roms/PS/_hidden/multi-disc/Legend of Dragoon, The (USA) (Disc 3).chd	/mnt/backups/Games/Roms/Core_Roms/psx/multi-disc/Legend of Dragoon, The (Disc 3).chd	313380447
/mnt/backups/Games/Roms/handheldbackup/miyoomini backup/Roms/PS/Buzz Lightyear of Star Command (USA).chd	/mnt/backups/Games/Roms/Archive/PS1/PS1USA/Disney-Pixar Buzz Lightyear of Star Command (USA).chd	313099970
/mnt/backups/Books/Serials to Clean/WorldMags/Consumer Reports - Best & Worst New Cars (466)/Consumer Reports - Best & Worst New Cars - WorldMags.pdf	/mnt/backups/Books/Serials to Clean/WorldMags/Consumer Reports - Best & Worst New Cars (466)/Consumer Reports - Best & Worst New Cars - WorldMags.pdf_repaired.pdf	312135904
/mnt/backups/Games/Roms/Core_Roms/dreamcast/Who Wants to Beat Up a Millionaire (USA).chd	/mnt/backups/Games/Roms/handheldbackup/RGBackup/Roms/dreamcast/Who Wants to Beat Up a Millionaire (USA).chd	155975421
/mnt/backups/Games/Roms/Core_Roms/dreamcast/Who Wants to Beat Up a Millionaire (USA).chd	/mnt/backups/Games/Roms/handheldbackup/emugames/Roms/dreamcast/Who Wants to Beat Up a Millionaire (USA).chd	155975421
/mnt/backups/Games/brickprobackup/Roms/PSP/Mega Man - Powered Up.iso	/mnt/backups/Games/Roms/Archive/PSP_US_Arquivista/Mega Man - Powered Up (US).iso	311721984
/mnt/backups/Games/Roms/Core_Roms/openbor/dndEN/Paks/dndEN.pak	/mnt/backups/Games/Roms/handheldbackup/PS Classic/MagnusRCfarewellv2/roms/OpenBOR/dndEN/Paks/dndEN.pak	103784195
/mnt/backups/Games/Roms/Core_Roms/openbor/dndEN/Paks/dndEN.pak	/mnt/backups/Games/Roms/handheldbackup/RGBackup/Roms/openbor/dndEN/Paks/dndEN.pak	103784195
/mnt/backups/Games/Roms/Core_Roms/openbor/dndEN/Paks/dndEN.pak	/mnt/backups/Games/Roms/handheldbackup/emugames/Roms/openbor/dndEN/Paks/dndEN.pak	103784195
/mnt/backups/Games/Roms/handheldbackup/miyoomini backup/Roms/PS/Destrega (USA).chd	/mnt/backups/Games/Roms/Core_Roms/psx/Destrega (USA).chd	311170595
/mnt/backups/Games/Roms/handheldbackup/miyoomini backup/Roms/PS/Star Trek - Invasion (USA).chd	/mnt/backups/Games/Roms/Archive/PS1/PS1USA/Star Trek - Invasion (USA).chd	310686141
/mnt/backups/Games/Roms/handheldbackup/miyoomini backup/Roms/PS/Suikoden II (USA).chd	/mnt/backups/Games/Roms/Archive/PS1/PS1USA/Suikoden II (USA).chd	310609595
/mnt/backups/Games/Roms/Core_Roms/psx/WipEout (USA).chd	/mnt/backups/Games/Roms/handheldbackup/miyoomini backup/Roms/PS/WipEout (USA).chd	309196703
/mnt/backups/Games/Roms/handheldbackup/miyoomini backup/Roms/PS/Rushdown (USA).chd	/mnt/backups/Games/Roms/Archive/PS1/PS1USA/Rushdown (USA).chd	308888885
/mnt/backups/Games/Roms/Core_Roms/psx/Thunder Force V - Perfect System.chd	/mnt/backups/Games/Roms/handheldbackup/miyoomini backup/Roms/PS/Thunder Force V - Perfect System (USA).chd	308340214
/mnt/backups/Games/Roms/handheldbackup/miyoomini backup/Roms/PS/X-COM - UFO Defense (USA).chd	/mnt/backups/Games/Roms/Archive/PS1/PS1USA/X-COM - UFO Defense (USA).chd	307950312
/mnt/backups/Games/Roms/Core_Roms/saturn/Clockwork Knight (USA).chd	/mnt/backups/Games/Roms/handheldbackup/RGBackup/SATURN/SS-Clockwork Knight.chd	153952717
/mnt/backups/Games/Roms/Core_Roms/saturn/Clockwork Knight (USA).chd	/mnt/backups/Games/Roms/handheldbackup/rg34xxsp_backup/Roms/SATURN/SS-Clockwork Knight.chd	153952717
/mnt/backups/BlurrBackup/20250813_backup/Downloads/Archives/Sapphire City Part 3.zip	/mnt/backups/Games/Sapphire City Part 3.zip	306948486
/mnt/backups/Games/Roms/handheldbackup/miyoomini backup/Roms/PS/Silent Hill (USA).chd	/mnt/backups/Games/Roms/Archive/PS1/PS1USA/Silent Hill (USA).chd	306554022
/mnt/backups/Games/Roms/handheldbackup/miyoomini backup/Roms/PS/Darkstalkers - The Night Warriors (USA).chd	/mnt/backups/Games/Roms/Archive/PS1/PS1USA/Darkstalkers - The Night Warriors (USA).chd	305283193
/mnt/backups/Games/Roms/Archive/mame/MAME 0.145 CHDS/initdv3jb/gds-0032b.chd	/mnt/backups/Games/Roms/Archive/mame/MAME.0.145.Full.Roms.Set.Collection.Including.Extras.and.CHD.Roms.DVD.29.of.65-oNePiEcE/MAME 0.145 CHDS/initdv3jb/gds-0032b.chd	305188953
/mnt/backups/Games/Roms/handheldbackup/miyoomini backup/Roms/PS/Alundra (USA) (Rev 1).chd	/mnt/backups/Games/Roms/Core_Roms/psx/Alundra.chd	304609526
/mnt/backups/Games/Roms/handheldbackup/miyoomini backup/Roms/PS/Breath of Fire III (USA).chd	/mnt/backups/Games/Roms/handheldbackup/rg34xxsp_backup/Roms/PS/Breath of Fire III (USA).chd	152190579
/mnt/backups/Games/Roms/handheldbackup/miyoomini backup/Roms/PS/Breath of Fire III (USA).chd	/mnt/backups/Games/Roms/Core_Roms/psx/Breath of Fire III.chd	152190579
/mnt/backups/Games/Roms/handheldbackup/miyoomini backup/Roms/PS/Marvel Super Heroes vs. Street Fighter (USA).chd	/mnt/backups/Games/Roms/Core_Roms/psx/Marvel Super Heroes vs. Street Fighter (USA).chd	304253687
/mnt/backups/Games/Roms/Core_Roms/openbor/mymod/Paks/mymod.pak	/mnt/backups/Games/Roms/handheldbackup/PS Classic/MagnusRCfarewellv2/roms/OpenBOR/mymod/Paks/mymod.pak	101235252
/mnt/backups/Games/Roms/Core_Roms/openbor/mymod/Paks/mymod.pak	/mnt/backups/Games/Roms/handheldbackup/RGBackup/Roms/openbor/mymod/Paks/mymod.pak	101235252
/mnt/backups/Games/Roms/Core_Roms/openbor/mymod/Paks/mymod.pak	/mnt/backups/Games/Roms/handheldbackup/emugames/Roms/openbor/mymod/Paks/mymod.pak	101235252
/mnt/backups/Games/Roms/handheldbackup/miyoomini backup/Roms/PS/Dynasty Warriors (USA).chd	/mnt/backups/Games/Roms/Archive/PS1/PS1USA/Dynasty Warriors (USA).chd	302641766
/mnt/backups/Games/Roms/handheldbackup/miyoomini backup/Roms/PS/Descent Maximum (USA).chd	/mnt/backups/Games/Roms/Archive/PS1/PS1USA/Descent Maximum (USA).chd	301816832
/mnt/backups/Games/Roms/handheldbackup/miyoomini backup/Roms/PS/Project Overkill (USA).chd	/mnt/backups/Games/Roms/Archive/PS1/PS1USA/Project Overkill (USA).chd	298041355
/mnt/backups/Games/Roms/handheldbackup/miyoomini backup/Roms/PS/Disney's Tarzan (USA) (v1.1).chd	/mnt/backups/Games/Roms/Archive/PS1/PS1USA/Disney's Tarzan (USA) (Rerelease).chd	296788575
/mnt/backups/Games/Roms/handheldbackup/miyoomini backup/Roms/PS/Hot Shots Golf 2 (USA).chd	/mnt/backups/Games/Roms/Core_Roms/psx/Hot Shots Golf 2 (USA).chd	148255382
/mnt/backups/Games/Roms/handheldbackup/miyoomini backup/Roms/PS/Hot Shots Golf 2 (USA).chd	/mnt/backups/Games/Roms/Core_Roms/psx/Hot Shots Golf 2.chd	148255382
/mnt/backups/Games/Roms/handheldbackup/miyoomini backup/Roms/PS/Point Blank 3 (USA).chd	/mnt/backups/Games/Roms/Core_Roms/psx/Point Blank 3 (USA).chd	74088626
/mnt/backups/Games/Roms/handheldbackup/miyoomini backup/Roms/PS/Point Blank 3 (USA).chd	/mnt/backups/Games/Roms/handheldbackup/PS Classic/MagnusRCfarewellv2/roms/psx/Point Blank 3 (USA).chd	74088626
/mnt/backups/Games/Roms/handheldbackup/miyoomini backup/Roms/PS/Point Blank 3 (USA).chd	/mnt/backups/Games/Roms/handheldbackup/RGBackup/Roms/psx/Point Blank 3 (USA).chd	74088626
/mnt/backups/Games/Roms/handheldbackup/miyoomini backup/Roms/PS/Point Blank 3 (USA).chd	/mnt/backups/Games/Roms/handheldbackup/emugames/Roms/psx/Point Blank 3 (USA).chd	74088626
/mnt/backups/Games/Roms/handheldbackup/miyoomini backup/Roms/PCECD/Castlevania - Rondo of Blood (Japan) (Translated).chd	/mnt/backups/Games/Roms/handheldbackup/miyoomini backup/Roms/PCECD/Castlevania - Rondo of Blood (Japan) (SCD) [T-En by Burnt Lasagna+Cubanraul v1.01] [n].chd	295994656
/mnt/backups/Games/Roms/handheldbackup/miyoomini backup/Roms/PS/Monkey Magic (USA).chd	/mnt/backups/Games/Roms/Archive/PS1/PS1USA/Monkey Magic (USA).chd	294844701
/mnt/backups/Games/Roms/handheldbackup/miyoomini backup/Roms/PS/Arc the Lad Collection - Arc the Lad (USA).chd	/mnt/backups/Games/Roms/Archive/PS1/PS1USA/Arc the Lad Collection - Arc the Lad (USA).chd	293894743
/mnt/backups/Games/Roms/handheldbackup/miyoomini backup/Roms/PCECD/ImageFight II - Operation Deepstriker.chd	/mnt/backups/Games/Roms/handheldbackup/miyoomini backup/Roms/PCECD/ImageFight II - Operation Deepstriker (Japan).chd	292871498
/mnt/backups/Games/Roms/handheldbackup/RGBackup/PCECD/Akumajou Dracula X - Chi no Rondo (Japan).chd	/mnt/backups/Games/Roms/handheldbackup/rg34xxsp_backup/Roms/PCECD/Akumajou Dracula X - Chi no Rondo (Japan).chd	292591122
/mnt/backups/Games/Roms/handheldbackup/miyoomini backup/Roms/PS/Dance Dance Revolution Konamix (USA).chd	/mnt/backups/Games/Roms/Archive/PS1/PS1USA/Dance Dance Revolution Konamix (USA).chd	289202899
/mnt/backups/Games/Roms/handheldbackup/miyoomini backup/Roms/PS/_hidden/multi-disc/Koudelka (USA) (Disc 4).chd	/mnt/backups/Games/Roms/Archive/PS1/PS1USA/Koudelka (USA) (Disc 4).chd	288879446
/mnt/backups/Games/Roms/handheldbackup/miyoomini backup/Roms/PS/FoxKids.com - Micro Maniacs Racing (USA).chd	/mnt/backups/Games/Roms/Archive/PS1/PS1USA/FoxKids.com - Micro Maniacs Racing (USA).chd	288538921
/mnt/backups/Games/Roms/handheldbackup/miyoomini backup/Roms/PS/WarGames - Defcon 1 (USA).chd	/mnt/backups/Games/Roms/Archive/PS1/PS1USA/WarGames - Defcon 1 (USA).chd	288038659
/mnt/backups/Games/Roms/handheldbackup/miyoomini backup/Roms/PS/Sim Theme Park (USA).chd	/mnt/backups/Games/Roms/Archive/PS1/PS1USA/SimTheme Park (USA).chd	286839225
/mnt/backups/Games/Roms/handheldbackup/miyoomini backup/Roms/PS/Moto Racer (USA).chd	/mnt/backups/Games/Roms/Archive/PS1/PS1USA/Moto Racer (USA).chd	286377487
/mnt/backups/Games/Roms/handheldbackup/miyoomini backup/Roms/PS/Gex 3 - Deep Cover Gecko (USA).chd	/mnt/backups/Games/Roms/Archive/PS1/PS1USA/Gex 3 - Deep Cover Gecko (USA).chd	285904586
/mnt/backups/Games/Roms/handheldbackup/miyoomini backup/Roms/PS/Urban Chaos (USA).chd	/mnt/backups/Games/Roms/Archive/PS1/PS1USA/Urban Chaos (USA).chd	284392237
/mnt/backups/Games/Roms/handheldbackup/miyoomini backup/Roms/PS/Worms Armageddon (USA).chd	/mnt/backups/Games/Roms/Core_Roms/psx/Worms Armageddon (USA).chd	283534581
/mnt/backups/Games/Roms/handheldbackup/RGBackup/PS/Breath of Fire IV.PBP	/mnt/backups/Games/Roms/handheldbackup/RGCubeBackup/Roms/PS/Breath of Fire IV.PBP	281061401
/mnt/backups/Games/Roms/Core_Roms/dreamcast/Alien Front Online (USA).chd	/mnt/backups/Games/Roms/handheldbackup/RGBackup/Roms/dreamcast/Alien Front Online (USA).chd	140353565
/mnt/backups/Games/Roms/Core_Roms/dreamcast/Alien Front Online (USA).chd	/mnt/backups/Games/Roms/handheldbackup/emugames/Roms/dreamcast/Alien Front Online (USA).chd	140353565
/mnt/backups/Games/Roms/handheldbackup/miyoomini backup/Roms/PS/Inuyasha - A Feudal Fairy Tale (USA) (v1.1).chd	/mnt/backups/Games/Roms/Archive/PS1/PS1USA/Inuyasha - A Feudal Fairy Tale (USA) (Rev 1).chd	278777481
/mnt/backups/Games/Roms/handheldbackup/miyoomini backup/Roms/PS/Thunderstrike 2 (USA).chd	/mnt/backups/Games/Roms/Archive/PS1/PS1USA/Thunderstrike 2 (USA).chd	277376489
/mnt/backups/Games/Roms/handheldbackup/miyoomini backup/Roms/PS/Chocobo's Dungeon 2 (USA).chd	/mnt/backups/Games/Roms/Archive/PS1/PS1USA/Chocobo's Dungeon 2 (USA).chd	277177383
/mnt/backups/Games/Roms/handheldbackup/miyoomini backup/Roms/PS/TOCA 2 Touring Car Challenge (USA) (En,Fr,Es).chd	/mnt/backups/Games/Roms/Archive/PS1/PS1USA/TOCA 2 - Touring Car Challenge (USA) (En,Fr,Es).chd	276116453
/mnt/backups/Games/Roms/handheldbackup/miyoomini backup/Roms/PS/Final Fantasy Anthology - Final Fantasy VI (USA) (Rev 1).chd	/mnt/backups/Games/Roms/handheldbackup/rg34xxsp_backup/Roms/PS/Final Fantasy Anthology - Final Fantasy VI (USA) (Rev 1).chd	138044577
/mnt/backups/Games/Roms/handheldbackup/miyoomini backup/Roms/PS/Final Fantasy Anthology - Final Fantasy VI (USA) (Rev 1).chd	/mnt/backups/Games/Roms/Core_Roms/psx/Final Fantasy Anthology - Final Fantasy VI.chd	138044577
/mnt/backups/Games/Roms/handheldbackup/miyoomini backup/Roms/PS/International Superstar Soccer Pro '98 (USA).chd	/mnt/backups/Games/Roms/Core_Roms/psx/International Superstar Soccer Pro '98 (USA) (En,Fr,De,Es,It).chd	275717749
/mnt/backups/Games/Roms/Core_Roms/openbor/Return of the Double Dragon/Paks/Return of the Double Dragon.PAK	/mnt/backups/Games/Roms/handheldbackup/PS Classic/MagnusRCfarewellv2/roms/OpenBOR/Return of the Double Dragon/Paks/Return of the Double Dragon.PAK	91703314
/mnt/backups/Games/Roms/Core_Roms/openbor/Return of the Double Dragon/Paks/Return of the Double Dragon.PAK	/mnt/backups/Games/Roms/handheldbackup/RGBackup/Roms/openbor/Return of the Double Dragon/Paks/Return of the Double Dragon.PAK	91703314
/mnt/backups/Games/Roms/Core_Roms/openbor/Return of the Double Dragon/Paks/Return of the Double Dragon.PAK	/mnt/backups/Games/Roms/handheldbackup/emugames/Roms/openbor/Return of the Double Dragon/Paks/Return of the Double Dragon.PAK	91703314
/mnt/backups/Games/Roms/handheldbackup/miyoomini backup/Roms/PS/Warhammer - Dark Omen (USA).chd	/mnt/backups/Games/Roms/Archive/PS1/PS1USA/Warhammer - Dark Omen (USA).chd	274660905
/mnt/backups/Games/Freespace/data1/Data/cbanim.vp	/mnt/backups/Games/Freespace/data2/data/cbanim.vp	137230139
/mnt/backups/Games/Freespace/data1/Data/cbanim.vp	/mnt/backups/Games/Freespace/Data/cbanim.vp	137230139
/mnt/backups/Games/Roms/handheldbackup/miyoomini backup/Roms/PS/Jumping Flash! 2 (USA).chd	/mnt/backups/Games/Roms/Core_Roms/psx/Jumping Flash! 2.chd	274455152
/mnt/backups/Games/Roms/handheldbackup/miyoomini backup/Roms/PS/Civilization II (USA).chd	/mnt/backups/Games/Roms/Core_Roms/psx/Civilization II.chd	273298698
/mnt/backups/Games/Roms/handheldbackup/miyoomini backup/Roms/PCECD/Nexzr.chd	/mnt/backups/Games/Roms/handheldbackup/miyoomini backup/Roms/PCECD/NEXZR (Japan).chd	273117426
/mnt/backups/Games/Roms/handheldbackup/miyoomini backup/Roms/PS/Jumping Flash! (USA).chd	/mnt/backups/Games/Roms/Core_Roms/psx/Jumping Flash!.chd	272754688
/mnt/backups/Games/Roms/handheldbackup/RGBackup/DREAMCAST/Power Stone 2 (USA).chd	/mnt/backups/Games/Roms/handheldbackup/rg34xxsp_backup/Roms/DREAMCAST/Power Stone 2 (USA).chd	272731479
/mnt/backups/BlurrBackup/20250813_backup/tools/emacs/bin/emacs-26.3.exe	/mnt/backups/BlurrBackup/home/tools/emacs/bin/emacs-26.3.exe	136108963
/mnt/backups/BlurrBackup/20250813_backup/tools/emacs/bin/emacs-26.3.exe	/mnt/backups/tools/emacs/bin/emacs-26.3.exe	136108963
/mnt/backups/Games/Roms/handheldbackup/miyoomini backup/Roms/PS/MediEvil II (USA).chd	/mnt/backups/Games/Roms/Core_Roms/psx/MediEvil II (USA).chd	271958943
/mnt/backups/Games/Roms/Core_Roms/psx/NBA Live 2001 (USA).chd	/mnt/backups/Games/Roms/Core_Roms/psx/NBA Live 2001.chd	271472393
/mnt/backups/BlurrBackup/Downloads/vagrant_2.2.19_x86_64.msi	/mnt/backups/WindowsSetup/vagrant_2.2.19_x86_64.msi	270835712
/mnt/backups/Games/Roms/handheldbackup/RGBackup/DREAMCAST/Virtua Tennis - Sega Professional Tennis (USA).chd	/mnt/backups/Games/Roms/handheldbackup/rg34xxsp_backup/Roms/DREAMCAST/Virtua Tennis - Sega Professional Tennis (USA).chd	134505455
/mnt/backups/Games/Roms/handheldbackup/RGBackup/DREAMCAST/Virtua Tennis - Sega Professional Tennis (USA).chd	/mnt/backups/Games/Roms/Archive/Official.CoinOPS.Collections.Sega.Dreamcast.Pack/collections/Sega Dreamcast/roms/Virtua Tennis - Sega Professional Tennis (USA).chd	134505455
/mnt/backups/Games/Roms/handheldbackup/miyoomini backup/Roms/PS/Marvel vs. Capcom - Clash of Super Heroes (USA).chd	/mnt/backups/Games/Roms/Core_Roms/psx/Marvel vs. Capcom - Clash of Super Heroes (USA).chd	268958694
/mnt/backups/Games/Roms/Archive/mame/MAME.0.145.Full.Roms.Set.Collection.Including.Extras.and.CHD.Roms.DVD.03.of.65-oNePiEcE/g16 92%v5.6-5_2	/mnt/backups/Games/Roms/Archive/mame/MAME.0.145.Full.Roms.Set.Collection.Including.Extras.and.CHD.Roms.DVD.03.of.65-oNePiEcE/gamt16-9x-5.6-1.rom2	67108864
/mnt/backups/Games/Roms/Archive/mame/MAME.0.145.Full.Roms.Set.Collection.Including.Extras.and.CHD.Roms.DVD.03.of.65-oNePiEcE/g16 92%v5.6-5_2	/mnt/backups/Games/Roms/Archive/mame/MAME.0.145.Full.Roms.Set.Collection.Including.Extras.and.CHD.Roms.DVD.03.of.65-oNePiEcE/gamt16-9x-5.6-10.rom2	67108864
/mnt/backups/Games/Roms/Archive/mame/MAME.0.145.Full.Roms.Set.Collection.Including.Extras.and.CHD.Roms.DVD.03.of.65-oNePiEcE/g16 92%v5.6-5_2	/mnt/backups/Games/Roms/Archive/mame/MAME.0.145.Full.Roms.Set.Collection.Including.Extras.and.CHD.Roms.DVD.03.of.65-oNePiEcE/gamt16-9x-5.6-5.rom2	67108864
/mnt/backups/Games/Roms/Archive/mame/MAME.0.145.Full.Roms.Set.Collection.Including.Extras.and.CHD.Roms.DVD.03.of.65-oNePiEcE/g16 92%v5.6-5_2	/mnt/backups/Games/Roms/Archive/mame/MAME.0.145.Full.Roms.Set.Collection.Including.Extras.and.CHD.Roms.DVD.03.of.65-oNePiEcE/gamt16-9x-5.6-8.rom2	67108864
/mnt/backups/Games/Roms/Archive/mame/MAME.0.145.Full.Roms.Set.Collection.Including.Extras.and.CHD.Roms.DVD.04.of.65-oNePiEcE/4_94-5.5-8_2	/mnt/backups/Games/Roms/Archive/mame/MAME.0.145.Full.Roms.Set.Collection.Including.Extras.and.CHD.Roms.DVD.04.of.65-oNePiEcE/4_94-5.5-9_2	67108864
/mnt/backups/Games/Roms/Archive/mame/MAME.0.145.Full.Roms.Set.Collection.Including.Extras.and.CHD.Roms.DVD.04.of.65-oNePiEcE/4_94-5.5-8_2	/mnt/backups/Games/Roms/Archive/mame/MAME.0.145.Full.Roms.Set.Collection.Including.Extras.and.CHD.Roms.DVD.04.of.65-oNePiEcE/g4_5.5-6bag(lady).bin	67108864
/mnt/backups/Games/Roms/Archive/mame/MAME.0.145.Full.Roms.Set.Collection.Including.Extras.and.CHD.Roms.DVD.04.of.65-oNePiEcE/4_94-5.5-8_2	/mnt/backups/Games/Roms/Archive/mame/MAME.0.145.Full.Roms.Set.Collection.Including.Extras.and.CHD.Roms.DVD.04.of.65-oNePiEcE/g4_5.5-9bag(lady).bin	67108864
/mnt/backups/Games/Roms/Archive/mame/MAME.0.145.Full.Roms.Set.Collection.Including.Extras.and.CHD.Roms.DVD.04.of.65-oNePiEcE/4_94-5.5-8_2	/mnt/backups/Games/Roms/Archive/mame/MAME.0.145.Full.Roms.Set.Collection.Including.Extras.and.CHD.Roms.DVD.04.of.65-oNePiEcE/gaminator494___2_v 5.5-6.rom	67108864
/mnt/backups/Games/Roms/Archive/RetroArch/_FAILED_NDS.Complete.English.Romset.P-S.SlipperyJim/Pokemon - Black Version (DSi Enhanced)(Europe) (US) (5585).nds	/mnt/backups/Games/Roms/handheldbackup/miyoomini backup/Roms/NDS/Pokemon - Black Version.nds	268435456
/mnt/backups/Games/Roms/Archive/RetroArch/_FAILED_NDS.Complete.English.Romset.P-S.SlipperyJim/Pokemon Conquest (v01) (DSi Enhanced) (US) (6583).nds	/mnt/backups/Games/Roms/handheldbackup/miyoomini backup/Roms/NDS/Pokemon Conquest.nds	268435456
/mnt/backups/Games/Roms/Archive/RetroArch/_FAILED_NDS.Complete.English.Romset.P-S.SlipperyJim/Pokemon - White Version (DSi Enhanced)(Europe) (US) (5584).nds	/mnt/backups/Games/Roms/handheldbackup/miyoomini backup/Roms/NDS/Pokemon - White Version.nds	268435456
/mnt/backups/Games/Roms/Core_Roms/nds/Dragon Quest IX - Sentinels of the Starry Skies.nds	/mnt/backups/Games/Roms/handheldbackup/PS Classic/MagnusRCfarewellv2/roms/nds/Dragon Quest IX - Sentinels of the Starry Skies.nds	268435456
/mnt/backups/Games/Roms/handheldbackup/RGBackup/Roms/nds/Dragon Quest IX - Sentinels of the Starry Skies.nds	/mnt/backups/Games/Roms/handheldbackup/emugames/Roms/nds/Dragon Quest IX - Sentinels of the Starry Skies.nds	268435456
/mnt/backups/BlurrBackup/20250813_backup/Pictures/Camera Roll/2021/09/20210926_143409000_iOS.MOV	/mnt/backups/BlurrBackup/20250813_backup/Pictures/pics_to_organize/videos/2021/09/2021-09-26/2021-09-26-09-34-09.mov	268023057
/mnt/backups/Games/Roms/handheldbackup/RGBackup/Bios/PSVUPDAT.PUP	/mnt/backups/Games/Roms/handheldbackup/emugames/Bios/PSVUPDAT.PUP	133834240
/mnt/backups/Games/Roms/handheldbackup/RGBackup/Bios/PSVUPDAT.PUP	/mnt/backups/Games/Roms/Bios/retrobat/bios/PSVUPDAT.PUP	133834240
/mnt/backups/Games/brickprobackup/Roms/PS/Gex - Enter the Gecko (USA).img	/mnt/backups/Games/brickprobackup/Roms/PS/Gex 2 - Enter the Gecco [U] [SLUS-00598].img	267015504
/mnt/backups/Games/Roms/handheldbackup/miyoomini backup/Roms/PS/Gundam Battle Assault (USA).chd	/mnt/backups/Games/Roms/Archive/PS1/PS1USA/Gundam Battle Assault (USA).chd	266178475
/mnt/backups/Games/Roms/handheldbackup/miyoomini backup/Roms/PS/C-12 - Final Resistance (USA).chd	/mnt/backups/Games/Roms/Core_Roms/psx/C-12 - Final Resistance (USA).chd	265918859
/mnt/backups/Games/Roms/handheldbackup/miyoomini backup/Roms/PS/Team Buddies (USA).chd	/mnt/backups/Games/Roms/Core_Roms/psx/Team Buddies (USA).chd	265526528
/mnt/backups/Games/Roms/handheldbackup/miyoomini backup/Roms/PS/SaGa Frontier 2 (USA).chd	/mnt/backups/Games/Roms/Archive/PS1/PS1USA/SaGa Frontier 2 (USA).chd	264532613
/mnt/backups/Games/Roms/handheldbackup/miyoomini backup/Roms/PS/_hidden/multi-disc/Koudelka (USA) (Disc 3).chd	/mnt/backups/Games/Roms/Archive/PS1/PS1USA/Koudelka (USA) (Disc 3).chd	264442364
/mnt/backups/Games/Roms/handheldbackup/miyoomini backup/Roms/PS/Test Drive 6 (USA).chd	/mnt/backups/Games/Roms/Archive/PS1/PS1USA/Test Drive 6 (USA).chd	264192829
/mnt/backups/Games/Roms/handheldbackup/miyoomini backup/Roms/PS/_hidden/multi-disc/Legend of Dragoon, The (USA) (Disc 2).chd	/mnt/backups/Games/Roms/Core_Roms/psx/multi-disc/Legend of Dragoon, The (Disc 2).chd	263844579
/mnt/backups/Games/Roms/handheldbackup/miyoomini backup/Roms/PS/Motor Toon Grand Prix (USA).chd	/mnt/backups/Games/Roms/Archive/PS1/PS1USA/Motor Toon Grand Prix (USA).chd	262961947
/mnt/backups/Games/Roms/handheldbackup/miyoomini backup/Roms/PS/Jet Moto (USA).chd	/mnt/backups/Games/Roms/Archive/PS1/PS1USA/Jet Moto (USA).chd	262958856
/mnt/backups/Games/Roms/Core_Roms/megacd/Sewer Shark (USA).chd	/mnt/backups/Games/Roms/Core_Roms/segacd/Sewer Shark.chd	260131495
/mnt/backups/Games/Roms/handheldbackup/miyoomini backup/Roms/PS/Legend of Legaia (USA).chd	/mnt/backups/Games/Roms/Archive/PS1/PS1USA/Legend of Legaia (USA).chd	259245753
/mnt/backups/Games/Roms/Core_Roms/snes-msu/Super_Castlevania_IV_(USA)_(MSU1)-5.pcm	/mnt/backups/Games/Roms/handheldbackup/PS Classic/MagnusRCfarewellv2/roms/snesmsu1/Super_Castlevania_IV_(USA)_(MSU1)-5.pcm	85900236
/mnt/backups/Games/Roms/Core_Roms/snes-msu/Super_Castlevania_IV_(USA)_(MSU1)-5.pcm	/mnt/backups/Games/Roms/handheldbackup/RGBackup/Roms/snes-msu/Super_Castlevania_IV_(USA)_(MSU1)-5.pcm	85900236
/mnt/backups/Games/Roms/Core_Roms/snes-msu/Super_Castlevania_IV_(USA)_(MSU1)-5.pcm	/mnt/backups/Games/Roms/handheldbackup/emugames/Roms/snes-msu/Super_Castlevania_IV_(USA)_(MSU1)-5.pcm	85900236
/mnt/backups/Games/Roms/Core_Roms/dreamcast/Death Crimson OX (USA).chd	/mnt/backups/Games/Roms/handheldbackup/RGBackup/Roms/dreamcast/Death Crimson OX (USA).chd	127721262
/mnt/backups/Games/Roms/Core_Roms/dreamcast/Death Crimson OX (USA).chd	/mnt/backups/Games/Roms/handheldbackup/emugames/Roms/dreamcast/Death Crimson OX (USA).chd	127721262
/mnt/backups/Games/Roms/handheldbackup/miyoomini backup/Roms/PS/Championship Motocross Featuring Ricky Carmichael (USA).chd	/mnt/backups/Games/Roms/Archive/PS1/PS1USA/Championship Motocross 2001 featuring Ricky Carmichael (USA).chd	255009843
/mnt/backups/Games/Roms/handheldbackup/RGCubeBackup/Music/01-Hotel California.flac	/mnt/backups/Games/Roms/handheldbackup/rg34xxsp_backup/Music/01-Hotel California.flac	254682088
/mnt/backups/Games/Roms/handheldbackup/miyoomini backup/Roms/PS/Mega Man 8 (USA).chd	/mnt/backups/Games/Roms/Core_Roms/psx/Mega Man 8 (USA).chd	254379026
/mnt/backups/Games/Roms/Core_Roms/naomi/mvsc2.zip	/mnt/backups/Games/Roms/handheldbackup/PS Classic/MagnusRCfarewellv2/roms/naomi/mvsc2.zip	84684640
/mnt/backups/Games/Roms/Core_Roms/naomi/mvsc2.zip	/mnt/backups/Games/Roms/handheldbackup/RGBackup/Roms/naomi/mvsc2.zip	84684640
/mnt/backups/Games/Roms/Core_Roms/naomi/mvsc2.zip	/mnt/backups/Games/Roms/handheldbackup/emugames/Roms/naomi/mvsc2.zip	84684640
/mnt/backups/Games/Roms/handheldbackup/miyoomini backup/Roms/PS/Chess (USA).chd	/mnt/backups/Games/Roms/Archive/PS1/PS1USA/Chess (USA).chd	253081752
/mnt/backups/Games/brickprobackup/Roms/PSP/WipEout Pure.iso	/mnt/backups/Games/Roms/Archive/PSP_US_Arquivista/WipEout Pure (US).iso	252968960
/mnt/backups/BlurrBackup/Downloads/Compressed/Modern-Abstract-Graphics-Collection.zip	/mnt/backups/BlurrBackup/Downloads/Compressed/Modern-Abstract-Graphics-Collection (1).zip	252777438
/mnt/backups/Games/Roms/Core_Roms/neogeo/kof2003.zip	/mnt/backups/Games/Roms/handheldbackup/PS Classic/MagnusRCfarewellv2/roms/neogeo/kof2003.zip	84143231
/mnt/backups/Games/Roms/Core_Roms/neogeo/kof2003.zip	/mnt/backups/Games/Roms/handheldbackup/RGBackup/Roms/neogeo/kof2003.zip	84143231
/mnt/backups/Games/Roms/Core_Roms/neogeo/kof2003.zip	/mnt/backups/Games/Roms/handheldbackup/emugames/Roms/neogeo/kof2003.zip	84143231
/mnt/backups/Games/Roms/handheldbackup/miyoomini backup/Roms/SEGACD/Terminator, The (USA).chd	/mnt/backups/Games/Roms/Core_Roms/segacd/Terminator, The.chd	252308699
/mnt/backups/Games/Roms/handheldbackup/miyoomini backup/Roms/PS/HBO Boxing (USA).chd	/mnt/backups/Games/Roms/Archive/PS1/PS1USA/HBO Boxing (USA).chd	250454919
/mnt/backups/Games/Roms/Core_Roms/neogeo/svc.zip	/mnt/backups/Games/Roms/handheldbackup/PS Classic/MagnusRCfarewellv2/roms/neogeo/svc.zip	83260213
/mnt/backups/Games/Roms/Core_Roms/neogeo/svc.zip	/mnt/backups/Games/Roms/handheldbackup/RGBackup/Roms/neogeo/svc.zip	83260213
/mnt/backups/Games/Roms/Core_Roms/neogeo/svc.zip	/mnt/backups/Games/Roms/handheldbackup/emugames/Roms/neogeo/svc.zip	83260213
/mnt/backups/Games/Roms/Core_Roms/neogeo/samsho5.zip	/mnt/backups/Games/Roms/handheldbackup/PS Classic/MagnusRCfarewellv2/roms/neogeo/samsho5.zip	83164356
/mnt/backups/Games/Roms/Core_Roms/neogeo/samsho5.zip	/mnt/backups/Games/Roms/handheldbackup/RGBackup/Roms/neogeo/samsho5.zip	83164356
/mnt/backups/Games/Roms/Core_Roms/neogeo/samsho5.zip	/mnt/backups/Games/Roms/handheldbackup/emugames/Roms/neogeo/samsho5.zip	83164356
/mnt/backups/Games/Roms/Core_Roms/neogeo/samsh5sp.zip	/mnt/backups/Games/Roms/handheldbackup/PS Classic/MagnusRCfarewellv2/roms/neogeo/samsh5sp.zip	83033266
/mnt/backups/Games/Roms/Core_Roms/neogeo/samsh5sp.zip	/mnt/backups/Games/Roms/handheldbackup/RGBackup/Roms/neogeo/samsh5sp.zip	83033266
/mnt/backups/Games/Roms/Core_Roms/neogeo/samsh5sp.zip	/mnt/backups/Games/Roms/handheldbackup/emugames/Roms/neogeo/samsh5sp.zip	83033266
/mnt/backups/Games/Roms/Core_Roms/neogeo/kof2002.zip	/mnt/backups/Games/Roms/handheldbackup/PS Classic/MagnusRCfarewellv2/roms/neogeo/kof2002.zip	82483673
/mnt/backups/Games/Roms/Core_Roms/neogeo/kof2002.zip	/mnt/backups/Games/Roms/handheldbackup/RGBackup/Roms/neogeo/kof2002.zip	82483673
/mnt/backups/Games/Roms/Core_Roms/neogeo/kof2002.zip	/mnt/backups/Games/Roms/handheldbackup/emugames/Roms/neogeo/kof2002.zip	82483673
/mnt/backups/Games/Roms/handheldbackup/miyoomini backup/Roms/PS/Namco Museum Vol. 5 (USA).chd	/mnt/backups/Games/Roms/Archive/PS1/PS1USA/Namco Museum Vol. 5 (USA).chd	247268906
/mnt/backups/Games/Roms/handheldbackup/miyoomini backup/Roms/PS/Future Cop - L.A.P.D. (USA).chd	/mnt/backups/Games/Roms/Core_Roms/psx/Future Cop - L.A.P.D..chd	247190006
/mnt/backups/Games/Roms/handheldbackup/miyoomini backup/Roms/PS/Strider 2 (USA).chd	/mnt/backups/Games/Roms/Archive/PS1/PS1USA/Strider 2 (USA).chd	247102841
/mnt/backups/Games/Roms/Core_Roms/neogeo/matrim.zip	/mnt/backups/Games/Roms/handheldbackup/PS Classic/MagnusRCfarewellv2/roms/neogeo/matrim.zip	82318885
/mnt/backups/Games/Roms/Core_Roms/neogeo/matrim.zip	/mnt/backups/Games/Roms/handheldbackup/RGBackup/Roms/neogeo/matrim.zip	82318885
/mnt/backups/Games/Roms/Core_Roms/neogeo/matrim.zip	/mnt/backups/Games/Roms/handheldbackup/emugames/Roms/neogeo/matrim.zip	82318885
/mnt/backups/Games/Roms/Core_Roms/psx/Tempest X3.chd	/mnt/backups/Games/Roms/handheldbackup/miyoomini backup/Roms/PS/Tempest X3 (USA).chd	246549112
/mnt/backups/Games/Roms/Core_Roms/neogeo/kof2000.zip	/mnt/backups/Games/Roms/handheldbackup/PS Classic/MagnusRCfarewellv2/roms/neogeo/kof2000.zip	81525161
/mnt/backups/Games/Roms/Core_Roms/neogeo/kof2000.zip	/mnt/backups/Games/Roms/handheldbackup/RGBackup/Roms/neogeo/kof2000.zip	81525161
/mnt/backups/Games/Roms/Core_Roms/neogeo/kof2000.zip	/mnt/backups/Games/Roms/handheldbackup/emugames/Roms/neogeo/kof2000.zip	81525161
/mnt/backups/Games/Roms/Region_Sorted/saturn/Japan/Zoop (Japan).zip	/mnt/backups/Games/Roms/handheldbackup/RGBackup/Roms/saturn/Zoop (Japan).zip	122201284
/mnt/backups/Games/Roms/Region_Sorted/saturn/Japan/Zoop (Japan).zip	/mnt/backups/Games/Roms/handheldbackup/emugames/Roms/saturn/Zoop (Japan).zip	122201284
/mnt/backups/Games/Roms/handheldbackup/miyoomini backup/Roms/PS/Tunnel B1 (USA).chd	/mnt/backups/Games/Roms/Archive/PS1/PS1USA/Tunnel B1 (USA).chd	244000152
/mnt/backups/Games/Roms/Core_Roms/neogeo/mslug5.zip	/mnt/backups/Games/Roms/handheldbackup/PS Classic/MagnusRCfarewellv2/roms/neogeo/mslug5.zip	81157379
/mnt/backups/Games/Roms/Core_Roms/neogeo/mslug5.zip	/mnt/backups/Games/Roms/handheldbackup/RGBackup/Roms/neogeo/mslug5.zip	81157379
/mnt/backups/Games/Roms/Core_Roms/neogeo/mslug5.zip	/mnt/backups/Games/Roms/handheldbackup/emugames/Roms/neogeo/mslug5.zip	81157379
/mnt/backups/Games/Roms/handheldbackup/miyoomini backup/Roms/PS/Car and Driver Presents - Grand Tour Racing '98 (USA).chd	/mnt/backups/Games/Roms/Archive/PS1/PS1USA/Car and Driver Presents - Grand Tour Racing '98 (USA).chd	243301129
/mnt/backups/Games/Roms/Core_Roms/neogeo/garou.zip	/mnt/backups/Games/Roms/handheldbackup/PS Classic/MagnusRCfarewellv2/roms/neogeo/garou.zip	80982420
/mnt/backups/Games/Roms/Core_Roms/neogeo/garou.zip	/mnt/backups/Games/Roms/handheldbackup/RGBackup/Roms/neogeo/garou.zip	80982420
/mnt/backups/Games/Roms/Core_Roms/neogeo/garou.zip	/mnt/backups/Games/Roms/handheldbackup/emugames/Roms/neogeo/garou.zip	80982420
/mnt/backups/Games/U+MePLUS/Danchi2018/VOICE.PK	/mnt/backups/Games/strategy games/AHouseInTheRift-0.7.20r2-pc/Lust_of_the_Apartment_Wives_game/VOICE.PK	242482251
/mnt/backups/Games/Roms/handheldbackup/miyoomini backup/Roms/PS/Kartia - The Word of Fate (USA).chd	/mnt/backups/Games/Roms/Archive/PS1/PS1USA/Kartia - The Word of Fate (USA).chd	242248218
/mnt/backups/Games/Roms/Core_Roms/megadrive-msu/3 - Passing Breeze.wav	/mnt/backups/Games/Roms/handheldbackup/PS Classic/MagnusRCfarewellv2/roms/msu-md/3 - Passing Breeze.wav	80624508
/mnt/backups/Games/Roms/Core_Roms/megadrive-msu/3 - Passing Breeze.wav	/mnt/backups/Games/Roms/handheldbackup/RGBackup/Roms/msu-md/3 - Passing Breeze.wav	80624508
/mnt/backups/Games/Roms/Core_Roms/megadrive-msu/3 - Passing Breeze.wav	/mnt/backups/Games/Roms/handheldbackup/emugames/Roms/msu-md/3 - Passing Breeze.wav	80624508
/mnt/backups/Games/Roms/Core_Roms/megadrive-msu/3-AnotherPartOfMe.wav	/mnt/backups/Games/Roms/handheldbackup/PS Classic/MagnusRCfarewellv2/roms/msu-md/3-AnotherPartOfMe.wav	80523472
/mnt/backups/Games/Roms/Core_Roms/megadrive-msu/3-AnotherPartOfMe.wav	/mnt/backups/Games/Roms/handheldbackup/RGBackup/Roms/msu-md/3-AnotherPartOfMe.wav	80523472
/mnt/backups/Games/Roms/Core_Roms/megadrive-msu/3-AnotherPartOfMe.wav	/mnt/backups/Games/Roms/handheldbackup/emugames/Roms/msu-md/3-AnotherPartOfMe.wav	80523472
/mnt/backups/Games/Roms/Core_Roms/neogeo/mslug3.zip	/mnt/backups/Games/Roms/handheldbackup/PS Classic/MagnusRCfarewellv2/roms/neogeo/mslug3.zip	80456836
/mnt/backups/Games/Roms/Core_Roms/neogeo/mslug3.zip	/mnt/backups/Games/Roms/handheldbackup/RGBackup/Roms/neogeo/mslug3.zip	80456836
/mnt/backups/Games/Roms/Core_Roms/neogeo/mslug3.zip	/mnt/backups/Games/Roms/handheldbackup/emugames/Roms/neogeo/mslug3.zip	80456836
/mnt/backups/Games/Roms/handheldbackup/miyoomini backup/Roms/PS/Thrasher - Skate and Destroy (USA).chd	/mnt/backups/Games/Roms/Archive/PS1/PS1USA/Thrasher - Skate and Destroy (USA).chd	240980208
/mnt/backups/Games/Roms/Core_Roms/neogeo/kof2001.zip	/mnt/backups/Games/Roms/handheldbackup/PS Classic/MagnusRCfarewellv2/roms/neogeo/kof2001.zip	79827597
/mnt/backups/Games/Roms/Core_Roms/neogeo/kof2001.zip	/mnt/backups/Games/Roms/handheldbackup/RGBackup/Roms/neogeo/kof2001.zip	79827597
/mnt/backups/Games/Roms/Core_Roms/neogeo/kof2001.zip	/mnt/backups/Games/Roms/handheldbackup/emugames/Roms/neogeo/kof2001.zip	79827597
/mnt/backups/Games/Roms/Core_Roms/psp/Smart Bomb (US).iso	/mnt/backups/Games/Roms/handheldbackup/RGBackup/Roms/psp/Smart Bomb (US).iso	119406592
/mnt/backups/Games/Roms/Core_Roms/psp/Smart Bomb (US).iso	/mnt/backups/Games/Roms/handheldbackup/emugames/Roms/psp/Smart Bomb (US).iso	119406592
/mnt/backups/Games/Roms/handheldbackup/miyoomini backup/Roms/PS/Centipede (USA).chd	/mnt/backups/Games/Roms/Archive/PS1/PS1USA/Centipede (USA).chd	238430688
/mnt/backups/Games/Freespace 2/data2/warble_fs2.vp	/mnt/backups/Games/Freespace 2/data3/warble_fs2.vp	118858128
/mnt/backups/Games/Freespace 2/data2/warble_fs2.vp	/mnt/backups/Games/Freespace 2/warble_fs2.vp	118858128
/mnt/backups/Games/Roms/Core_Roms/neogeo/kof99.zip	/mnt/backups/Games/Roms/handheldbackup/PS Classic/MagnusRCfarewellv2/roms/neogeo/kof99.zip	78852470
/mnt/backups/Games/Roms/Core_Roms/neogeo/kof99.zip	/mnt/backups/Games/Roms/handheldbackup/RGBackup/Roms/neogeo/kof99.zip	78852470
/mnt/backups/Games/Roms/Core_Roms/neogeo/kof99.zip	/mnt/backups/Games/Roms/handheldbackup/emugames/Roms/neogeo/kof99.zip	78852470
/mnt/backups/Games/Roms/handheldbackup/RGBackup/NAOMI/mbaa.zip	/mnt/backups/Games/Roms/handheldbackup/rg34xxsp_backup/Roms/NAOMI/mbaa.zip	235922132
/mnt/backups/Games/Roms/handheldbackup/miyoomini backup/Roms/PS/Rhapsody - A Musical Adventure (USA).chd	/mnt/backups/Games/Roms/Archive/PS1/PS1USA/Rhapsody - A Musical Adventure (USA).chd	235870152
/mnt/backups/Games/Freespace/Data/freespace.vp	/mnt/backups/Games/Freespace/data1/Data/freespace.vp	235485670
/mnt/backups/BlurrBackup/home/tools/MultiMC/cache/FTBPacks/FTBRevelation/2_6_0/FTBRevelation.zip	/mnt/backups/tools/MultiMC/cache/FTBPacks/FTBRevelation/2_6_0/FTBRevelation.zip	233761788
/mnt/backups/Games/Roms/handheldbackup/miyoomini backup/Roms/PS/EA Sports Supercross (USA).chd	/mnt/backups/Games/Roms/Archive/PS1/PS1USA/EA Sports Supercross (USA).chd	233474764
/mnt/backups/Games/Roms/Core_Roms/psx/Mega Man Legends 2 (USA).chd	/mnt/backups/Games/Roms/handheldbackup/miyoomini backup/Roms/PS/Mega Man Legends 2 (USA).chd	233127303
/mnt/backups/Games/Roms/handheldbackup/miyoomini backup/Roms/PS/_hidden/multi-disc/Legend of Dragoon, The (USA) (Disc 1).chd	/mnt/backups/Games/Roms/Core_Roms/psx/multi-disc/Legend of Dragoon, The (Disc 1).chd	232661825
/mnt/backups/Games/Roms/Core_Roms/neogeo/s1945p.zip	/mnt/backups/Games/Roms/handheldbackup/PS Classic/MagnusRCfarewellv2/roms/neogeo/s1945p.zip	77360789
/mnt/backups/Games/Roms/Core_Roms/neogeo/s1945p.zip	/mnt/backups/Games/Roms/handheldbackup/RGBackup/Roms/neogeo/s1945p.zip	77360789
/mnt/backups/Games/Roms/Core_Roms/neogeo/s1945p.zip	/mnt/backups/Games/Roms/handheldbackup/emugames/Roms/neogeo/s1945p.zip	77360789
/mnt/backups/Games/Roms/handheldbackup/miyoomini backup/Roms/PS/Final Fantasy Anthology - Final Fantasy V (USA) (Rev 1).chd	/mnt/backups/Games/Roms/handheldbackup/rg34xxsp_backup/Roms/PS/Final Fantasy Anthology - Final Fantasy V (USA) (Rev 1).chd	115568175
/mnt/backups/Games/Roms/handheldbackup/miyoomini backup/Roms/PS/Final Fantasy Anthology - Final Fantasy V (USA) (Rev 1).chd	/mnt/backups/Games/Roms/Core_Roms/psx/Final Fantasy Anthology - Final Fantasy V.chd	115568175
/mnt/backups/Games/Roms/handheldbackup/miyoomini backup/Roms/PS/Powerslave (USA).chd	/mnt/backups/Games/Roms/Archive/PS1/PS1USA/Powerslave (USA).chd	229890679
/mnt/backups/Games/Roms/Core_Roms/neogeo/rotd.zip	/mnt/backups/Games/Roms/handheldbackup/PS Classic/MagnusRCfarewellv2/roms/neogeo/rotd.zip	76583467
/mnt/backups/Games/Roms/Core_Roms/neogeo/rotd.zip	/mnt/backups/Games/Roms/handheldbackup/RGBackup/Roms/neogeo/rotd.zip	76583467
/mnt/backups/Games/Roms/Core_Roms/neogeo/rotd.zip	/mnt/backups/Games/Roms/handheldbackup/emugames/Roms/neogeo/rotd.zip	76583467
/mnt/backups/Games/Roms/handheldbackup/miyoomini backup/Roms/PS/Tomba! 2 - The Evil Swine Return (USA).chd	/mnt/backups/Games/Roms/Archive/PS1/PS1USA/Tomba! 2 - The Evil Swine Return (USA).chd	229750338
/mnt/backups/Games/Roms/handheldbackup/miyoomini backup/Roms/PS/_hidden/multi-disc/Koudelka (USA) (Disc 2).chd	/mnt/backups/Games/Roms/Archive/PS1/PS1USA/Koudelka (USA) (Disc 2).chd	228551605
/mnt/backups/Games/Roms/Archive/mame/MAME 0.145 CHDS/initdexp/gds-0025.chd	/mnt/backups/Games/Roms/Archive/mame/MAME.0.145.Full.Roms.Set.Collection.Including.Extras.and.CHD.Roms.DVD.29.of.65-oNePiEcE/MAME 0.145 CHDS/initdexp/gds-0025.chd	228024952
/mnt/backups/Games/Roms/Core_Roms/psx/NBA Hoopz (USA).chd	/mnt/backups/Games/Roms/handheldbackup/miyoomini backup/Roms/PS/NBA Hoopz (USA).chd	113047119
/mnt/backups/Games/Roms/Core_Roms/psx/NBA Hoopz (USA).chd	/mnt/backups/Games/Roms/handheldbackup/rg34xxsp_backup/Roms/PS/NBA Hoopz (USA).chd	113047119
/mnt/backups/Games/Roms/handheldbackup/miyoomini backup/Roms/PS/Hogs of War (USA).chd	/mnt/backups/Games/Roms/Archive/PS1/PS1USA/Hogs of War (USA).chd	224835547
/mnt/backups/Games/Roms/Core_Roms/psx/Micro Machines V3 (USA).chd	/mnt/backups/Games/Roms/handheldbackup/miyoomini backup/Roms/PS/Micro Machines V3 (USA).chd	223929938
/mnt/backups/Games/Roms/handheldbackup/miyoomini backup/Roms/PS/Ready 2 Rumble Boxing - Round 2 (USA).chd	/mnt/backups/Games/Roms/Archive/PS1/PS1USA/Ready 2 Rumble Boxing - Round 2 (USA).chd	223094983
/mnt/backups/Games/Roms/Core_Roms/snes-msu/Super_Castlevania_IV_(USA)_(MSU1)-8.pcm	/mnt/backups/Games/Roms/handheldbackup/PS Classic/MagnusRCfarewellv2/roms/snesmsu1/Super_Castlevania_IV_(USA)_(MSU1)-8.pcm	74262544
/mnt/backups/Games/Roms/Core_Roms/snes-msu/Super_Castlevania_IV_(USA)_(MSU1)-8.pcm	/mnt/backups/Games/Roms/handheldbackup/RGBackup/Roms/snes-msu/Super_Castlevania_IV_(USA)_(MSU1)-8.pcm	74262544
/mnt/backups/Games/Roms/Core_Roms/snes-msu/Super_Castlevania_IV_(USA)_(MSU1)-8.pcm	/mnt/backups/Games/Roms/handheldbackup/emugames/Roms/snes-msu/Super_Castlevania_IV_(USA)_(MSU1)-8.pcm	74262544
/mnt/backups/Games/Roms/handheldbackup/miyoomini backup/Roms/PS/_hidden/multi-disc/Koudelka (USA) (Disc 1).chd	/mnt/backups/Games/Roms/Archive/PS1/PS1USA/Koudelka (USA) (Disc 1).chd	222664782
/mnt/backups/Games/Roms/handheldbackup/miyoomini backup/Roms/PS/X-Men vs. Street Fighter (USA).chd	/mnt/backups/Games/Roms/Archive/PS1/PS1USA/X-Men vs. Street Fighter (USA).chd	222579084
/mnt/backups/Games/Roms/handheldbackup/miyoomini backup/Roms/PS/R-Type Delta (USA).chd	/mnt/backups/Games/Roms/Archive/PS1/PS1USA/R-Type Delta (USA).chd	220847291
/mnt/backups/Games/Roms/handheldbackup/miyoomini backup/Roms/PS/Ms. Pac-Man Maze Madness (USA) (Rev 1).chd	/mnt/backups/Games/Roms/Archive/PS1/PS1USA/Ms. Pac-Man Maze Madness (USA) (Rev 1).chd	220069466
/mnt/backups/Games/Roms/handheldbackup/RGBackup/PSP/Bomberman (US).iso	/mnt/backups/Games/Roms/handheldbackup/RGCubeBackup/Roms/PSP/Bomberman (US).iso	110002176
/mnt/backups/Games/Roms/handheldbackup/RGBackup/PSP/Bomberman (US).iso	/mnt/backups/Games/Roms/Archive/PSP_US_Arquivista/Bomberman (US).iso	110002176
/mnt/backups/Games/Roms/handheldbackup/miyoomini backup/Roms/PS/Final Fantasy Origins (USA) (Rev 1).chd	/mnt/backups/Games/Roms/handheldbackup/rg34xxsp_backup/Roms/PS/Final Fantasy Origins (USA) (Rev 1).chd	109897629
/mnt/backups/Games/Roms/handheldbackup/miyoomini backup/Roms/PS/Final Fantasy Origins (USA) (Rev 1).chd	/mnt/backups/Games/Roms/Core_Roms/psx/Final Fantasy Origins.chd	109897629
/mnt/backups/Games/Roms/Core_Roms/psx/Tecmo Super Bowl (USA).chd	/mnt/backups/Games/Roms/handheldbackup/RGBackup/Roms/psx/Tecmo Super Bowl (USA).chd	109789889
/mnt/backups/Games/Roms/Core_Roms/psx/Tecmo Super Bowl (USA).chd	/mnt/backups/Games/Roms/handheldbackup/emugames/Roms/psx/Tecmo Super Bowl (USA).chd	109789889
/mnt/backups/Games/Roms/handheldbackup/miyoomini backup/Roms/PS/Courier Crisis - The Saga of the Modern Fatalist (USA).chd	/mnt/backups/Games/Roms/Core_Roms/psx/Courier Crisis - The Saga of the Modern Fatalist (USA).chd	219454577
/mnt/backups/Games/Roms/handheldbackup/miyoomini backup/Roms/PS/Cool Boarders (USA).chd	/mnt/backups/Games/Roms/Archive/PS1/PS1USA/Cool Boarders (USA).chd	218741993
/mnt/backups/Books/Serials to Clean/Unknown/The Family Handyman 534 2013-01 (406)/The Family Handyman 534 2013-01 - Unknown.pdf	/mnt/backups/Books/Serials to Clean/Unknown/The Family Handyman 534 2013-01 (406)/The Family Handyman 534 2013-01 - Unknown.pdf_repaired.pdf	217636349
/mnt/backups/Games/Roms/handheldbackup/miyoomini backup/Roms/PS/Disney's Hercules Action Game (USA) (v1.1).chd	/mnt/backups/Games/Roms/Archive/PS1/PS1USA/Disney's Hercules Action Game (USA) (Rerelease).chd	217131730
/mnt/backups/Games/Roms/handheldbackup/miyoomini backup/Roms/PS/Mega Man Legends (USA).chd	/mnt/backups/Games/Roms/Core_Roms/psx/Mega Man Legends (USA).chd	216965805
/mnt/backups/Games/Roms/handheldbackup/miyoomini backup/Roms/PS/Magic Carpet (USA) (En,Fr,De,Es,Sv).chd	/mnt/backups/Games/Roms/Archive/PS1/PS1USA/Magic Carpet (USA) (En,Fr,De,Es,Sv).chd	216411532
/mnt/backups/Games/Roms/Core_Roms/psx/multi-disc/Rival Schools - United by Fate (USA) (Disc 2) (Evolution Disc).chd	/mnt/backups/Games/Roms/Core_Roms/psx/multi-disc/Rival Schools - United by Fate (Disc 2).chd	216318398
/mnt/backups/Games/Roms/handheldbackup/miyoomini backup/Roms/PS/_hidden/multi-disc/Shockwave Assault (USA) (Disc 2) (Shockwave - Operation Jumpgate).chd	/mnt/backups/Games/Roms/Archive/PS1/PS1USA/Shockwave Assault (USA) (Disc 2) (Shockwave - Operation Jumpgate).chd	216099742
/mnt/backups/Games/SinistriaDemo/Project Sinistria_Data/sharedassets2.assets	/mnt/backups/Games/sinistria/Project Sinistria_Data/sharedassets2.assets	215518920
/mnt/backups/BlurrBackup/20250813_backup/Pictures/Camera Roll/2021/09/20210926_143902000_iOS.MOV	/mnt/backups/BlurrBackup/20250813_backup/Pictures/pics_to_organize/videos/2021/09/2021-09-26/2021-09-26-09-39-02.mov	214988587
/mnt/backups/Games/Roms/handheldbackup/miyoomini backup/Roms/PS/Mortal Kombat 3 (USA).chd	/mnt/backups/Games/Roms/Archive/PS1/PS1USA/Mortal Kombat 3 (USA).chd	214353560
/mnt/backups/Games/brickprobackup/Roms/PS/Harvest Moon-Back to Nature.iso	/mnt/backups/Games/brickprobackup/Roms/PS/Harvest Moon - Back to Nature.bin	213954384
/mnt/backups/Games/Roms/Core_Roms/megadrive-msu/02-Introduction.wav	/mnt/backups/Games/Roms/handheldbackup/PS Classic/MagnusRCfarewellv2/roms/msu-md/02-Introduction.wav	71117304
/mnt/backups/Games/Roms/Core_Roms/megadrive-msu/02-Introduction.wav	/mnt/backups/Games/Roms/handheldbackup/RGBackup/Roms/msu-md/02-Introduction.wav	71117304
/mnt/backups/Games/Roms/Core_Roms/megadrive-msu/02-Introduction.wav	/mnt/backups/Games/Roms/handheldbackup/emugames/Roms/msu-md/02-Introduction.wav	71117304
/mnt/backups/Games/Roms/handheldbackup/miyoomini backup/Roms/PS/Kensei - Sacred Fist (USA).chd	/mnt/backups/Games/Roms/Archive/PS1/PS1USA/Kensei - Sacred Fist (USA).chd	212775658
/mnt/backups/Games/Roms/handheldbackup/miyoomini backup/Roms/PS/Dave Mirra Freestyle BMX - Maximum Remix (USA).chd	/mnt/backups/Games/Roms/Archive/PS1/PS1USA/Dave Mirra Freestyle BMX - Maximum Remix (USA).chd	212329584
/mnt/backups/Games/Roms/handheldbackup/PS Classic/MagnusRCfarewellv2/retroarch/apps/sonicmania/Data.rsdk	/mnt/backups/Games/brickprobackup/Ports/SonicMania/Data.rsdk	208368695
/mnt/backups/Games/Roms/handheldbackup/miyoomini backup/Roms/PS/Tiger Woods 99 PGA Tour Golf (USA).chd	/mnt/backups/Games/Roms/Archive/PS1/PS1USA/Tiger Woods 99 PGA Tour Golf (USA) (Rev 1).chd	207714293
/mnt/backups/Games/Roms/handheldbackup/miyoomini backup/Roms/PS/EA Sports Superbike 2000 (USA).chd	/mnt/backups/Games/Roms/Archive/PS1/PS1USA/EA Sports Superbike 2000 (USA).chd	206535535
/mnt/backups/Games/Roms/handheldbackup/miyoomini backup/Roms/PS/Duke Nukem - Time to Kill (USA).chd	/mnt/backups/Games/Roms/Archive/PS1/PS1USA/Duke Nukem - Time to Kill (USA).chd	205737526
/mnt/backups/BlurrBackup/20250813_backup/Pictures/Camera Roll/2021/12/20211209_223544000_iOS.MOV	/mnt/backups/BlurrBackup/20250813_backup/Pictures/pics_to_organize/videos/2021/12/2021-12-09/2021-12-09-16-35-44.mov	205705367
/mnt/backups/Games/Roms/handheldbackup/miyoomini backup/Roms/PS/Pro Pinball - Big Race USA (USA).chd	/mnt/backups/Games/Roms/Archive/PS1/PS1USA/Pro Pinball - Big Race USA (USA).chd	203914342
/mnt/backups/Games/Roms/handheldbackup/emugames/Roms/gc/Wario World.gcz	/mnt/backups/Games/Roms/Core_Roms/gamecube/Wario World.gcz	202950891
/mnt/backups/Games/Roms/Core_Roms/nds/Castlevania - Dawn of Sorrow.nds	/mnt/backups/Games/Roms/handheldbackup/PS Classic/MagnusRCfarewellv2/roms/nds/Castlevania - Dawn of Sorrow.nds	67108864
/mnt/backups/Games/Roms/Core_Roms/nds/Castlevania - Dawn of Sorrow.nds	/mnt/backups/Games/Roms/handheldbackup/RGBackup/Roms/nds/Castlevania - Dawn of Sorrow.nds	67108864
/mnt/backups/Games/Roms/Core_Roms/nds/Castlevania - Dawn of Sorrow.nds	/mnt/backups/Games/Roms/handheldbackup/emugames/Roms/nds/Castlevania - Dawn of Sorrow.nds	67108864
/mnt/backups/Games/Roms/Core_Roms/nds/Castlevania - Order of Ecclesia.nds	/mnt/backups/Games/Roms/handheldbackup/PS Classic/MagnusRCfarewellv2/roms/nds/Castlevania - Order of Ecclesia.nds	67108864
/mnt/backups/Games/Roms/Core_Roms/nds/Castlevania - Order of Ecclesia.nds	/mnt/backups/Games/Roms/handheldbackup/RGBackup/Roms/nds/Castlevania - Order of Ecclesia.nds	67108864
/mnt/backups/Games/Roms/Core_Roms/nds/Castlevania - Order of Ecclesia.nds	/mnt/backups/Games/Roms/handheldbackup/emugames/Roms/nds/Castlevania - Order of Ecclesia.nds	67108864
/mnt/backups/Games/Roms/Core_Roms/nds/Castlevania - Portrait of Ruin.nds	/mnt/backups/Games/Roms/handheldbackup/PS Classic/MagnusRCfarewellv2/roms/nds/Castlevania - Portrait of Ruin.nds	67108864
/mnt/backups/Games/Roms/Core_Roms/nds/Castlevania - Portrait of Ruin.nds	/mnt/backups/Games/Roms/handheldbackup/RGBackup/Roms/nds/Castlevania - Portrait of Ruin.nds	67108864
/mnt/backups/Games/Roms/Core_Roms/nds/Castlevania - Portrait of Ruin.nds	/mnt/backups/Games/Roms/handheldbackup/emugames/Roms/nds/Castlevania - Portrait of Ruin.nds	67108864
/mnt/backups/Games/Roms/Core_Roms/nds/Final Fantasy Fables - Chocobo Tales.nds	/mnt/backups/Games/Roms/handheldbackup/PS Classic/MagnusRCfarewellv2/roms/nds/Final Fantasy Fables - Chocobo Tales.nds	67108864
/mnt/backups/Games/Roms/Core_Roms/nds/Final Fantasy Fables - Chocobo Tales.nds	/mnt/backups/Games/Roms/handheldbackup/RGBackup/Roms/nds/Final Fantasy Fables - Chocobo Tales.nds	67108864
/mnt/backups/Games/Roms/Core_Roms/nds/Final Fantasy Fables - Chocobo Tales.nds	/mnt/backups/Games/Roms/handheldbackup/emugames/Roms/nds/Final Fantasy Fables - Chocobo Tales.nds	67108864
/mnt/backups/Games/Roms/Core_Roms/nds/Final Fantasy - The 4 Heroes of Light.nds	/mnt/backups/Games/Roms/handheldbackup/PS Classic/MagnusRCfarewellv2/roms/nds/Final Fantasy - The 4 Heroes of Light.nds	67108864
/mnt/backups/Games/Roms/Core_Roms/nds/Final Fantasy - The 4 Heroes of Light.nds	/mnt/backups/Games/Roms/handheldbackup/RGBackup/Roms/nds/Final Fantasy - The 4 Heroes of Light.nds	67108864
/mnt/backups/Games/Roms/Core_Roms/nds/Final Fantasy - The 4 Heroes of Light.nds	/mnt/backups/Games/Roms/handheldbackup/emugames/Roms/nds/Final Fantasy - The 4 Heroes of Light.nds	67108864
/mnt/backups/Games/Roms/Core_Roms/nds/Kirby - Canvas Curse.nds	/mnt/backups/Games/Roms/handheldbackup/PS Classic/MagnusRCfarewellv2/roms/nds/Kirby - Canvas Curse.nds	67108864
/mnt/backups/Games/Roms/Core_Roms/nds/Kirby - Canvas Curse.nds	/mnt/backups/Games/Roms/handheldbackup/RGBackup/Roms/nds/Kirby - Canvas Curse.nds	67108864
/mnt/backups/Games/Roms/Core_Roms/nds/Kirby - Canvas Curse.nds	/mnt/backups/Games/Roms/handheldbackup/emugames/Roms/nds/Kirby - Canvas Curse.nds	67108864
/mnt/backups/Games/Roms/Core_Roms/nds/Kirby - Squeak Squad.nds	/mnt/backups/Games/Roms/handheldbackup/PS Classic/MagnusRCfarewellv2/roms/nds/Kirby - Squeak Squad.nds	67108864
/mnt/backups/Games/Roms/Core_Roms/nds/Kirby - Squeak Squad.nds	/mnt/backups/Games/Roms/handheldbackup/RGBackup/Roms/nds/Kirby - Squeak Squad.nds	67108864
/mnt/backups/Games/Roms/Core_Roms/nds/Kirby - Squeak Squad.nds	/mnt/backups/Games/Roms/handheldbackup/emugames/Roms/nds/Kirby - Squeak Squad.nds	67108864
/mnt/backups/Games/Roms/Core_Roms/nds/Legend of Spyro - A New Beginning.nds	/mnt/backups/Games/Roms/handheldbackup/PS Classic/MagnusRCfarewellv2/roms/nds/Legend of Spyro - A New Beginning.nds	67108864
/mnt/backups/Games/Roms/Core_Roms/nds/Legend of Spyro - A New Beginning.nds	/mnt/backups/Games/Roms/handheldbackup/RGBackup/Roms/nds/Legend of Spyro - A New Beginning.nds	67108864
/mnt/backups/Games/Roms/Core_Roms/nds/Legend of Spyro - A New Beginning.nds	/mnt/backups/Games/Roms/handheldbackup/emugames/Roms/nds/Legend of Spyro - A New Beginning.nds	67108864
/mnt/backups/Games/Roms/Core_Roms/nds/Legend of Spyro - The Eternal Night.nds	/mnt/backups/Games/Roms/handheldbackup/PS Classic/MagnusRCfarewellv2/roms/nds/Legend of Spyro - The Eternal Night.nds	67108864
/mnt/backups/Games/Roms/Core_Roms/nds/Legend of Spyro - The Eternal Night.nds	/mnt/backups/Games/Roms/handheldbackup/RGBackup/Roms/nds/Legend of Spyro - The Eternal Night.nds	67108864
/mnt/backups/Games/Roms/Core_Roms/nds/Legend of Spyro - The Eternal Night.nds	/mnt/backups/Games/Roms/handheldbackup/emugames/Roms/nds/Legend of Spyro - The Eternal Night.nds	67108864
/mnt/backups/Games/Roms/Core_Roms/nds/Mario & Luigi - Partners in Time.nds	/mnt/backups/Games/Roms/handheldbackup/PS Classic/MagnusRCfarewellv2/roms/nds/Mario & Luigi - Partners in Time.nds	67108864
/mnt/backups/Games/Roms/Core_Roms/nds/Mario & Luigi - Partners in Time.nds	/mnt/backups/Games/Roms/handheldbackup/RGBackup/Roms/nds/Mario & Luigi - Partners in Time.nds	67108864
/mnt/backups/Games/Roms/Core_Roms/nds/Mario & Luigi - Partners in Time.nds	/mnt/backups/Games/Roms/handheldbackup/emugames/Roms/nds/Mario & Luigi - Partners in Time.nds	67108864
/mnt/backups/Games/Roms/Core_Roms/nds/Mega Man ZX Advent.nds	/mnt/backups/Games/Roms/handheldbackup/PS Classic/MagnusRCfarewellv2/roms/nds/Mega Man ZX Advent.nds	67108864
/mnt/backups/Games/Roms/Core_Roms/nds/Mega Man ZX Advent.nds	/mnt/backups/Games/Roms/handheldbackup/RGBackup/Roms/nds/Mega Man ZX Advent.nds	67108864
/mnt/backups/Games/Roms/Core_Roms/nds/Mega Man ZX Advent.nds	/mnt/backups/Games/Roms/handheldbackup/emugames/Roms/nds/Mega Man ZX Advent.nds	67108864
/mnt/backups/Games/Roms/Core_Roms/nds/Mega Man ZX.nds	/mnt/backups/Games/Roms/handheldbackup/PS Classic/MagnusRCfarewellv2/roms/nds/Mega Man ZX.nds	67108864
/mnt/backups/Games/Roms/Core_Roms/nds/Mega Man ZX.nds	/mnt/backups/Games/Roms/handheldbackup/RGBackup/Roms/nds/Mega Man ZX.nds	67108864
/mnt/backups/Games/Roms/Core_Roms/nds/Mega Man ZX.nds	/mnt/backups/Games/Roms/handheldbackup/emugames/Roms/nds/Mega Man ZX.nds	67108864
/mnt/backups/Games/Roms/Core_Roms/nds/Mega Man Zero Collection.nds	/mnt/backups/Games/Roms/handheldbackup/PS Classic/MagnusRCfarewellv2/roms/nds/Mega Man Zero Collection.nds	67108864
/mnt/backups/Games/Roms/Core_Roms/nds/Mega Man Zero Collection.nds	/mnt/backups/Games/Roms/handheldbackup/RGBackup/Roms/nds/Mega Man Zero Collection.nds	67108864
/mnt/backups/Games/Roms/Core_Roms/nds/Mega Man Zero Collection.nds	/mnt/backups/Games/Roms/handheldbackup/emugames/Roms/nds/Mega Man Zero Collection.nds	67108864
/mnt/backups/Games/Roms/Core_Roms/nds/Metal Slug 7.nds	/mnt/backups/Games/Roms/handheldbackup/PS Classic/MagnusRCfarewellv2/roms/nds/Metal Slug 7.nds	67108864
/mnt/backups/Games/Roms/Core_Roms/nds/Metal Slug 7.nds	/mnt/backups/Games/Roms/handheldbackup/RGBackup/Roms/nds/Metal Slug 7.nds	67108864
/mnt/backups/Games/Roms/Core_Roms/nds/Metal Slug 7.nds	/mnt/backups/Games/Roms/handheldbackup/emugames/Roms/nds/Metal Slug 7.nds	67108864
/mnt/backups/Games/Roms/Core_Roms/nds/Metroid Prime Hunters.nds	/mnt/backups/Games/Roms/handheldbackup/PS Classic/MagnusRCfarewellv2/roms/nds/Metroid Prime Hunters.nds	67108864
/mnt/backups/Games/Roms/Core_Roms/nds/Metroid Prime Hunters.nds	/mnt/backups/Games/Roms/handheldbackup/RGBackup/Roms/nds/Metroid Prime Hunters.nds	67108864
/mnt/backups/Games/Roms/Core_Roms/nds/Metroid Prime Hunters.nds	/mnt/backups/Games/Roms/handheldbackup/emugames/Roms/nds/Metroid Prime Hunters.nds	67108864
/mnt/backups/Games/Roms/Core_Roms/nds/Wario - Master of Disguise.nds	/mnt/backups/Games/Roms/handheldbackup/PS Classic/MagnusRCfarewellv2/roms/nds/Wario - Master of Disguise.nds	67108864
/mnt/backups/Games/Roms/Core_Roms/nds/Wario - Master of Disguise.nds	/mnt/backups/Games/Roms/handheldbackup/RGBackup/Roms/nds/Wario - Master of Disguise.nds	67108864
/mnt/backups/Games/Roms/Core_Roms/nds/Wario - Master of Disguise.nds	/mnt/backups/Games/Roms/handheldbackup/emugames/Roms/nds/Wario - Master of Disguise.nds	67108864
/mnt/backups/Games/Roms/Core_Roms/nds/Zelda - Phantom Hourglass.nds	/mnt/backups/Games/Roms/handheldbackup/PS Classic/MagnusRCfarewellv2/roms/nds/Zelda - Phantom Hourglass.nds	67108864
/mnt/backups/Games/Roms/Core_Roms/nds/Zelda - Phantom Hourglass.nds	/mnt/backups/Games/Roms/handheldbackup/RGBackup/Roms/nds/Zelda - Phantom Hourglass.nds	67108864
/mnt/backups/Games/Roms/Core_Roms/nds/Zelda - Phantom Hourglass.nds	/mnt/backups/Games/Roms/handheldbackup/emugames/Roms/nds/Zelda - Phantom Hourglass.nds	67108864
/mnt/backups/Games/Roms/handheldbackup/miyoomini backup/Roms/PS/Digimon World (USA).chd	/mnt/backups/Games/Roms/Archive/PS1/PS1USA/Digimon World (USA).chd	201190856
/mnt/backups/Games/Roms/handheldbackup/miyoomini backup/Roms/PS/Test Drive Off-Road 3 (USA).chd	/mnt/backups/Games/Roms/Archive/PS1/PS1USA/Test Drive Off-Road 3 (USA).chd	200743029
/mnt/backups/Games/Roms/handheldbackup/miyoomini backup/Roms/PS/Disney's Atlantis - The Lost Empire (USA).chd	/mnt/backups/Games/Roms/Archive/PS1/PS1USA/Disney's Atlantis - The Lost Empire (USA).chd	199678470
/mnt/backups/Games/Roms/handheldbackup/miyoomini backup/Roms/PS/Risk - The Game of Global Domination (USA).chd	/mnt/backups/Games/Roms/Archive/PS1/PS1USA/Risk - The Game of Global Domination (USA).chd	199049963
/mnt/backups/Games/Roms/Core_Roms/dreamcast/Super Magnetic Neo (USA).chd	/mnt/backups/Games/Roms/handheldbackup/RGBackup/Roms/dreamcast/Super Magnetic Neo (USA).chd	99458965
/mnt/backups/Games/Roms/Core_Roms/dreamcast/Super Magnetic Neo (USA).chd	/mnt/backups/Games/Roms/handheldbackup/emugames/Roms/dreamcast/Super Magnetic Neo (USA).chd	99458965
/mnt/backups/Games/Roms/Core_Roms/psx/Rapid Reload.chd	/mnt/backups/Games/Roms/handheldbackup/miyoomini backup/Roms/PS/Rapid Reload (Europe).chd	198382203
/mnt/backups/Games/Roms/handheldbackup/miyoomini backup/Roms/PS/Monster Rancher (USA).chd	/mnt/backups/Games/Roms/Archive/PS1/PS1USA/Monster Rancher (USA).chd	197151066
/mnt/backups/Games/Freespace 2/data2/tango1_fs2.vp	/mnt/backups/Games/Freespace 2/tango1_fs2.vp	195887233
/mnt/backups/Games/Roms/handheldbackup/RGBackup/PS/Breath of Fire III.PBP	/mnt/backups/Games/Roms/handheldbackup/RGCubeBackup/Roms/PS/Breath of Fire III.PBP	194389161
/mnt/backups/Games/Roms/handheldbackup/miyoomini backup/Roms/PS/Pro-Pinball (USA).chd	/mnt/backups/Games/Roms/Archive/PS1/PS1USA/Pro-Pinball (USA).chd	193450534
/mnt/backups/Games/Roms/Core_Roms/dreamcast/Sega Marine Fishing (USA).chd	/mnt/backups/Games/Roms/handheldbackup/RGBackup/Roms/dreamcast/Sega Marine Fishing (USA).chd	96675114
/mnt/backups/Games/Roms/Core_Roms/dreamcast/Sega Marine Fishing (USA).chd	/mnt/backups/Games/Roms/handheldbackup/emugames/Roms/dreamcast/Sega Marine Fishing (USA).chd	96675114
/mnt/backups/Games/Roms/handheldbackup/miyoomini backup/Roms/PORTS/Games/Redneck Rampage Rides Again (rednukem)/REDNECK.GRP	/mnt/backups/Games/Redneck Rampage/AGAIN/REDNECK.GRP	191798609
/mnt/backups/Games/Roms/handheldbackup/miyoomini backup/Roms/PS/Digimon World 2 (USA).chd	/mnt/backups/Games/Roms/Archive/PS1/PS1USA/Digimon World 2 (USA).chd	191458781
/mnt/backups/Games/Roms/handheldbackup/miyoomini backup/Roms/PS/No Fear Downhill Mountain Bike Racing (USA).chd	/mnt/backups/Games/Roms/Archive/PS1/PS1USA/No Fear Downhill Mountain Bike Racing (USA).chd	189566821
/mnt/backups/Games/Roms/Core_Roms/dreamcast/Sports Jam (USA).chd	/mnt/backups/Games/Roms/handheldbackup/RGBackup/Roms/dreamcast/Sports Jam (USA).chd	94629728
/mnt/backups/Games/Roms/Core_Roms/dreamcast/Sports Jam (USA).chd	/mnt/backups/Games/Roms/handheldbackup/emugames/Roms/dreamcast/Sports Jam (USA).chd	94629728
/mnt/backups/Games/Roms/Core_Roms/dreamcast/NFL QB Club 2001 (USA).chd	/mnt/backups/Games/Roms/handheldbackup/RGBackup/Roms/dreamcast/NFL QB Club 2001 (USA).chd	94309890
/mnt/backups/Games/Roms/Core_Roms/dreamcast/NFL QB Club 2001 (USA).chd	/mnt/backups/Games/Roms/handheldbackup/emugames/Roms/dreamcast/NFL QB Club 2001 (USA).chd	94309890
/mnt/backups/Games/Roms/Core_Roms/psx/Silent Bomber (USA).chd	/mnt/backups/Games/Roms/handheldbackup/miyoomini backup/Roms/PS/Silent Bomber (USA).chd	187652438
/mnt/backups/Games/Roms/handheldbackup/miyoomini backup/Roms/PS/Mr. Driller (USA).chd	/mnt/backups/Games/Roms/Archive/PS1/PS1USA/Mr. Driller (USA).chd	187322845
/mnt/backups/Games/Roms/handheldbackup/RGBackup/Bios/mame/artwork/snspell.zip	/mnt/backups/Games/Roms/handheldbackup/emugames/Bios/mame/artwork/snspell.zip	93267727
/mnt/backups/Games/Roms/handheldbackup/RGBackup/Bios/mame/artwork/snspell.zip	/mnt/backups/Games/Roms/Bios/retrobat/bios/mame/artwork/snspell.zip	93267727
/mnt/backups/Books/Serials to Clean/Unknown/The Family Handyman-2012-07 (410)/The Family Handyman-2012-07 - Unknown.pdf	/mnt/backups/Books/Serials to Clean/Unknown/The Family Handyman-2012-07 (410)/The Family Handyman-2012-07 - Unknown.pdf_repaired.pdf	186397694
/mnt/backups/Games/Roms/handheldbackup/miyoomini backup/Roms/PS/Tom Clancy's Rainbow Six - Rogue Spear (USA).chd	/mnt/backups/Games/Roms/Archive/PS1/PS1USA/Tom Clancy's Rainbow Six - Rogue Spear (USA).chd	184752243
/mnt/backups/Games/Roms/handheldbackup/RGBackup/Apps/RetroArch_aarch64.apk	/mnt/backups/Games/Roms/handheldbackup/emugames/Apps/RetroArch_aarch64.apk	180755852
/mnt/backups/Games/Roms/handheldbackup/miyoomini backup/Roms/PS/Asteroids (USA).chd	/mnt/backups/Games/Roms/handheldbackup/rg34xxsp_backup/Roms/PS/Asteroids (USA).chd	90322565
/mnt/backups/Games/Roms/handheldbackup/miyoomini backup/Roms/PS/Asteroids (USA).chd	/mnt/backups/Games/Roms/Archive/PS1/PS1USA/Asteroids (USA).chd	90322565
/mnt/backups/Books/Dups/Richard Deal/CCNA Cisco Certified Network Associate S (212)/CCNA Cisco Certified Network Associate S - Richard Deal.pdf	/mnt/backups/Books/Dups/Richard Deal/CCNA Cisco Certified Network Associate S (213)/CCNA Cisco Certified Network Associate S - Richard Deal.pdf	179388130
/mnt/backups/sunstreakerbackup/dnewman/.vscode/extensions/jebbs.markdown-extended-1.1.0/node_modules/puppeteer/.local-chromium/mac-686378/chrome-mac/Chromium.app/Contents/Frameworks/Chromium Framework.framework/Chromium Framework	/mnt/backups/sunstreakerbackup/dnewman/.vscode/extensions/jebbs.markdown-extended-1.1.0/node_modules/puppeteer/.local-chromium/mac-686378/chrome-mac/Chromium.app/Contents/Frameworks/Chromium Framework.framework/Versions/78.0.3882.0/Chromium Framework	177065088
/mnt/backups/googledrive/2020-06-25-08-40-49-0017.zip	/mnt/backups/sunstreakerbackup/dnewman/Insync/dwnewman78@gmail.com/googledrive/2020-06-25-08-40-49-0017.zip	176342731
/mnt/backups/BlurrBackup/20250813_backup/Downloads/Archives/Dictionary Glory 2.0 Update.zip	/mnt/backups/Games/Dictionary Glory 2.0 Update.zip	175752328
/mnt/backups/Games/Roms/handheldbackup/miyoomini backup/Roms/PS/Striker Pro 2000 (USA).chd	/mnt/backups/Games/Roms/Archive/PS1/PS1USA/Striker Pro 2000 (USA).chd	175639488
/mnt/backups/Games/Roms/handheldbackup/miyoomini backup/Roms/PS/Beat Mania.chd	/mnt/backups/Games/Roms/handheldbackup/rg34xxsp_backup/Roms/PS/Beat Mania.chd	174528988
/mnt/backups/Games/Roms/handheldbackup/miyoomini backup/Roms/PS/Circuit Breakers (USA).chd	/mnt/backups/Games/Roms/Archive/PS1/PS1USA/Circuit Breakers (USA).chd	172552125
/mnt/backups/Books/Serials to Clean/Unknown/The Family Handyman-2012-06 (409)/The Family Handyman-2012-06 - Unknown.pdf	/mnt/backups/Books/Serials to Clean/Unknown/The Family Handyman-2012-06 (409)/The Family Handyman-2012-06 - Unknown.pdf_repaired.pdf	169649956
/mnt/backups/Games/Roms/handheldbackup/miyoomini backup/Roms/SCUMMVM/Space Quest 4 - Roger Wilco and the Time Rippers/RESOURCE.AUD	/mnt/backups/Games/Space Quest 4/RESOURCE.AUD	168882321
/mnt/backups/Games/Roms/handheldbackup/miyoomini backup/Roms/PS/SaGa Frontier (USA).chd	/mnt/backups/Games/Roms/Archive/PS1/PS1USA/SaGa Frontier (USA).chd	168725956
/mnt/backups/Games/Roms/Core_Roms/psp/Atari Classics Evolved (US).iso	/mnt/backups/Games/Roms/handheldbackup/RGBackup/Roms/psp/Atari Classics Evolved (US).iso	83984384
/mnt/backups/Games/Roms/Core_Roms/psp/Atari Classics Evolved (US).iso	/mnt/backups/Games/Roms/handheldbackup/emugames/Roms/psp/Atari Classics Evolved (US).iso	83984384
/mnt/backups/BlurrBackup/20250813_backup/Downloads/Archives/Welcome v2.0.1.zip	/mnt/backups/Games/Welcome v2.0.1.zip	167375608
/mnt/backups/Games/Roms/handheldbackup/miyoomini backup/Roms/PS/NFL GameDay (USA).chd	/mnt/backups/Games/Roms/Archive/PS1/PS1USA/NFL GameDay (USA).chd	166895576
/mnt/backups/Games/Riot Games/League of Legends/RADS/projects/lol_game_client/releases/0.0.1.148/deploy/DATA/FINAL/Champions/Sona.wad.client	/mnt/backups/Games/Riot Games/League of Legends/RADS/solutions/lol_game_client_sln/releases/0.0.1.207/deploy/DATA/FINAL/Champions/Sona.wad.client	166430963
/mnt/backups/Games/Roms/handheldbackup/miyoomini backup/Roms/PS/Jarrett & Labonte Stock Car Racing (USA).chd	/mnt/backups/Games/Roms/Archive/PS1/PS1USA/Jarrett & Labonte Stock Car Racing (USA).chd	166016607
/mnt/backups/Games/Roms/handheldbackup/miyoomini backup/Roms/PS/Strike Point (USA).chd	/mnt/backups/Games/Roms/Archive/PS1/PS1USA/Strike Point (USA).chd	165266831
/mnt/backups/Games/Roms/Core_Roms/dreamcast/Industrial Spy - Operation Espionage (USA).chd	/mnt/backups/Games/Roms/handheldbackup/RGBackup/Roms/dreamcast/Industrial Spy - Operation Espionage (USA).chd	82611253
/mnt/backups/Games/Roms/Core_Roms/dreamcast/Industrial Spy - Operation Espionage (USA).chd	/mnt/backups/Games/Roms/handheldbackup/emugames/Roms/dreamcast/Industrial Spy - Operation Espionage (USA).chd	82611253
/mnt/backups/Games/Roms/handheldbackup/miyoomini backup/Roms/PS/Vegas Games 2000 (USA).chd	/mnt/backups/Games/Roms/Archive/PS1/PS1USA/Vegas Games 2000 (USA).chd	165053813
/mnt/backups/BlurrBackup/20250813_backup/Pictures/Camera Roll/2021/09/20210926_140509000_iOS.MOV	/mnt/backups/BlurrBackup/20250813_backup/Pictures/pics_to_organize/videos/2021/09/2021-09-26/2021-09-26-09-05-09.mov	164075978
/mnt/backups/Games/Roms/Region_Sorted/saturn/Japan/Yuushun - Classic Road (Japan).zip	/mnt/backups/Games/Roms/handheldbackup/RGBackup/Roms/saturn/Yuushun - Classic Road (Japan).zip	81680089
/mnt/backups/Games/Roms/Region_Sorted/saturn/Japan/Yuushun - Classic Road (Japan).zip	/mnt/backups/Games/Roms/handheldbackup/emugames/Roms/saturn/Yuushun - Classic Road (Japan).zip	81680089
/mnt/backups/Games/Roms/handheldbackup/RGBackup/Apps/ES-DE_3.3.0-50.apk	/mnt/backups/Games/Roms/handheldbackup/emugames/Apps/ES-DE_3.3.0-50.apk	81549760
/mnt/backups/Games/Roms/handheldbackup/RGBackup/Apps/ES-DE_3.3.0-50.apk	/mnt/backups/Games/Roms/handheldbackup/emugames/ES-DE_3.3.0-50.apk	81549760
/mnt/backups/BlurrBackup/home/tools/Insomnia Windows x64/Insomnia.exe	/mnt/backups/Games/Insomnia Windows x64/Insomnia.exe	81463296
/mnt/backups/BlurrBackup/home/tools/Insomnia Windows x64/Insomnia.exe	/mnt/backups/tools/Insomnia Windows x64/Insomnia.exe	81463296
/mnt/backups/Games/Roms/handheldbackup/miyoomini backup/Roms/PS/Gex - Enter the Gecko (USA).chd	/mnt/backups/Games/Roms/Archive/PS1/PS1USA/Gex - Enter the Gecko (USA).chd	161972803
/mnt/backups/Games/Roms/handheldbackup/miyoomini backup/Roms/PS/Championship Bass (USA).chd	/mnt/backups/Games/Roms/Archive/PS1/PS1USA/Championship Bass (USA).chd	161748741
/mnt/backups/Games/Roms/Archive/Official.CoinOPS.Collections.Nintendo.GameCube.Pack/collections/Nintendo GameCube/roms/Luigi's Mansion.gcz	/mnt/backups/Games/Roms/handheldbackup/emugames/Roms/gc/Luigi's Mansion.gcz	161341996
/mnt/backups/Games/Roms/Core_Roms/psx/Tomba!.chd	/mnt/backups/Games/Roms/handheldbackup/miyoomini backup/Roms/PS/Tomba! (USA).chd	160732135
/mnt/backups/Games/Roms/handheldbackup/miyoomini backup/Roms/PS/Big Bass Fishing (USA).chd	/mnt/backups/Games/Roms/handheldbackup/rg34xxsp_backup/Roms/PS/Big Bass Fishing (USA).chd	78411100
/mnt/backups/Games/Roms/handheldbackup/miyoomini backup/Roms/PS/Big Bass Fishing (USA).chd	/mnt/backups/Games/Roms/Archive/PS1/PS1USA/Big Bass Fishing (USA).chd	78411100
/mnt/backups/Games/Roms/Core_Roms/psx/Front Mission 2.chd	/mnt/backups/Games/Roms/handheldbackup/miyoomini backup/Roms/PS/Front Mission 2 (Japan) (Translated).chd	156382376
/mnt/backups/Games/Roms/handheldbackup/miyoomini backup/Roms/PS/Hoshigami - Ruining Blue Earth (USA).chd	/mnt/backups/Games/Roms/Archive/PS1/PS1USA/Hoshigami - Ruining Blue Earth (USA).chd	154928647
/mnt/backups/Books/Dups/Raymond Chang/General Chemistry_ The Essential Concept (286)/General Chemistry_ The Essential Concept - Raymond Chang.pdf	/mnt/backups/Books/Dups/Raymond Chang/General Chemistry_ The Essential Concept (287)/General Chemistry_ The Essential Concept - Raymond Chang.pdf	153555897
/mnt/backups/Games/Roms/handheldbackup/RGBackup/DREAMCAST/Marvel vs. Capcom 2 - New Age of Heroes (USA).chd	/mnt/backups/Games/Roms/handheldbackup/rg34xxsp_backup/Roms/DREAMCAST/Marvel vs. Capcom 2 - New Age of Heroes (USA).chd	152972364
/mnt/backups/Games/brickprobackup/Roms/FBNEO/Flying Vertical/pinkswts.zip	/mnt/backups/Games/brickprobackup/Roms/FBNEO/Flying/pinkswts.zip	151324523
/mnt/backups/Games/Roms/handheldbackup/RGBackup/OPENBOR/Castlevania Dracula's legacy.pak	/mnt/backups/Games/Roms/handheldbackup/rg34xxsp_backup/Roms/OPENBOR/Castlevania Dracula's legacy.pak	73840818
/mnt/backups/Games/Roms/handheldbackup/RGBackup/OPENBOR/Castlevania Dracula's legacy.pak	/mnt/backups/Games/brickprobackup/Roms/OPENBOR/Castlevania - Legacy of Dracula.pak	73840818
/mnt/backups/Games/Roms/handheldbackup/RGBackup/ATOMISWAVE/rumblef2.zip	/mnt/backups/Games/Roms/handheldbackup/rg34xxsp_backup/Roms/ATOMISWAVE/rumblef2.zip	146663379
/mnt/backups/Games/Roms/Core_Roms/psx/Hot Shots Golf (USA).chd	/mnt/backups/Games/Roms/Core_Roms/psx/Hot Shots Golf.chd	145880603
/mnt/backups/Games/Roms/handheldbackup/RGBackup/NAOMI/asndynmt.zip	/mnt/backups/Games/Roms/handheldbackup/rg34xxsp_backup/Roms/NAOMI/asndynmt.zip	145831304
/mnt/backups/Games/Roms/handheldbackup/miyoomini backup/Roms/PS/Roll Away (USA).chd	/mnt/backups/Games/Roms/Archive/PS1/PS1USA/Roll Away (USA).chd	144567373
/mnt/backups/Games/Roms/handheldbackup/miyoomini backup/Roms/SEGACD/Road Avenger (USA).chd	/mnt/backups/Games/Roms/Core_Roms/segacd/Road Avenger.chd	144288525
/mnt/backups/Games/Roms/handheldbackup/RGBackup/NAOMI/mamonoro.zip	/mnt/backups/Games/Roms/handheldbackup/rg34xxsp_backup/Roms/NAOMI/mamonoro.zip	143842655
/mnt/backups/Games/Roms/handheldbackup/RGBackup/CPS3/sfiii3.zip	/mnt/backups/Games/Roms/handheldbackup/RGCubeBackup/Roms/CPS3/sfiii3.zip	70592155
/mnt/backups/Games/Roms/handheldbackup/RGBackup/CPS3/sfiii3.zip	/mnt/backups/Games/Roms/handheldbackup/rg34xxsp_backup/Roms/CPS3/sfiii3.zip	70592155
/mnt/backups/Games/Roms/Core_Roms/mame/sfiii3u.zip	/mnt/backups/Games/Roms/handheldbackup/RGBackup/Roms/mame/sfiii3u.zip	70592131
/mnt/backups/Games/Roms/Core_Roms/mame/sfiii3u.zip	/mnt/backups/Games/Roms/handheldbackup/emugames/Roms/mame/sfiii3u.zip	70592131
/mnt/backups/Games/Roms/handheldbackup/miyoomini backup/Roms/PORTS/Games/Redneck Rampage (rednukem)/REDNECK.GRP	/mnt/backups/Games/Redneck Rampage/REDNECK.GRP	141174222
/mnt/backups/Games/Roms/handheldbackup/miyoomini backup/Roms/PS/No One Can Stop Mr. Domino (USA).chd	/mnt/backups/Games/Roms/Archive/PS1/PS1USA/No One Can Stop Mr. Domino (USA).chd	140134253
/mnt/backups/Games/Roms/handheldbackup/miyoomini backup/Roms/PS/Disney-Pixar Toy Story Racer (USA).chd	/mnt/backups/Games/Roms/Archive/PS1/PS1USA/Disney-Pixar Toy Story Racer (USA).chd	139316742
/mnt/backups/Games/Roms/handheldbackup/miyoomini backup/Roms/PS/Blazing Dragons (USA).chd	/mnt/backups/Games/Roms/Archive/PS1/PS1USA/Blazing Dragons (USA).chd	137133126
/mnt/backups/Games/Roms/Region_Sorted/psx/Europe/Bishi Bashi Special (Europe).chd	/mnt/backups/Games/Roms/handheldbackup/miyoomini backup/Roms/PS/Bishi Bashi Special (Europe).chd	135409385
/mnt/backups/Games/Roms/Archive/mame/MAME.0.145.Full.Roms.Set.Collection.Including.Extras.and.CHD.Roms.DVD.03.of.65-oNePiEcE/19_94_5.6-1_2.rom	/mnt/backups/Games/Roms/Archive/mame/MAME.0.145.Full.Roms.Set.Collection.Including.Extras.and.CHD.Roms.DVD.03.of.65-oNePiEcE/gamtor1994_5.6-0#2.rom	67108864
/mnt/backups/Games/Roms/Archive/mame/MAME.0.145.Full.Roms.Set.Collection.Including.Extras.and.CHD.Roms.DVD.03.of.65-oNePiEcE/19_94_5.6-1_2.rom	/mnt/backups/Games/Roms/Archive/mame/MAME.0.145.Full.Roms.Set.Collection.Including.Extras.and.CHD.Roms.DVD.03.of.65-oNePiEcE/gamtor19_94_5.6-5#2.rom	67108864
/mnt/backups/Games/Roms/Archive/mame/MAME.0.145.Full.Roms.Set.Collection.Including.Extras.and.CHD.Roms.DVD.03.of.65-oNePiEcE/g18_94_5-6-0_2	/mnt/backups/Games/Roms/Archive/mame/MAME.0.145.Full.Roms.Set.Collection.Including.Extras.and.CHD.Roms.DVD.03.of.65-oNePiEcE/g18_94_5.6-0_2.rom	67108864
/mnt/backups/Games/Roms/Archive/mame/MAME.0.145.Full.Roms.Set.Collection.Including.Extras.and.CHD.Roms.DVD.03.of.65-oNePiEcE/g18_94_5-6-0_2	/mnt/backups/Games/Roms/Archive/mame/MAME.0.145.Full.Roms.Set.Collection.Including.Extras.and.CHD.Roms.DVD.03.of.65-oNePiEcE/gamtor18_92_5.6-5#2.rom	67108864
/mnt/backups/Games/Roms/Archive/mame/MAME.0.145.Full.Roms.Set.Collection.Including.Extras.and.CHD.Roms.DVD.03.of.65-oNePiEcE/gam_11_94_5.6-0_2.rom	/mnt/backups/Games/Roms/Archive/mame/MAME.0.145.Full.Roms.Set.Collection.Including.Extras.and.CHD.Roms.DVD.03.of.65-oNePiEcE/gamt11-9x-5.6-0.rom2	67108864
/mnt/backups/Games/Roms/Archive/mame/MAME.0.145.Full.Roms.Set.Collection.Including.Extras.and.CHD.Roms.DVD.03.of.65-oNePiEcE/gam_11_94_5.6-0_2.rom	/mnt/backups/Games/Roms/Archive/mame/MAME.0.145.Full.Roms.Set.Collection.Including.Extras.and.CHD.Roms.DVD.03.of.65-oNePiEcE/gamt11-9x-5.6-5.rom2	67108864
/mnt/backups/Games/Roms/Archive/mame/MAME.0.145.Full.Roms.Set.Collection.Including.Extras.and.CHD.Roms.DVD.03.of.65-oNePiEcE/gamt12-9x-5.5-6.rom2	/mnt/backups/Games/Roms/Archive/mame/MAME.0.145.Full.Roms.Set.Collection.Including.Extras.and.CHD.Roms.DVD.03.of.65-oNePiEcE/gamt12-9x-5.6-0.rom2	67108864
/mnt/backups/Games/Roms/Archive/mame/MAME.0.145.Full.Roms.Set.Collection.Including.Extras.and.CHD.Roms.DVD.03.of.65-oNePiEcE/gamt12-9x-5.5-6.rom2	/mnt/backups/Games/Roms/Archive/mame/MAME.0.145.Full.Roms.Set.Collection.Including.Extras.and.CHD.Roms.DVD.03.of.65-oNePiEcE/gamt12-9x-5.6-5.rom2	67108864
/mnt/backups/Games/Roms/Archive/mame/MAME.0.145.Full.Roms.Set.Collection.Including.Extras.and.CHD.Roms.DVD.04.of.65-oNePiEcE/gaminator7 92_2(v.5.6-10).bin	/mnt/backups/Games/Roms/Archive/mame/MAME.0.145.Full.Roms.Set.Collection.Including.Extras.and.CHD.Roms.DVD.04.of.65-oNePiEcE/gaminator792#2-v5.6-5.rom	67108864
/mnt/backups/Games/Roms/Archive/mame/MAME.0.145.Full.Roms.Set.Collection.Including.Extras.and.CHD.Roms.DVD.04.of.65-oNePiEcE/gaminator7 92_2(v.5.6-10).bin	/mnt/backups/Games/Roms/Archive/mame/MAME.0.145.Full.Roms.Set.Collection.Including.Extras.and.CHD.Roms.DVD.04.of.65-oNePiEcE/gaminator792#2_v5.6-4.rom	67108864
/mnt/backups/Games/Roms/Archive/RetroArch/_FAILED_NDS.Complete.English.Romset.P-S.SlipperyJim/Pokemon - Platinum Version (v01) (US) (4998).nds	/mnt/backups/Games/Roms/handheldbackup/miyoomini backup/Roms/NDS/Pokemon - Platinum Version.nds	134217728
/mnt/backups/Games/Roms/Archive/RetroArch/_FAILED_NDS.Complete.English.Romset.P-S.SlipperyJim/Radiant Historia (US) (5574).nds	/mnt/backups/Games/Roms/handheldbackup/miyoomini backup/Roms/NDS/Radiant Historia.nds	134217728
/mnt/backups/Games/Roms/Archive/RetroArch/_FAILED_NDS.Complete.English.Romset.P-S.SlipperyJim/Shin Megami Tensei - Strange Journey (US) (4821).nds	/mnt/backups/Games/Roms/handheldbackup/miyoomini backup/Roms/NDS/Shin Megami Tensei - Strange Journey.nds	134217728
/mnt/backups/Games/Roms/handheldbackup/RGBackup/ATOMISWAVE/ggisuka.zip	/mnt/backups/Games/Roms/handheldbackup/rg34xxsp_backup/Roms/ATOMISWAVE/ggisuka.zip	132036064
/mnt/backups/Books/Serials to Clean/Unknown/Fine Homebuilding 229 2012-09 (392)/Fine Homebuilding 229 2012-09 - Unknown.pdf	/mnt/backups/Books/Serials to Clean/Unknown/Fine Homebuilding 229 2012-09 (392)/Fine Homebuilding 229 2012-09 - Unknown.pdf_repaired.pdf	129157069
/mnt/backups/Games/Roms/handheldbackup/miyoomini backup/Roms/SCUMMVM/Gabriel Knight Sins Of The Fathers/AVI/MAKINGGK.AVI	/mnt/backups/Games/Gabriel Knight/AVI/MAKINGGK.AVI	128215800
/mnt/backups/BlurrBackup/Downloads/DiscordPTB/DiscordPTB	/mnt/backups/sunstreakerbackup/dnewman/Insync/dwnewman78@gmail.com/googledrive/Applications/DiscordPTB/DiscordPTB	127549656
/mnt/backups/Games/Roms/Core_Roms/psx/Misadventures of Tron Bonne, The (USA).chd	/mnt/backups/Games/Roms/handheldbackup/miyoomini backup/Roms/PS/Misadventures of Tron Bonne, The (USA).chd	127182151
/mnt/backups/BlurrBackup/Downloads/MiscDownloads/MFC-7460DN-inst-C1-USA.EXE	/mnt/backups/WindowsSetup/MFC-7460DN-inst-C1-USA.EXE	126508280
/mnt/backups/Games/Roms/handheldbackup/miyoomini backup/Roms/PS/Clock Tower II - The Struggle Within (USA).chd	/mnt/backups/Games/Roms/Archive/PS1/PS1USA/Clock Tower II - The Struggle Within (USA).chd	125236276
/mnt/backups/Books/Serials to Clean/Dec 2012/Popular Mechanics (51)/Popular Mechanics - Dec 2012.pdf	/mnt/backups/Books/Serials to Clean/Dec 2012/Popular Mechanics (51)/Popular Mechanics - Dec 2012.pdf_repaired.pdf	124621275
/mnt/backups/Games/Roms/handheldbackup/miyoomini backup/Roms/PS/Gundam Battle Assault 2 (USA).chd	/mnt/backups/Games/Roms/Archive/PS1/PS1USA/Gundam Battle Assault 2 (USA).chd	123807145
/mnt/backups/Games/Roms/handheldbackup/RGBackup/NAOMI/pjustic.zip	/mnt/backups/Games/Roms/handheldbackup/rg34xxsp_backup/Roms/NAOMI/pjustic.zip	122945666
/mnt/backups/googledrive/zoom_0.mp4	/mnt/backups/sunstreakerbackup/dnewman/Insync/dwnewman78@gmail.com/googledrive/zoom_0.mp4	122076472
/mnt/backups/Games/Roms/handheldbackup/miyoomini backup/Roms/PS/Vandal Hearts II (USA).chd	/mnt/backups/Games/Roms/Archive/PS1/PS1USA/Vandal Hearts II (USA).chd	121314417
/mnt/backups/Games/SinistriaDemo/Project Sinistria_Data/sharedassets0.assets.resS	/mnt/backups/Games/sinistria/Project Sinistria_Data/sharedassets0.assets.resS	121008600
/mnt/backups/Games/Roms/handheldbackup/RGBackup/ATOMISWAVE/dirtypig.zip	/mnt/backups/Games/Roms/handheldbackup/rg34xxsp_backup/Roms/ATOMISWAVE/dirtypig.zip	120601236
/mnt/backups/Books/Books to Clean up/Unknown/Same Place More Space (OCR) (177)/Same Place More Space (OCR) - Unknown.pdf	/mnt/backups/Books/Sorted/Karl Champley/Same Place, More Space_ 50 Projects to Maximize Every Room in the House (11924)/Same Place, More Space_ 50 Projects to Max - Karl Champley.pdf	118724917
/mnt/backups/Books/Serials to Clean/Sept 2012/Popular Mechanics USA - September 2012 (81)/Popular Mechanics USA - September 2012 - Sept 2012.pdf	/mnt/backups/Books/Serials to Clean/Sept 2012/Popular Mechanics USA - September 2012 (83)/Popular Mechanics USA - September 2012 - Sept 2012.pdf	118321739
/mnt/backups/Games/Roms/handheldbackup/RGBackup/ATOMISWAVE/fotns.zip	/mnt/backups/Games/Roms/handheldbackup/rg34xxsp_backup/Roms/ATOMISWAVE/fotns.zip	117698415
/mnt/backups/Books/Sorted/Darren Naish/Dinosaurs_ A Visual Encyclopedia (5960)/Dinosaurs_ A Visual Encyclopedi - Darren Naish.pdf	/mnt/backups/Books/Sorted/DK Publishing/Dinosaurs a Visual Encyclopedia (7415)/Dinosaurs a Visual Encyclopedia - DK Publishing.pdf	114482146
/mnt/backups/Games/Roms/handheldbackup/RGBackup/ES-DE/downloaded_media/megadrive/manuals/Advanced Daisenryaku - Deutsch Dengeki Sakusen (Japan) (Rev A).pdf	/mnt/backups/Games/Roms/handheldbackup/emugames/ES-DE/downloaded_media/megadrive/manuals/Advanced Daisenryaku - Deutsch Dengeki Sakusen (Japan) (Rev A).pdf	113948526
/mnt/backups/Games/Roms/Core_Roms/psx/I.Q - Intelligent Qube (USA).chd	/mnt/backups/Games/Roms/Core_Roms/psx/I.Q - Intelligent Qube.chd	113791010
/mnt/backups/Games/Roms/handheldbackup/RGBackup/ATOMISWAVE/ggx15.zip	/mnt/backups/Games/Roms/handheldbackup/rg34xxsp_backup/Roms/ATOMISWAVE/ggx15.zip	113562128
/mnt/backups/Games/Roms/handheldbackup/emugames/Roms/mame/spikeout.zip	/mnt/backups/Games/Roms/Archive/RetroArch/_FAILED_Roms/MAME Plus + 6000 Roms + Extras Deluxe [www.SpaTorrent.com]/roms/spikeout.zip	112142985
/mnt/backups/ISOs/Oracle11203/database/stage/Components/oracle.javavm.containers/11.2.0.3.0/1/DataFiles/filegroup4.jar	/mnt/backups/ISOs/Oracle11203/grid/stage/Components/oracle.javavm.containers/11.2.0.3.0/1/DataFiles/filegroup4.jar	109971234
/mnt/backups/Games/Nexus - The Jupiter Incident/nexus_01_08.dat	/mnt/backups/Games/Nexus - The Jupiter Incident/nexusm_01_08.dat	109946712
/mnt/backups/Games/Roms/handheldbackup/RGBackup/OPENBOR/Night Slashers X.pak	/mnt/backups/Games/Roms/handheldbackup/rg34xxsp_backup/Roms/OPENBOR/Night Slashers X.pak	109776917
/mnt/backups/Games/Roms/handheldbackup/miyoomini backup/Roms/PS/Assault Retribution (USA).chd	/mnt/backups/Games/Roms/Archive/PS1/PS1USA/Assault - Retribution (USA).chd	109705457
/mnt/backups/Games/Roms/handheldbackup/RGBackup/ATOMISWAVE/rumblef.zip	/mnt/backups/Games/Roms/handheldbackup/rg34xxsp_backup/Roms/ATOMISWAVE/rumblef.zip	109687339
/mnt/backups/Games/Roms/handheldbackup/RGBackup/ATOMISWAVE/demofist.zip	/mnt/backups/Games/Roms/handheldbackup/rg34xxsp_backup/Roms/ATOMISWAVE/demofist.zip	109631426
/mnt/backups/Games/ScummVM/Working/Backyard Baseball (CD Windows)/BASEBALL.HE2	/mnt/backups/Games/Roms/handheldbackup/miyoomini backup/Roms/SCUMMVM/Backyard Baseball/BASEBALL.HE2	109222006
/mnt/backups/Books/Serials to Clean/Oct 2012/Popular Mechanics (70)/Popular Mechanics - Oct 2012.pdf	/mnt/backups/Books/Serials to Clean/Oct 2012/Popular Mechanics (70)/Popular Mechanics - Oct 2012.pdf_repaired.pdf	106297878
/mnt/backups/Games/Roms/handheldbackup/miyoomini backup/Roms/PS/Panzer Front (USA).chd	/mnt/backups/Games/Roms/Archive/PS1/PS1USA/Panzer Front (USA).chd	105947601
/mnt/backups/BlurrBackup/Downloads/legacy-games-launcher-setup-1.10.0-x64-full.exe	/mnt/backups/BlurrBackup/20250813_backup/Downloads/Apps/legacy-games-launcher-setup-1.10.0-x64-full.exe	105077880
/mnt/backups/Games/Roms/handheldbackup/miyoomini backup/Roms/PS/Tennis Arena (USA).chd	/mnt/backups/Games/Roms/Archive/PS1/PS1USA/Tennis Arena (USA).chd	104462888
/mnt/backups/Games/Roms/handheldbackup/RGBackup/DREAMCAST/Power Stone (USA).chd	/mnt/backups/Games/Roms/handheldbackup/rg34xxsp_backup/Roms/DREAMCAST/Power Stone (USA).chd	102694373
/mnt/backups/Books/Serials to Clean/Jan 2012/Popular Mechanics (55)/Popular Mechanics - Jan 2012.pdf	/mnt/backups/Books/Serials to Clean/Jan 2012/Popular Mechanics (55)/Popular Mechanics - Jan 2012.pdf_repaired.pdf	102039128
/mnt/backups/BlurrBackup/home/tools/livebook-win32-x64/livebook.exe	/mnt/backups/tools/livebook-win32-x64/livebook.exe	99923456
/mnt/backups/Games/Roms/Core_Roms/gamegear/manuals/Dynamite Headdy (USA, Europe)-manual.pdf	/mnt/backups/Games/Roms/Media/gamegear/manuals/Dynamite Headdy (USA, Europe)-manual.pdf	99716977
/mnt/backups/Games/Roms/handheldbackup/miyoomini backup/Roms/SEGACD/Rise of the Dragon (USA) (Rerelease) (RE).chd	/mnt/backups/Games/Roms/Core_Roms/segacd/Rise of the Dragon.chd	99505485
/mnt/backups/sunstreakerbackup/dnewman/Downloads/backup-10.22.2021_17-32-35_floatingman/homedir/public_html/wp-content/uploads/matomo/DBIP-City.mmdb	/mnt/backups/Misc/hostgator/backup-10.22.2021_17-32-35_floatingman/homedir/public_html/wp-content/uploads/matomo/DBIP-City.mmdb	98871265
/mnt/backups/Games/brickprobackup/Roms/FBNEO/Flying Vertical/futari15.zip	/mnt/backups/Games/brickprobackup/Roms/FBNEO/Flying/futari15.zip	98052208
/mnt/backups/Games/Nexus - The Jupiter Incident/nexus_01_02.dat	/mnt/backups/Games/Nexus - The Jupiter Incident/nexusm_01_02.dat	97899240
/mnt/backups/Games/Nexus - The Jupiter Incident/nexus_02.dat	/mnt/backups/Games/Nexus - The Jupiter Incident/nexusm_00_02.dat	97383388
/mnt/backups/Books/Serials to Clean/Man Caves 2012/Man Caves 2012 (59)/Man Caves 2012 - Man Caves 2012.pdf	/mnt/backups/Books/Serials to Clean/Man Caves 2012/Man Caves 2012 (59)/Man Caves 2012 - Man Caves 2012.pdf_repaired.pdf	94761627
/mnt/backups/Games/Roms/handheldbackup/miyoomini backup/Roms/PS/Vagrant Story (USA).chd	/mnt/backups/Games/Roms/Archive/PS1/PS1USA/Vagrant Story (USA).chd	94626878
/mnt/backups/BlurrBackup/home/vagrantboxes/JEE-provision-local-development-environment/.git/objects/pack/pack-aed16ff94a315c1fa26d2b6bf6247e65f70bcbe7.pack	/mnt/backups/BlurrBackup/vagrantboxes/JEE-provision-local-development-environment/.git/objects/pack/pack-aed16ff94a315c1fa26d2b6bf6247e65f70bcbe7.pack	93868741
/mnt/backups/BlurrBackup/home/vagrantboxes/oldvagrantboxes/DND/www/phpcs/.git/objects/pack/pack-2a5c46511b0ccc316249b49eba29997884091e63.pack	/mnt/backups/BlurrBackup/vagrantboxes/oldvagrantboxes/DND/www/phpcs/.git/objects/pack/pack-2a5c46511b0ccc316249b49eba29997884091e63.pack	92978449
/mnt/backups/Books/Dups/Thomas Petruzzellis/Electronics Sensors for the Evil Genius_ (253)/Electronics Sensors for the Evil Genius_ - Thomas Petruzzellis.pdf	/mnt/backups/Books/Sorted/Dave Prochnow/101 Outer Space Projects for the Evil Genius (12022)/101 Outer Space Projects for the Evil Geni - Dave Prochnow.pdf	91619685
/mnt/backups/Games/Roms/handheldbackup/RGBackup/PS/Harvest Moon Back to Nature.PBP	/mnt/backups/Games/Roms/handheldbackup/RGCubeBackup/Roms/PS/Harvest Moon Back to Nature.PBP	91462041
/mnt/backups/Games/Roms/handheldbackup/miyoomini backup/RApp/scummvm/scummvm	/mnt/backups/Games/Roms/handheldbackup/miyoomini backup/App/PackageManager/data/RApp/SCUMM (ScummVM standalone)/RApp/scummvm/scummvm	91177300
/mnt/backups/Books/Dups/Mario Ferrari/Building Robots With Lego Mindstorms NXT (198)/Building Robots With Lego Mindstorms NXT - Mario Ferrari.pdf	/mnt/backups/Books/Dups/Mario Ferrari/Building Robots With LEGO Mindstorms NXT (199)/Building Robots With LEGO Mindstorms NXT - Mario Ferrari.pdf	89086644
/mnt/backups/Books/Dups/John Gerlach/Digital Nature Photography_ The Art and  (248)/Digital Nature Photography_ The Art and  - John Gerlach.pdf	/mnt/backups/Books/Dups/John Gerlach/Digital Nature Photography_ The Art and  (249)/Digital Nature Photography_ The Art and  - John Gerlach.pdf	87789735
/mnt/backups/BlurrBackup/20250813_backup/Pictures/Camera Roll/2020/04/20200408_195626000_iOS.MOV	/mnt/backups/BlurrBackup/20250813_backup/Pictures/pics_to_organize/videos/2020/04/2020-04-08/2020-04-08-14-56-26.mov	86661708
/mnt/backups/Games/Nobodys Home_WIN/nw.dll	/mnt/backups/Games/strategy games/ExorcistCharlotte_en_utf8/nw.dll	84381696
/mnt/backups/Games/Roms/handheldbackup/RGBackup/NAOMI/ggx.zip	/mnt/backups/Games/Roms/handheldbackup/rg34xxsp_backup/Roms/NAOMI/ggx.zip	84061470
/mnt/backups/Games/Roms/handheldbackup/miyoomini backup/Roms/PS/Billiards (USA).chd	/mnt/backups/Games/Roms/Archive/PS1/PS1USA/Billiards (USA).chd	83943585
/mnt/backups/Games/Nexus - The Jupiter Incident/nexus_01_04.dat	/mnt/backups/Games/Nexus - The Jupiter Incident/nexusm_01_04.dat	83929624
/mnt/backups/Games/Nexus - The Jupiter Incident/nexus_04.dat	/mnt/backups/Games/Nexus - The Jupiter Incident/nexusm_00_04.dat	83613612
/mnt/backups/Games/Roms/handheldbackup/rg34xxsp_backup/Roms/DREAMCAST/Silent Scope (USA).chd	/mnt/backups/Games/Roms/Archive/Official.CoinOPS.Collections.Sega.Dreamcast.Pack/collections/Sega Dreamcast/roms/Silent Scope (USA).chd	83466043
/mnt/backups/Games/Roms/handheldbackup/RGBackup/ATOMISWAVE/dolphin.zip	/mnt/backups/Games/Roms/handheldbackup/rg34xxsp_backup/Roms/ATOMISWAVE/dolphin.zip	82625969
/mnt/backups/Games/Roms/handheldbackup/RGBackup/NAOMI/mvsc2.zip	/mnt/backups/Games/Roms/handheldbackup/rg34xxsp_backup/Roms/NAOMI/mvsc2.zip	82421599
/mnt/backups/Games/Roms/handheldbackup/miyoomini backup/Roms/PS/Kickboxing (USA).chd	/mnt/backups/Games/Roms/Archive/PS1/PS1USA/Kickboxing (USA).chd	81889022
/mnt/backups/Games/brickprobackup/Roms/FBNEO/Flying Vertical/ddpdfk.zip	/mnt/backups/Games/brickprobackup/Roms/FBNEO/Flying/ddpdfk.zip	81588023
/mnt/backups/ISOs/Oracle11203/database/stage/Components/oracle.sysman.console.db/11.2.0.3.0/1/DataFiles/filegroup8.jar	/mnt/backups/ISOs/Oracle11203/database/stage/Components/oracle.sysman.plugin.db.main.oms/11.2.0.3.0/1/DataFiles/filegroup2.jar	81422040
/mnt/backups/Games/The Chronicles of Riddick/Content/Videos/ProfileHigh/GUI/attract.m2v	/mnt/backups/Games/The Chronicles of Riddick/Content/Videos/ProfileHigh/GUI/demoexit.m2v	80466238
/mnt/backups/tools/tdarr/Tdarr_Node/node_modules/ffmpeg-static/ffmpeg.exe	/mnt/backups/tools/tdarr/Tdarr_Server/node_modules/ffmpeg-static/ffmpeg.exe	78497792
/mnt/backups/Games/Nexus - The Jupiter Incident/nexus_01_01.dat	/mnt/backups/Games/Nexus - The Jupiter Incident/nexusm_01_01.dat	76697304
/mnt/backups/ISOs/Oracle11203/client/stage/Components/oracle.dbdev/11.2.0.3.0/1/DataFiles/filegroup1.jar	/mnt/backups/ISOs/Oracle11203/database/stage/Components/oracle.dbdev/11.2.0.3.0/1/DataFiles/filegroup1.jar	76618211
/mnt/backups/BlurrBackup/20250813_backup/Pictures/Camera Roll/2020/12/20201218_172153000_iOS.MOV	/mnt/backups/BlurrBackup/20250813_backup/Pictures/pics_to_organize/videos/2020/12/2020-12-18/2020-12-18-11-21-53.mov	76550129
/mnt/backups/Books/Serials to Clean/Jan 2012/Popular Science (54)/Popular Science - Jan 2012.pdf	/mnt/backups/Books/Serials to Clean/Jan 2012/Popular Science (54)/Popular Science - Jan 2012.pdf_repaired.pdf	75347940
/mnt/backups/Games/Desperados 2/data/Video/Outro.bik	/mnt/backups/Games/Desperados 2/data/Video/M06/Outro.bik	75209056
/mnt/backups/Books/Serials to Clean/Unknown/American Woodworker 162 2012-10 (403)/American Woodworker 162 2012-10 - Unknown.pdf	/mnt/backups/Books/Serials to Clean/Unknown/American Woodworker 162 2012-10 (403)/American Woodworker 162 2012-10 - Unknown.pdf_repaired.pdf	74043194
/mnt/backups/Games/Nexus - The Jupiter Incident/nexus_01_05.dat	/mnt/backups/Games/Nexus - The Jupiter Incident/nexusm_01_05.dat	73846304
/mnt/backups/Games/Nexus - The Jupiter Incident/nexus_05.dat	/mnt/backups/Games/Nexus - The Jupiter Incident/nexusm_00_05.dat	73636112
/mnt/backups/Games/brickprobackup/Roms/FBNEO/Flying Vertical/ddpsdoj.zip	/mnt/backups/Games/brickprobackup/Roms/FBNEO/Flying/ddpsdoj.zip	73593045
/mnt/backups/BlurrBackup/REAPER Media/funkybassthing/funkybassthing.wav	/mnt/backups/backup/dnewman/Desktop/toupload/funkybassthing.wav	73383136
/mnt/backups/Games/ScummVM/Working/Backyard Baseball (CD Windows)/BASEBALL.HE1	/mnt/backups/Games/Roms/handheldbackup/miyoomini backup/Roms/SCUMMVM/Backyard Baseball/BASEBALL.HE1	73061054
/mnt/backups/Games/Freespace 2/data3/tango2_fs2.vp	/mnt/backups/Games/Freespace 2/tango2_fs2.vp	72778161
/mnt/backups/Books/Serials/Unknown/Linux-Voice-Issue-010 (1011)/Linux-Voice-Issue-010 - Unknown.pdf	/mnt/backups/Books/Serials/Unknown/Linux-Voice-Issue-010 (748)/Linux-Voice-Issue-010 - Unknown.pdf	72615711
/mnt/backups/Games/Roms/handheldbackup/miyoomini backup/Roms/SCUMMVM/Beneath a Steel Sky (CD VGA)/sky.dsk	/mnt/backups/Games/Roms/handheldbackup/miyoomini backup/Roms/SCUMMVM/Beneath a Steel Sky/sky.dsk	72429382
/mnt/backups/ISOs/Oracle11203/database/stage/Components/oracle.rdbms/11.2.0.3.0/1/DataFiles/filegroup40.jar	/mnt/backups/ISOs/Oracle11203/grid/stage/Components/oracle.rdbms/11.2.0.3.0/1/DataFiles/filegroup40.jar	72419106
/mnt/backups/Books/Serials/Unknown/Linux-Voice-Issue-011 (1012)/Linux-Voice-Issue-011 - Unknown.pdf	/mnt/backups/Books/Serials/Unknown/Linux-Voice-Issue-011 (749)/Linux-Voice-Issue-011 - Unknown.pdf	71937068
/mnt/backups/Games/Roms/handheldbackup/miyoomini backup/Roms/PS/Strikers 1945 (USA).chd	/mnt/backups/Games/Roms/Archive/PS1/PS1USA/Strikers 1945 (USA).chd	71046943
/mnt/backups/Games/brickprobackup/Roms/FBNEO/Flying Vertical/sdojak.zip	/mnt/backups/Games/brickprobackup/Roms/FBNEO/Flying/sdojak.zip	70905999
/mnt/backups/Games/brickprobackup/Roms/CPS3/sfiii3.zip	/mnt/backups/Games/Roms/handheldbackup/miyoomini backup/Roms/FBNEO/sfiii3.zip	70592155
/mnt/backups/Games/Roms/handheldbackup/RGBackup/FBNEO/sfiii3.zip	/mnt/backups/Games/Roms/handheldbackup/rg34xxsp_backup/Roms/FBNEO/sfiii3.zip	70592133
/mnt/backups/Books/Serials to Clean/Feb 2012/Popular Science (53)/Popular Science - Feb 2012.pdf	/mnt/backups/Books/Serials to Clean/Feb 2012/Popular Science (53)/Popular Science - Feb 2012.pdf_repaired.pdf	69844926
/mnt/backups/Games/Roms/handheldbackup/RGBackup/NAOMI/ausfache.zip	/mnt/backups/Games/Roms/handheldbackup/rg34xxsp_backup/Roms/NAOMI/ausfache.zip	69717262
/mnt/backups/Games/Roms/handheldbackup/miyoomini backup/Roms/PS/Chessmaster 3-D, The (USA).chd	/mnt/backups/Games/Roms/Archive/PS1/PS1USA/Chessmaster 3-D, The (USA).chd	69599307
/mnt/backups/Games/brickprobackup/Roms/FBNEO/Flying Vertical/ibarablk.zip	/mnt/backups/Games/brickprobackup/Roms/FBNEO/Flying/ibarablk.zip	68947335
/mnt/backups/Games/Roms/handheldbackup/RGBackup/MDCD/WWF Rage in the Cage (USA).chd	/mnt/backups/Games/Roms/handheldbackup/rg34xxsp_backup/Roms/MDCD/WWF Rage in the Cage (USA).chd	68651657
/mnt/backups/Games/Roms/handheldbackup/miyoomini backup/Roms/PS/Harvest Moon - Back to Nature (USA).chd	/mnt/backups/Games/Roms/Core_Roms/psx/Harvest Moon - Back to Nature.chd	68299800
/mnt/backups/Games/Nexus - The Jupiter Incident/nexus_01_03.dat	/mnt/backups/Games/Nexus - The Jupiter Incident/nexusm_01_03.dat	68047684
/mnt/backups/Games/Nexus - The Jupiter Incident/nexus_03.dat	/mnt/backups/Games/Nexus - The Jupiter Incident/nexusm_00_03.dat	67883340
/mnt/backups/Games/Empire Earth II Gold/movies/EE2_credits.bik	/mnt/backups/Games/Empire Earth III/data/movies/EE2_credits.bik	67335412
/mnt/backups/Games/Roms/Archive/mame/MAME.0.145.Full.Roms.Set.Collection.Including.Extras.and.CHD.Roms.DVD.03.of.65-oNePiEcE/21_94_5.6-5_2.rom	/mnt/backups/Games/Roms/Archive/mame/MAME.0.145.Full.Roms.Set.Collection.Including.Extras.and.CHD.Roms.DVD.03.of.65-oNePiEcE/gamtor21_9x_5.6-5.rom2	67108864
/mnt/backups/Games/Roms/Archive/mame/MAME.0.145.Full.Roms.Set.Collection.Including.Extras.and.CHD.Roms.DVD.03.of.65-oNePiEcE/g1.1.bin	/mnt/backups/Games/Roms/Archive/mame/MAME.0.145.Full.Roms.Set.Collection.Including.Extras.and.CHD.Roms.DVD.04.of.65-oNePiEcE/g6_#1	67108864
/mnt/backups/Games/Roms/Archive/mame/MAME.0.145.Full.Roms.Set.Collection.Including.Extras.and.CHD.Roms.DVD.03.of.65-oNePiEcE/g20-560-2	/mnt/backups/Games/Roms/Archive/mame/MAME.0.145.Full.Roms.Set.Collection.Including.Extras.and.CHD.Roms.DVD.03.of.65-oNePiEcE/g20_94_5.6-5_#2	67108864
/mnt/backups/Games/Roms/Archive/mame/MAME.0.145.Full.Roms.Set.Collection.Including.Extras.and.CHD.Roms.DVD.03.of.65-oNePiEcE/gamt16-9x-5.5-10.rom2	/mnt/backups/Games/Roms/Archive/mame/MAME.0.145.Full.Roms.Set.Collection.Including.Extras.and.CHD.Roms.DVD.03.of.65-oNePiEcE/gamt16-9x-5.5-10x.rom2	67108864
/mnt/backups/Games/Roms/Archive/mame/MAME.0.145.Full.Roms.Set.Collection.Including.Extras.and.CHD.Roms.DVD.03.of.65-oNePiEcE/gamtor2290_#2_5.6-5.rom	/mnt/backups/Games/Roms/Archive/mame/MAME.0.145.Full.Roms.Set.Collection.Including.Extras.and.CHD.Roms.DVD.04.of.65-oNePiEcE/g22_2	67108864
/mnt/backups/Games/Roms/Archive/mame/MAME.0.145.Full.Roms.Set.Collection.Including.Extras.and.CHD.Roms.DVD.04.of.65-oNePiEcE/4_94-5.6-0_2	/mnt/backups/Games/Roms/Archive/mame/MAME.0.145.Full.Roms.Set.Collection.Including.Extras.and.CHD.Roms.DVD.04.of.65-oNePiEcE/g494%v5.6-0_2	67108864
/mnt/backups/Games/Roms/Archive/mame/MAME.0.145.Full.Roms.Set.Collection.Including.Extras.and.CHD.Roms.DVD.04.of.65-oNePiEcE/gaminator494_v5.6-5#2.rom	/mnt/backups/Games/Roms/Archive/mame/MAME.0.145.Full.Roms.Set.Collection.Including.Extras.and.CHD.Roms.DVD.04.of.65-oNePiEcE/gamt4j_read#2.bin	67108864
/mnt/backups/Games/Roms/Archive/RetroArch/NDS.Complete.English.Romset.-C.SlipperyJim/Advance Wars - Days of Ruin (US)(M3) (1964).nds	/mnt/backups/Games/Roms/handheldbackup/miyoomini backup/Roms/NDS/Advance Wars - Days of Ruin.nds	67108864
/mnt/backups/Games/Roms/Archive/RetroArch/NDS.Complete.English.Romset.-C.SlipperyJim/Chibi-Robo! - Park Patrol (US) (1457).nds	/mnt/backups/Games/Roms/handheldbackup/miyoomini backup/Roms/NDS/Chibi-Robo! - Park Patrol.nds	67108864
/mnt/backups/Games/Roms/Archive/RetroArch/NDS.Complete.English.Romset.D-H.SlipperyJim/Dragon Quest Heroes - Rocket Slime (US) (0569).nds	/mnt/backups/Games/Roms/handheldbackup/miyoomini backup/Roms/NDS/Dragon Quest Heroes - Rocket Slime.nds	67108864
/mnt/backups/Games/Roms/Archive/RetroArch/NDS.Complete.English.Romset.D-H.SlipperyJim/Front Mission (US) (1548).nds	/mnt/backups/Games/Roms/handheldbackup/miyoomini backup/Roms/NDS/Front Mission.nds	67108864
/mnt/backups/Games/Roms/Archive/RetroArch/NDS.Complete.English.Romset.M-O.SlipperyJim/Monster Tale (US) (5615).nds	/mnt/backups/Games/Roms/handheldbackup/miyoomini backup/Roms/NDS/Monster Tale.nds	67108864
